account_id,account_name,industry,country,signup_date,referral_source,referral_detail,icp_segment,owner_id,journey_stage,source_system,initial_value_registered,initial_paid_lines,initial_seats_sum,first_paid_date,first_paid_plan,valid_usage_events,valid_usage_count,valid_features_used,valid_errors,last_valid_usage_date,valid_interactions,escalations,median_first_response_min,median_resolution_hours,last_interaction_at,recorded_lifecycle_events,first_recorded_event_date,refunds_recorded,days_to_first_paid,recorded_event_within_90d,observation_end,eligible_90d
A-2e4581,Company_0,EdTech,US,2024-10-16,partner,,,,,source_not_identified,441,1,9,2024-10-20,Pro,4.0,38.0,4.0,6.0,2024-11-29,1.0,0.0,118.0,19.0,2024-12-10,2.0,2024-11-23,0.0,4,,2024-12-31,False
A-43a9e3,Company_1,FinTech,IN,2023-08-17,other,,,,,source_not_identified,418,1,22,2023-09-20,Basic,18.0,178.0,15.0,13.0,2024-12-29,1.0,0.0,41.0,35.0,2024-06-26,0.0,,0.0,34,False,2024-12-31,True
A-0a282f,Company_2,DevTools,US,2024-08-27,organic,,,,,source_not_identified,3781,1,19,2024-08-31,Enterprise,6.0,49.0,4.0,5.0,2024-12-22,1.0,0.0,144.0,18.0,2024-10-26,2.0,2024-10-06,62.66,4,True,2024-12-31,True
A-1f0ac7,Company_3,HealthTech,UK,2023-08-27,other,,,,,source_not_identified,1176,1,24,2023-12-04,Pro,13.0,112.0,12.0,10.0,2024-12-11,1.0,0.0,174.0,14.0,2024-04-12,1.0,2024-11-08,0.0,99,False,2024-12-31,True
A-ce550d,Company_4,HealthTech,US,2024-10-27,event,,,,,source_not_identified,6965,1,35,2024-10-28,Enterprise,6.0,59.0,6.0,6.0,2024-12-23,0.0,0.0,,,,1.0,2024-12-28,0.0,1,,2024-12-31,False
A-1b9609,Company_5,EdTech,IN,2023-10-12,ads,,,,,source_not_identified,588,1,12,2023-12-01,Pro,18.0,189.0,17.0,7.0,2024-11-20,3.0,0.0,74.0,62.0,2024-10-22,3.0,2024-01-02,0.0,50,True,2024-12-31,True
A-a0ca4e,Company_6,Cybersecurity,US,2024-03-08,ads,,,,,source_not_identified,2388,1,12,2024-03-16,Enterprise,11.0,99.0,10.0,7.0,2024-12-17,1.0,0.0,40.0,61.0,2024-12-02,0.0,,0.0,8,False,2024-12-31,True
A-e5d6ab,Company_7,EdTech,US,2023-04-15,partner,,,,,source_not_identified,95,1,5,2023-05-11,Basic,21.0,194.0,16.0,16.0,2024-12-02,3.0,0.0,11.0,50.0,2024-09-17,2.0,2023-04-24,0.0,26,True,2024-12-31,True
A-7dacce,Company_8,Cybersecurity,CA,2024-09-10,event,,,,,source_not_identified,2388,1,12,2024-09-10,Enterprise,6.0,52.0,5.0,4.0,2024-12-29,0.0,0.0,,,,3.0,2024-09-18,0.0,0,True,2024-12-31,True
A-10b8da,Company_9,DevTools,US,2023-05-08,partner,,,,,source_not_identified,3383,1,17,2023-05-12,Enterprise,9.0,81.0,8.0,4.0,2024-10-28,1.0,0.0,32.0,24.0,2023-09-23,0.0,,0.0,4,False,2024-12-31,True
A-592832,Company_10,Cybersecurity,US,2024-09-25,organic,,,,,source_not_identified,8358,1,42,2024-09-26,Enterprise,7.0,77.0,5.0,2.0,2024-12-30,1.0,0.0,51.0,41.0,2024-10-27,1.0,2024-10-04,22.66,1,True,2024-12-31,True
A-d40bf7,Company_11,FinTech,IN,2024-11-08,organic,,,,,source_not_identified,11741,1,59,2024-11-09,Enterprise,2.0,19.0,2.0,0.0,2024-11-15,0.0,0.0,,,,0.0,,0.0,1,,2024-12-31,False
A-6c093d,Company_12,DevTools,US,2023-04-14,partner,,,,,source_not_identified,285,1,15,2023-04-30,Basic,21.0,203.0,16.0,12.0,2024-12-30,2.0,0.0,64.5,31.5,2024-07-11,0.0,,0.0,16,False,2024-12-31,True
A-462d45,Company_13,Cybersecurity,US,2024-01-15,partner,,,,,source_not_identified,1691,1,89,2024-01-16,Basic,19.0,171.0,16.0,6.0,2024-12-16,2.0,0.0,113.0,23.5,2024-12-15,1.0,2024-05-17,0.0,1,False,2024-12-31,True
A-956988,Company_14,EdTech,UK,2024-11-30,ads,,,,,source_not_identified,1791,1,9,2024-12-02,Enterprise,1.0,8.0,1.0,4.0,2024-12-24,0.0,0.0,,,,2.0,2024-12-08,0.0,2,,2024-12-31,False
A-ac14bb,Company_15,FinTech,US,2023-09-08,partner,,,,,source_not_identified,1029,1,21,2023-09-27,Pro,21.0,197.0,18.0,17.0,2024-12-07,2.0,0.0,30.5,24.5,2024-06-12,2.0,2024-08-29,128.79,19,False,2024-12-31,True
A-463db0,Company_16,HealthTech,US,2024-12-05,partner,,,,,source_not_identified,1715,1,35,2024-12-09,Pro,1.0,11.0,1.0,0.0,2024-12-27,1.0,0.0,32.0,49.0,2024-12-24,1.0,2024-12-30,0.0,4,,2024-12-31,False
A-ce66f8,Company_17,EdTech,CA,2023-08-23,event,,,,,source_not_identified,551,1,29,2023-08-24,Basic,12.0,113.0,10.0,5.0,2024-12-31,4.0,0.0,61.0,33.5,2024-12-06,0.0,,0.0,1,False,2024-12-31,True
A-c4ea60,Company_18,FinTech,DE,2023-03-09,other,,,,,source_not_identified,912,1,48,2023-04-11,Basic,12.0,140.0,10.0,6.0,2024-12-11,3.0,0.0,65.0,20.0,2024-05-23,0.0,,0.0,33,False,2024-12-31,True
A-832ec2,Company_19,FinTech,UK,2023-11-19,event,,,,,source_not_identified,3781,1,19,2024-02-02,Enterprise,19.0,199.0,17.0,10.0,2024-12-23,3.0,1.0,87.0,20.0,2024-07-24,2.0,2023-12-19,0.0,75,True,2024-12-31,True
A-684255,Company_20,FinTech,US,2024-04-14,ads,,,,,source_not_identified,608,1,32,2024-04-14,Basic,9.0,96.0,7.0,5.0,2024-11-15,2.0,1.0,50.5,23.0,2024-08-11,2.0,2024-05-04,0.0,0,True,2024-12-31,True
A-c42f1f,Company_21,HealthTech,US,2024-07-28,other,,,,,source_not_identified,539,1,11,2024-07-28,Pro,0.0,0.0,0.0,0.0,,1.0,0.0,37.0,48.0,2024-09-28,0.0,,0.0,0,False,2024-12-31,True
A-4e44e8,Company_22,DevTools,US,2024-08-20,ads,,,,,source_not_identified,1102,2,58,2024-08-23,Basic,5.0,37.0,4.0,0.0,2024-11-24,1.0,0.0,10.0,2.0,2024-09-15,2.0,2024-08-25,35.48,3,True,2024-12-31,True
A-30b4ca,Company_23,EdTech,IN,2024-05-20,organic,,,,,source_not_identified,17114,1,86,2024-05-24,Enterprise,10.0,92.0,8.0,0.0,2024-12-22,1.0,0.0,131.0,64.0,2024-09-02,1.0,2024-09-01,0.0,4,False,2024-12-31,True
A-9f2731,Company_24,FinTech,IN,2024-10-04,event,,,,,source_not_identified,722,1,38,2024-11-02,Basic,3.0,28.0,3.0,0.0,2024-12-19,0.0,0.0,,,,2.0,2024-10-15,136.94,29,,2024-12-31,False
A-32fb14,Company_25,DevTools,US,2023-03-07,event,,,,,source_not_identified,494,1,26,2023-09-12,Basic,13.0,119.0,11.0,10.0,2024-12-25,5.0,0.0,60.0,21.0,2024-09-05,3.0,2023-08-19,0.0,189,False,2024-12-31,True
A-00cac8,Company_26,HealthTech,AU,2023-09-15,organic,,,,,source_not_identified,392,1,8,2023-09-16,Pro,16.0,186.0,13.0,8.0,2024-12-24,1.0,0.0,92.0,1.0,2023-09-15,0.0,,0.0,1,False,2024-12-31,True
A-35083d,Company_27,HealthTech,IN,2023-04-28,partner,,,,,source_not_identified,3781,1,19,2023-08-10,Enterprise,27.0,289.0,22.0,7.0,2024-12-29,4.0,0.0,119.5,53.0,2024-09-27,0.0,,0.0,104,False,2024-12-31,True
A-eb7fac,Company_28,DevTools,US,2023-10-28,organic,,,,,source_not_identified,588,1,12,2023-12-26,Pro,3.0,32.0,3.0,0.0,2024-11-12,2.0,0.0,123.5,54.0,2024-04-23,1.0,2024-07-22,0.0,59,False,2024-12-31,True
A-b20d99,Company_29,HealthTech,IN,2023-09-27,other,,,,,source_not_identified,3980,1,20,2024-01-26,Enterprise,1.0,7.0,1.0,0.0,2024-08-10,0.0,0.0,,,,1.0,2024-03-04,0.0,121,False,2024-12-31,True
A-396e5f,Company_30,Cybersecurity,CA,2024-10-02,other,,,,,source_not_identified,1393,1,7,2024-10-02,Enterprise,7.0,69.0,5.0,5.0,2024-12-25,1.0,1.0,49.0,60.0,2024-12-10,1.0,2024-11-30,0.0,0,True,2024-12-31,True
A-45ce7a,Company_31,FinTech,US,2023-07-23,ads,,,,,source_not_identified,784,1,16,2023-08-18,Pro,12.0,128.0,10.0,10.0,2024-12-24,3.0,0.0,81.0,42.0,2024-12-14,0.0,,0.0,26,False,2024-12-31,True
A-08e34e,Company_32,EdTech,US,2024-06-27,event,,,,,source_not_identified,686,1,14,2024-07-01,Pro,9.0,98.0,7.0,10.0,2024-12-30,1.0,0.0,67.0,68.0,2024-07-15,2.0,2024-07-13,228.75,4,True,2024-12-31,True
A-8145a0,Company_33,Cybersecurity,AU,2023-04-25,partner,,,,,source_not_identified,796,1,4,2023-08-07,Enterprise,34.0,378.0,24.0,11.0,2024-12-26,4.0,0.0,103.0,28.5,2024-10-26,1.0,2023-07-12,0.0,104,True,2024-12-31,True
A-bad8c1,Company_34,FinTech,AU,2023-03-01,organic,,,,,source_not_identified,2646,1,54,2023-06-12,Pro,17.0,189.0,14.0,5.0,2024-12-24,1.0,0.0,49.0,27.0,2024-04-27,1.0,2023-10-04,0.0,103,False,2024-12-31,True
A-44dc83,Company_35,EdTech,FR,2024-05-12,other,,,,,source_not_identified,456,1,24,2024-06-17,Basic,2.0,23.0,2.0,0.0,2024-07-11,1.0,0.0,6.0,24.0,2024-09-15,1.0,2024-11-29,98.48,36,False,2024-12-31,True
A-f446b6,Company_36,DevTools,DE,2023-05-12,ads,,,,,source_not_identified,570,1,30,2023-05-28,Basic,19.0,170.0,18.0,22.0,2024-12-14,8.0,1.0,87.0,30.0,2024-11-25,0.0,,0.0,16,False,2024-12-31,True
A-a45270,Company_37,HealthTech,US,2024-06-24,ads,,,,,source_not_identified,1990,1,10,2024-07-12,Enterprise,5.0,45.0,4.0,4.0,2024-12-25,2.0,0.0,79.0,62.0,2024-12-27,1.0,2024-11-12,0.0,18,False,2024-12-31,True
A-854864,Company_38,FinTech,IN,2024-12-07,event,,,,,source_not_identified,3980,1,20,2024-12-09,Enterprise,0.0,0.0,0.0,0.0,,0.0,0.0,,,,1.0,2024-12-24,8.47,2,,2024-12-31,False
A-1b7577,Company_39,Cybersecurity,US,2024-10-27,other,,,,,source_not_identified,1791,1,9,2024-10-28,Enterprise,2.0,27.0,2.0,0.0,2024-12-11,0.0,0.0,,,,0.0,,0.0,1,,2024-12-31,False
A-05f0e5,Company_40,FinTech,US,2023-05-04,partner,,,,,source_not_identified,6368,1,32,2023-06-11,Enterprise,26.0,294.0,18.0,22.0,2024-12-30,3.0,0.0,91.0,13.0,2024-10-03,2.0,2024-01-14,72.19,38,False,2024-12-31,True
A-9077b0,Company_41,HealthTech,US,2024-08-25,ads,,,,,source_not_identified,38,1,2,2024-08-26,Basic,1.0,13.0,1.0,0.0,2024-11-18,1.0,0.0,180.0,2.0,2024-09-07,0.0,,0.0,1,False,2024-12-31,True
A-7f8241,Company_42,EdTech,US,2023-03-14,organic,,,,,source_not_identified,646,1,34,2023-03-27,Basic,38.0,355.0,24.0,17.0,2024-12-21,1.0,0.0,135.0,36.0,2024-04-19,0.0,,0.0,13,False,2024-12-31,True
A-2bc93d,Company_43,HealthTech,US,2023-03-14,event,,,,,source_not_identified,2786,1,14,2023-07-19,Enterprise,26.0,269.0,18.0,10.0,2024-12-07,2.0,0.0,78.0,12.0,2024-11-23,2.0,2023-08-10,99.1,127,False,2024-12-31,True
A-f3ff05,Company_44,FinTech,IN,2024-07-06,other,,,,,source_not_identified,532,1,28,2024-08-01,Basic,7.0,72.0,6.0,5.0,2024-12-31,0.0,0.0,,,,1.0,2024-10-20,0.0,26,False,2024-12-31,True
A-2d4502,Company_45,FinTech,IN,2024-04-29,event,,,,,source_not_identified,392,1,8,2024-04-30,Pro,4.0,36.0,4.0,2.0,2024-12-07,1.0,0.0,171.0,2.0,2024-05-02,1.0,2024-05-07,0.0,1,True,2024-12-31,True
A-6a4e2d,Company_46,EdTech,UK,2023-04-07,partner,,,,,source_not_identified,1026,1,54,2023-07-09,Basic,32.0,327.0,21.0,19.0,2024-12-21,2.0,1.0,141.0,18.5,2024-09-15,1.0,2024-07-19,0.0,93,False,2024-12-31,True
A-eb7c38,Company_47,DevTools,AU,2024-02-25,organic,,,,,source_not_identified,1938,1,102,2024-04-12,Basic,17.0,158.0,10.0,3.0,2024-12-15,3.0,0.0,83.0,25.0,2024-07-14,1.0,2024-03-22,6.26,47,True,2024-12-31,True
A-c37601,Company_48,EdTech,US,2024-10-31,partner,,,,,source_not_identified,588,1,12,2024-11-01,Pro,1.0,10.0,1.0,0.0,2024-12-07,0.0,0.0,,,,1.0,2024-12-17,0.0,1,,2024-12-31,False
A-3b5cd1,Company_49,FinTech,US,2023-09-12,event,,,,,source_not_identified,1519,1,31,2023-10-07,Pro,22.0,213.0,18.0,13.0,2024-12-21,2.0,0.0,58.0,34.5,2024-12-21,3.0,2024-01-21,113.17,25,False,2024-12-31,True
A-b2225d,Company_50,FinTech,US,2024-03-08,ads,,,,,source_not_identified,9353,1,47,2024-05-13,Enterprise,11.0,123.0,8.0,10.0,2024-12-08,2.0,0.0,38.0,42.0,2024-07-10,3.0,2024-03-31,0.0,66,True,2024-12-31,True
A-94f8c9,Company_51,HealthTech,US,2024-03-29,other,,,,,source_not_identified,637,1,13,2024-04-05,Pro,12.0,99.0,9.0,14.0,2024-12-03,1.0,0.0,29.0,51.0,2024-08-30,1.0,2024-05-02,0.0,7,True,2024-12-31,True
A-02fac6,Company_52,FinTech,US,2023-04-06,event,,,,,source_not_identified,1078,1,22,2023-10-21,Pro,21.0,207.0,18.0,6.0,2024-12-27,5.0,0.0,107.0,28.0,2024-05-18,1.0,2024-08-21,0.0,198,False,2024-12-31,True
A-c1dfe1,Company_53,DevTools,DE,2023-08-07,ads,,,,,source_not_identified,494,1,26,2023-10-26,Basic,16.0,139.0,14.0,12.0,2024-12-23,2.0,0.0,74.0,49.0,2024-07-08,2.0,2023-09-21,0.0,80,True,2024-12-31,True
A-32728c,Company_54,DevTools,US,2023-01-03,event,,,,,source_not_identified,980,1,20,2023-04-04,Pro,19.0,193.0,13.0,7.0,2024-12-14,2.0,0.0,61.5,34.5,2023-03-11,3.0,2023-01-25,7.58,91,True,2024-12-31,True
A-4c38bc,Company_55,HealthTech,UK,2024-03-09,event,,,,,source_not_identified,684,1,36,2024-03-17,Basic,18.0,170.0,16.0,4.0,2024-12-29,1.0,0.0,37.0,66.0,2024-07-27,0.0,,0.0,8,False,2024-12-31,True
A-1b707d,Company_56,Cybersecurity,US,2023-07-14,organic,,,,,source_not_identified,343,1,7,2023-11-14,Pro,11.0,118.0,10.0,6.0,2024-12-13,3.0,0.0,53.0,45.0,2024-10-18,1.0,2023-07-21,0.0,123,True,2024-12-31,True
A-6f8ad2,Company_57,EdTech,IN,2024-07-09,organic,,,,,source_not_identified,6965,1,35,2024-08-11,Enterprise,14.0,126.0,12.0,9.0,2024-12-16,2.0,0.0,5.5,42.5,2024-11-30,0.0,,0.0,33,False,2024-12-31,True
A-4d1e75,Company_58,DevTools,US,2024-08-21,other,,,,,source_not_identified,380,1,20,2024-09-07,Basic,4.0,36.0,4.0,1.0,2024-12-15,0.0,0.0,,,,1.0,2024-09-05,0.0,17,True,2024-12-31,True
A-9ee962,Company_59,HealthTech,US,2023-02-28,ads,,,,,source_not_identified,441,1,9,2023-06-23,Pro,19.0,224.0,16.0,7.0,2024-12-25,3.0,0.0,31.0,39.0,2024-05-26,1.0,2024-10-03,0.0,115,False,2024-12-31,True
A-378b99,Company_60,EdTech,UK,2024-09-01,ads,,,,,source_not_identified,931,1,19,2024-09-10,Pro,8.0,85.0,8.0,1.0,2024-12-31,0.0,0.0,,,,1.0,2024-10-12,0.0,9,True,2024-12-31,True
A-94d3da,Company_61,HealthTech,US,2023-05-03,other,,,,,source_not_identified,2009,1,41,2023-06-03,Pro,13.0,135.0,11.0,6.0,2024-12-19,5.0,0.0,60.0,25.0,2024-12-27,1.0,2024-04-12,0.0,31,False,2024-12-31,True
A-e351e1,Company_62,EdTech,US,2024-09-26,other,,,,,source_not_identified,627,1,33,2024-09-27,Basic,2.0,19.0,2.0,1.0,2024-12-14,2.0,0.0,100.5,3.5,2024-12-29,3.0,2024-10-24,113.84,1,True,2024-12-31,True
A-9badbd,Company_63,Cybersecurity,DE,2024-06-19,ads,,,,,source_not_identified,532,1,28,2024-06-29,Basic,13.0,129.0,10.0,9.0,2024-12-25,2.0,0.0,98.0,25.0,2024-10-12,0.0,,0.0,10,False,2024-12-31,True
A-7e0a10,Company_64,FinTech,US,2023-11-18,ads,,,,,source_not_identified,874,1,46,2023-11-29,Basic,14.0,138.0,12.0,8.0,2024-12-14,3.0,0.0,43.0,46.0,2024-12-18,1.0,2024-09-26,0.0,11,False,2024-12-31,True
A-118d55,Company_65,Cybersecurity,US,2024-10-22,organic,,,,,source_not_identified,1592,1,8,2024-10-26,Enterprise,1.0,7.0,1.0,0.0,2024-12-30,2.0,0.0,77.0,30.5,2024-12-09,2.0,2024-11-25,0.0,4,,2024-12-31,False
A-526d93,Company_66,HealthTech,FR,2024-04-14,organic,,,,,source_not_identified,8557,1,43,2024-04-19,Enterprise,15.0,164.0,11.0,6.0,2024-12-22,2.0,0.0,103.0,58.5,2024-11-13,3.0,2024-07-10,41.17,5,True,2024-12-31,True
A-f92792,Company_67,FinTech,US,2024-07-04,ads,,,,,source_not_identified,1274,1,26,2024-07-07,Pro,6.0,63.0,6.0,6.0,2024-12-27,1.0,0.0,84.0,20.0,2024-11-24,1.0,2024-11-03,0.0,3,False,2024-12-31,True
A-84ebe4,Company_68,FinTech,US,2023-03-12,ads,,,,,source_not_identified,342,1,18,2023-05-10,Basic,20.0,188.0,14.0,10.0,2024-12-16,4.0,0.0,132.5,23.0,2024-12-20,2.0,2024-01-05,0.0,59,False,2024-12-31,True
A-5b4ebb,Company_69,Cybersecurity,UK,2024-07-10,other,,,,,source_not_identified,399,1,21,2024-07-11,Basic,6.0,52.0,6.0,1.0,2024-12-25,1.0,0.0,128.0,17.0,2024-11-07,0.0,,0.0,1,False,2024-12-31,True
A-2922b6,Company_70,HealthTech,US,2024-11-14,organic,,,,,source_not_identified,969,1,51,2024-12-05,Basic,0.0,0.0,0.0,0.0,,0.0,0.0,,,,1.0,2024-12-25,0.0,21,,2024-12-31,False
A-9b9fe9,Company_71,EdTech,AU,2023-09-28,other,,,,,source_not_identified,441,1,9,2023-11-20,Pro,19.0,188.0,13.0,6.0,2024-12-15,3.0,0.0,158.0,33.0,2024-12-21,2.0,2023-12-27,27.92,53,True,2024-12-31,True
A-a8b49c,Company_72,Cybersecurity,UK,2023-10-06,partner,,,,,source_not_identified,133,1,7,2023-10-14,Basic,20.0,206.0,13.0,13.0,2024-12-25,0.0,0.0,,,,1.0,2024-06-17,0.0,8,False,2024-12-31,True
A-9174e0,Company_73,Cybersecurity,US,2024-12-04,partner,,,,,source_not_identified,7363,1,37,2024-12-07,Enterprise,0.0,0.0,0.0,0.0,,0.0,0.0,,,,0.0,,0.0,3,,2024-12-31,False
A-a1bbb6,Company_74,DevTools,CA,2023-04-05,organic,,,,,source_not_identified,1029,1,21,2023-04-17,Pro,21.0,206.0,15.0,16.0,2024-12-30,3.0,0.0,147.0,16.0,2024-01-18,0.0,,0.0,12,False,2024-12-31,True
A-c45b23,Company_75,FinTech,UK,2023-12-08,partner,,,,,source_not_identified,152,1,8,2023-12-29,Basic,20.0,206.0,16.0,5.0,2024-12-23,3.0,0.0,55.0,42.0,2024-11-02,1.0,2024-03-24,0.0,21,False,2024-12-31,True
A-02cd81,Company_76,HealthTech,IN,2024-03-28,other,,,,,source_not_identified,836,1,44,2024-03-28,Basic,19.0,177.0,17.0,10.0,2024-12-26,1.0,1.0,99.0,9.0,2024-07-10,1.0,2024-04-30,0.0,0,True,2024-12-31,True
A-ee42db,Company_77,EdTech,DE,2023-04-25,ads,,,,,source_not_identified,637,1,13,2023-05-01,Pro,32.0,304.0,25.0,19.0,2024-12-26,2.0,0.0,42.5,32.0,2024-02-13,4.0,2023-06-23,23.52,6,True,2024-12-31,True
A-432483,Company_78,Cybersecurity,US,2023-02-06,ads,,,,,source_not_identified,245,1,5,2023-04-02,Pro,23.0,237.0,19.0,13.0,2024-12-12,1.0,0.0,128.0,51.0,2024-09-20,0.0,,0.0,55,False,2024-12-31,True
A-9208f0,Company_79,EdTech,US,2023-05-11,organic,,,,,source_not_identified,2786,1,14,2023-05-15,Enterprise,30.0,305.0,20.0,16.0,2024-12-11,4.0,0.0,41.0,49.5,2024-12-12,4.0,2023-11-18,66.37,4,False,2024-12-31,True
A-98a59a,Company_80,FinTech,UK,2023-08-04,partner,,,,,source_not_identified,2744,1,56,2023-09-02,Pro,14.0,134.0,12.0,7.0,2024-12-31,2.0,0.0,77.0,44.0,2024-12-18,1.0,2024-09-11,0.0,29,False,2024-12-31,True
A-fe79a5,Company_81,HealthTech,IN,2024-02-21,ads,,,,,source_not_identified,1791,1,9,2024-05-22,Enterprise,7.0,69.0,7.0,4.0,2024-11-30,1.0,0.0,63.0,7.0,2024-12-25,0.0,,0.0,91,False,2024-12-31,True
A-726cfa,Company_82,DevTools,US,2023-07-01,partner,,,,,source_not_identified,980,1,20,2023-07-15,Pro,33.0,327.0,25.0,9.0,2024-12-26,3.0,0.0,142.0,37.0,2024-08-05,1.0,2024-08-08,122.11,14,False,2024-12-31,True
A-c43359,Company_83,FinTech,US,2024-11-16,organic,,,,,source_not_identified,1862,1,38,2024-11-18,Pro,3.0,29.0,3.0,2.0,2024-12-29,0.0,0.0,,,,2.0,2024-12-12,8.92,2,,2024-12-31,False
A-271f46,Company_84,DevTools,US,2023-02-09,event,,,,,source_not_identified,722,1,38,2023-03-29,Basic,14.0,143.0,14.0,7.0,2024-12-20,1.0,0.0,79.0,36.0,2023-02-09,2.0,2023-03-04,0.0,48,True,2024-12-31,True
A-157070,Company_85,FinTech,US,2023-11-09,ads,,,,,source_not_identified,323,1,17,2023-12-12,Basic,20.0,207.0,17.0,7.0,2024-12-28,2.0,0.0,101.0,51.0,2024-12-04,2.0,2024-01-06,0.0,33,True,2024-12-31,True
A-40a557,Company_86,Cybersecurity,AU,2023-12-03,partner,,,,,source_not_identified,3184,1,16,2024-01-11,Enterprise,7.0,72.0,7.0,5.0,2024-10-25,5.0,0.0,60.0,42.0,2024-11-24,1.0,2023-12-08,0.0,39,True,2024-12-31,True
A-66224b,Company_87,HealthTech,US,2024-10-18,other,,,,,source_not_identified,18308,1,92,2024-10-20,Enterprise,0.0,0.0,0.0,0.0,,1.0,0.0,4.0,40.0,2024-11-20,0.0,,0.0,2,,2024-12-31,False
A-91e948,Company_88,EdTech,AU,2023-01-29,partner,,,,,source_not_identified,779,1,41,2023-08-14,Basic,14.0,135.0,11.0,3.0,2024-12-26,0.0,0.0,,,,0.0,,0.0,197,False,2024-12-31,True
A-104f1a,Company_89,Cybersecurity,US,2024-08-17,other,,,,,source_not_identified,6027,1,123,2024-09-02,Pro,5.0,42.0,5.0,1.0,2024-12-15,1.0,0.0,37.0,12.0,2024-12-30,3.0,2024-09-06,0.0,16,True,2024-12-31,True
A-7988d1,Company_90,Cybersecurity,US,2023-12-20,other,,,,,source_not_identified,627,1,33,2024-04-29,Basic,18.0,157.0,16.0,13.0,2024-12-23,2.0,0.0,67.5,27.0,2024-11-26,3.0,2024-01-06,16.89,131,True,2024-12-31,True
A-faa28c,Company_91,HealthTech,US,2024-01-30,organic,,,,,source_not_identified,9552,1,48,2024-02-05,Enterprise,14.0,140.0,12.0,10.0,2024-12-28,2.0,1.0,150.5,47.5,2024-10-30,2.0,2024-05-24,0.0,6,False,2024-12-31,True
A-f25509,Company_92,EdTech,US,2024-03-22,other,,,,,source_not_identified,6368,1,32,2024-05-28,Enterprise,4.0,48.0,4.0,4.0,2024-12-28,3.0,0.0,147.0,21.0,2024-05-30,3.0,2024-05-17,0.0,67,True,2024-12-31,True
A-3a7284,Company_93,FinTech,US,2024-11-17,organic,,,,,source_not_identified,7556,2,104,2024-11-28,mixed_same_day,1.0,5.0,1.0,0.0,2024-12-09,0.0,0.0,,,,1.0,2024-12-26,0.0,11,,2024-12-31,False
A-3a5ad8,Company_94,HealthTech,US,2023-12-05,organic,,,,,source_not_identified,171,1,9,2024-01-01,Basic,15.0,149.0,12.0,14.0,2024-12-15,2.0,0.0,19.0,39.5,2024-12-26,0.0,,0.0,27,False,2024-12-31,True
A-65a46c,Company_95,HealthTech,US,2023-11-04,event,,,,,source_not_identified,15522,1,78,2024-03-05,Enterprise,15.0,164.0,11.0,5.0,2024-12-26,5.0,0.0,103.0,44.0,2024-12-23,0.0,,0.0,122,False,2024-12-31,True
A-8b25f2,Company_96,Cybersecurity,US,2024-02-17,ads,,,,,source_not_identified,294,1,6,2024-03-23,Pro,7.0,74.0,4.0,0.0,2024-12-27,0.0,0.0,,,,0.0,,0.0,35,False,2024-12-31,True
A-fabe19,Company_97,DevTools,UK,2024-11-11,ads,,,,,source_not_identified,6169,1,31,2024-11-23,Enterprise,1.0,9.0,1.0,0.0,2024-12-25,0.0,0.0,,,,0.0,,0.0,12,,2024-12-31,False
A-adc1f3,Company_98,Cybersecurity,US,2024-08-05,organic,,,,,source_not_identified,1194,1,6,2024-08-10,Enterprise,3.0,30.0,3.0,0.0,2024-12-02,0.0,0.0,,,,0.0,,0.0,5,False,2024-12-31,True
A-503d5a,Company_99,FinTech,US,2023-10-21,other,,,,,source_not_identified,931,1,49,2023-10-21,Basic,24.0,265.0,20.0,12.0,2024-12-15,6.0,0.0,55.5,60.5,2024-11-20,0.0,,0.0,0,False,2024-12-31,True
A-fd7ad3,Company_100,Cybersecurity,US,2024-11-01,event,,,,,source_not_identified,57,1,3,2024-11-02,Basic,1.0,10.0,1.0,0.0,2024-11-20,0.0,0.0,,,,4.0,2024-11-12,70.03,1,,2024-12-31,False
A-186a44,Company_101,HealthTech,US,2023-08-07,ads,,,,,source_not_identified,380,1,20,2023-08-23,Basic,14.0,128.0,14.0,5.0,2024-11-27,5.0,0.0,103.0,24.0,2024-12-30,0.0,,0.0,16,False,2024-12-31,True
A-e888d1,Company_102,Cybersecurity,US,2023-03-28,other,,,,,source_not_identified,1026,1,54,2023-05-11,Basic,16.0,157.0,15.0,11.0,2024-12-19,5.0,1.0,95.0,46.0,2024-09-24,3.0,2023-06-06,6.38,44,True,2024-12-31,True
A-69fad4,Company_103,FinTech,UK,2023-04-06,ads,,,,,source_not_identified,285,1,15,2023-07-24,Basic,13.0,138.0,11.0,11.0,2024-12-15,4.0,0.0,139.0,50.0,2024-09-13,1.0,2024-06-17,0.0,109,False,2024-12-31,True
A-9289f6,Company_104,EdTech,US,2023-05-31,event,,,,,source_not_identified,228,1,12,2023-07-04,Basic,14.0,114.0,12.0,13.0,2024-11-20,6.0,0.0,57.5,42.5,2024-12-16,1.0,2023-08-24,17.93,34,True,2024-12-31,True
A-f19409,Company_105,DevTools,US,2023-03-16,other,,,,,source_not_identified,2156,1,44,2023-04-22,Pro,23.0,244.0,18.0,14.0,2024-12-27,2.0,0.0,67.5,7.0,2024-11-12,2.0,2023-03-26,0.0,37,True,2024-12-31,True
A-22f2df,Company_106,DevTools,US,2024-12-14,ads,,,,,source_not_identified,57,1,3,2024-12-16,Basic,0.0,0.0,0.0,0.0,,0.0,0.0,,,,0.0,,0.0,2,,2024-12-31,False
A-039727,Company_107,EdTech,AU,2024-11-02,organic,,,,,source_not_identified,4975,1,25,2024-11-07,Enterprise,3.0,26.0,3.0,1.0,2024-12-22,0.0,0.0,,,,1.0,2024-12-22,46.49,5,,2024-12-31,False
A-2e3bad,Company_108,FinTech,CA,2023-08-13,other,,,,,source_not_identified,12139,1,61,2023-08-19,Enterprise,10.0,92.0,8.0,11.0,2024-11-08,3.0,0.0,110.0,18.0,2024-09-20,1.0,2024-03-30,0.0,6,False,2024-12-31,True
A-484819,Company_109,HealthTech,US,2023-02-21,organic,,,,,source_not_identified,3582,1,18,2023-02-23,Enterprise,9.0,86.0,9.0,4.0,2024-12-21,4.0,0.0,158.5,37.5,2024-08-15,2.0,2023-06-29,0.0,2,False,2024-12-31,True
A-425e76,Company_110,DevTools,UK,2023-05-17,other,,,,,source_not_identified,1592,1,8,2023-06-21,Enterprise,22.0,205.0,18.0,5.0,2024-12-21,4.0,0.0,110.0,65.0,2024-05-07,4.0,2023-08-10,0.0,35,True,2024-12-31,True
A-e83938,Company_111,DevTools,UK,2023-11-21,other,,,,,source_not_identified,3184,1,16,2024-02-08,Enterprise,3.0,22.0,3.0,1.0,2024-12-15,3.0,0.0,52.0,8.0,2024-12-01,3.0,2024-02-19,13.5,79,True,2024-12-31,True
A-ad296b,Company_112,DevTools,AU,2024-07-15,event,,,,,source_not_identified,722,1,38,2024-07-25,Basic,7.0,66.0,7.0,3.0,2024-12-14,1.0,0.0,81.0,38.0,2024-09-09,0.0,,0.0,10,False,2024-12-31,True
A-e51ec7,Company_113,FinTech,CA,2023-09-23,partner,,,,,source_not_identified,4975,1,25,2023-11-27,Enterprise,9.0,91.0,7.0,5.0,2024-12-05,1.0,0.0,87.0,45.0,2024-10-05,3.0,2024-01-15,0.0,65,False,2024-12-31,True
A-0aaf6e,Company_114,FinTech,US,2024-05-11,organic,,,,,source_not_identified,1813,1,37,2024-06-16,Pro,6.0,63.0,5.0,5.0,2024-12-21,2.0,0.0,99.0,56.5,2024-10-13,0.0,,0.0,36,False,2024-12-31,True
A-e61e98,Company_115,FinTech,US,2023-10-20,partner,,,,,source_not_identified,931,1,19,2023-11-05,Pro,24.0,212.0,19.0,12.0,2024-12-27,2.0,0.0,92.5,14.5,2024-11-23,1.0,2024-10-19,0.0,16,False,2024-12-31,True
A-92a333,Company_116,FinTech,US,2023-03-24,event,,,,,source_not_identified,171,1,9,2023-08-04,Basic,18.0,185.0,15.0,19.0,2024-12-20,4.0,1.0,59.5,22.5,2024-06-05,0.0,,0.0,133,False,2024-12-31,True
A-95b24a,Company_117,FinTech,US,2023-06-06,event,,,,,source_not_identified,2303,1,47,2023-07-14,Pro,24.0,244.0,19.0,10.0,2024-12-31,5.0,0.0,82.0,9.0,2024-03-14,0.0,,0.0,38,False,2024-12-31,True
A-42e5e1,Company_118,DevTools,US,2024-07-09,ads,,,,,source_not_identified,49,1,1,2024-07-21,Pro,6.0,55.0,5.0,6.0,2024-12-26,0.0,0.0,,,,1.0,2024-10-04,0.0,12,True,2024-12-31,True
A-7d514c,Company_119,HealthTech,DE,2024-02-03,organic,,,,,source_not_identified,323,1,17,2024-03-20,Basic,8.0,92.0,8.0,10.0,2024-11-10,3.0,0.0,39.0,43.0,2024-12-07,0.0,,0.0,46,False,2024-12-31,True
A-65aeb5,Company_120,DevTools,US,2024-01-25,partner,,,,,source_not_identified,171,1,9,2024-02-02,Basic,12.0,130.0,9.0,11.0,2024-12-11,0.0,0.0,,,,2.0,2024-02-27,0.0,8,True,2024-12-31,True
A-e2cd1b,Company_121,DevTools,US,2024-02-04,other,,,,,source_not_identified,836,1,44,2024-02-22,Basic,13.0,124.0,12.0,4.0,2024-12-25,1.0,0.0,72.0,27.0,2024-07-03,0.0,,0.0,18,False,2024-12-31,True
A-180abf,Company_122,DevTools,US,2023-08-14,event,,,,,source_not_identified,12736,1,64,2023-09-16,Enterprise,10.0,101.0,9.0,4.0,2024-12-17,3.0,0.0,44.0,34.0,2024-07-30,5.0,2023-12-04,0.0,33,False,2024-12-31,True
A-f17767,Company_123,DevTools,US,2023-01-30,event,,,,,source_not_identified,686,1,14,2023-02-15,Pro,33.0,333.0,23.0,11.0,2024-12-25,3.0,1.0,125.0,39.0,2024-01-28,1.0,2023-05-03,0.0,16,False,2024-12-31,True
A-5a184f,Company_124,DevTools,DE,2023-06-19,other,,,,,source_not_identified,1406,1,74,2023-09-03,Basic,30.0,305.0,20.0,20.0,2024-12-10,3.0,0.0,38.0,5.0,2024-04-13,3.0,2023-07-23,0.0,76,True,2024-12-31,True
A-7df7a7,Company_125,DevTools,US,2023-01-28,organic,,,,,source_not_identified,343,1,7,2023-02-05,Pro,42.0,432.0,26.0,18.0,2024-12-19,3.0,1.0,132.0,26.0,2024-03-19,1.0,2024-07-10,0.0,8,False,2024-12-31,True
A-1ac5e0,Company_126,DevTools,US,2024-10-20,event,,,,,source_not_identified,627,1,33,2024-10-24,Basic,1.0,7.0,1.0,2.0,2024-12-11,0.0,0.0,,,,0.0,,0.0,4,,2024-12-31,False
A-52dd88,Company_127,Cybersecurity,US,2023-02-21,ads,,,,,source_not_identified,1274,1,26,2023-03-26,Pro,21.0,207.0,17.0,15.0,2024-11-22,1.0,0.0,111.0,72.0,2023-12-14,0.0,,0.0,33,False,2024-12-31,True
A-bece89,Company_128,Cybersecurity,IN,2023-12-01,event,,,,,source_not_identified,5174,1,26,2024-01-18,Enterprise,9.0,81.0,9.0,9.0,2024-12-28,3.0,1.0,133.0,35.0,2024-05-28,2.0,2023-12-16,109.75999999999999,48,True,2024-12-31,True
A-029f69,Company_129,Cybersecurity,CA,2024-03-07,event,,,,,source_not_identified,1274,1,26,2024-05-09,Pro,7.0,76.0,7.0,8.0,2024-12-31,1.0,0.0,131.0,35.0,2024-04-18,3.0,2024-06-17,32.73,63,False,2024-12-31,True
A-5c046d,Company_130,EdTech,FR,2024-07-06,partner,,,,,source_not_identified,4557,1,93,2024-07-23,Pro,3.0,29.0,3.0,0.0,2024-12-15,0.0,0.0,,,,0.0,,0.0,17,False,2024-12-31,True
A-fb186e,Company_131,EdTech,IN,2024-10-27,organic,,,,,source_not_identified,5771,1,29,2024-12-22,Enterprise,0.0,0.0,0.0,0.0,,0.0,0.0,,,,0.0,,0.0,56,,2024-12-31,False
A-ae052e,Company_132,FinTech,CA,2023-09-11,other,,,,,source_not_identified,1911,1,39,2024-03-31,Pro,2.0,21.0,2.0,3.0,2024-11-22,2.0,0.0,27.0,32.5,2024-01-02,4.0,2023-10-07,0.0,202,True,2024-12-31,True
A-9f9299,Company_133,FinTech,US,2023-09-02,organic,,,,,source_not_identified,5572,1,28,2023-11-24,Enterprise,31.0,277.0,23.0,21.0,2024-12-26,4.0,0.0,116.5,20.0,2024-12-28,2.0,2024-03-24,0.0,83,False,2024-12-31,True
A-96e141,Company_134,DevTools,UK,2023-08-12,partner,,,,,source_not_identified,1568,1,32,2023-12-05,Pro,12.0,104.0,11.0,4.0,2024-12-17,4.0,0.0,50.0,34.5,2024-04-15,2.0,2024-07-22,43.53,115,False,2024-12-31,True
A-117171,Company_135,HealthTech,FR,2024-09-12,organic,,,,,source_not_identified,8955,1,45,2024-10-02,Enterprise,2.0,15.0,2.0,0.0,2024-12-11,1.0,0.0,95.0,49.0,2024-12-12,3.0,2024-10-13,102.86,20,True,2024-12-31,True
A-313be3,Company_136,EdTech,US,2023-11-15,partner,,,,,source_not_identified,2303,1,47,2023-12-11,Pro,10.0,93.0,9.0,7.0,2024-12-19,1.0,1.0,141.0,39.0,2024-11-09,2.0,2023-12-09,43.03,26,True,2024-12-31,True
A-671f31,Company_137,DevTools,US,2024-11-24,ads,,,,,source_not_identified,4012,2,118,2024-11-27,mixed_same_day,1.0,7.0,1.0,0.0,2024-12-25,0.0,0.0,,,,0.0,,0.0,3,,2024-12-31,False
A-bbc346,Company_138,FinTech,US,2024-08-29,partner,,,,,source_not_identified,4761,2,39,2024-08-31,mixed_same_day,5.0,48.0,4.0,0.0,2024-12-16,1.0,0.0,156.0,51.0,2024-09-05,2.0,2024-10-31,15.46,2,True,2024-12-31,True
A-c16101,Company_139,EdTech,IN,2024-09-06,other,,,,,source_not_identified,343,1,7,2024-09-06,Pro,7.0,75.0,6.0,3.0,2024-12-09,1.0,1.0,70.0,34.0,2024-12-08,2.0,2024-11-13,0.0,0,True,2024-12-31,True
A-50f3f7,Company_140,HealthTech,US,2023-12-22,partner,,,,,source_not_identified,8955,1,45,2024-01-05,Enterprise,20.0,178.0,17.0,11.0,2024-12-28,1.0,0.0,165.0,26.0,2024-09-01,0.0,,0.0,14,False,2024-12-31,True
A-7da956,Company_141,Cybersecurity,US,2024-06-02,event,,,,,source_not_identified,637,1,13,2024-07-20,Pro,15.0,147.0,14.0,7.0,2024-12-22,1.0,0.0,97.0,21.0,2024-07-12,0.0,,0.0,48,False,2024-12-31,True
A-019782,Company_142,DevTools,FR,2023-04-19,event,,,,,source_not_identified,833,1,17,2023-06-08,Pro,24.0,256.0,17.0,14.0,2024-12-20,2.0,0.0,107.0,10.0,2024-12-01,0.0,,0.0,50,False,2024-12-31,True
A-df10db,Company_143,DevTools,US,2023-06-06,other,,,,,source_not_identified,266,1,14,2023-08-25,Basic,26.0,291.0,20.0,19.0,2024-12-24,2.0,1.0,86.5,68.5,2024-09-11,2.0,2024-05-19,0.0,80,False,2024-12-31,True
A-3932db,Company_144,HealthTech,CA,2023-10-04,other,,,,,source_not_identified,437,1,23,2023-12-10,Basic,10.0,106.0,10.0,8.0,2024-12-21,3.0,0.0,74.0,34.0,2024-09-22,0.0,,0.0,67,False,2024-12-31,True
A-4f18f0,Company_145,DevTools,CA,2024-04-21,other,,,,,source_not_identified,1176,1,24,2024-04-28,Pro,8.0,81.0,8.0,3.0,2024-12-10,2.0,0.0,54.5,52.5,2024-08-04,2.0,2024-05-27,0.0,7,True,2024-12-31,True
A-4c6f11,Company_146,FinTech,CA,2023-11-27,organic,,,,,source_not_identified,4776,1,24,2024-03-30,Enterprise,8.0,102.0,8.0,1.0,2024-12-23,2.0,0.0,93.5,37.0,2023-12-06,2.0,2024-06-29,0.0,124,False,2024-12-31,True
A-8ae05d,Company_147,FinTech,IN,2024-04-06,other,,,,,source_not_identified,1634,1,86,2024-06-01,Basic,2.0,25.0,2.0,2.0,2024-12-24,0.0,0.0,,,,1.0,2024-08-30,0.0,56,False,2024-12-31,True
A-b78bf8,Company_148,DevTools,US,2024-11-15,event,,,,,source_not_identified,7194,2,66,2024-11-17,mixed_same_day,1.0,16.0,1.0,0.0,2024-12-06,2.0,0.0,127.5,27.5,2024-12-17,1.0,2024-12-06,0.0,2,,2024-12-31,False
A-eafc6e,Company_149,DevTools,US,2023-07-06,partner,,,,,source_not_identified,1323,1,27,2023-08-08,Pro,9.0,91.0,9.0,5.0,2024-11-30,1.0,0.0,136.0,64.0,2023-07-14,2.0,2023-07-31,0.0,33,True,2024-12-31,True
A-37f969,Company_150,HealthTech,IN,2023-10-14,partner,,,,,source_not_identified,1470,1,30,2023-10-24,Pro,8.0,92.0,8.0,1.0,2024-12-25,3.0,1.0,154.0,11.0,2024-04-12,4.0,2024-02-12,146.86,10,False,2024-12-31,True
A-10b8f2,Company_151,HealthTech,DE,2023-01-11,organic,,,,,source_not_identified,893,1,47,2023-04-19,Basic,27.0,262.0,21.0,7.0,2024-12-26,3.0,0.0,59.0,59.0,2024-01-31,1.0,2024-06-04,0.0,98,False,2024-12-31,True
A-439b2f,Company_152,DevTools,US,2024-02-21,ads,,,,,source_not_identified,133,1,7,2024-03-09,Basic,3.0,30.0,3.0,0.0,2024-12-29,1.0,0.0,123.0,20.0,2024-12-12,2.0,2024-08-02,17.06,17,False,2024-12-31,True
A-544d0a,Company_153,DevTools,US,2024-05-02,organic,,,,,source_not_identified,2107,1,43,2024-05-24,Pro,8.0,88.0,8.0,7.0,2024-12-18,0.0,0.0,,,,0.0,,0.0,22,False,2024-12-31,True
A-ba6516,Company_154,FinTech,US,2023-10-29,ads,,,,,source_not_identified,5373,1,27,2024-01-10,Enterprise,13.0,148.0,11.0,7.0,2024-12-19,4.0,0.0,64.5,19.5,2024-12-25,1.0,2024-03-17,0.0,73,False,2024-12-31,True
A-712426,Company_155,HealthTech,US,2024-11-10,other,,,,,source_not_identified,857,2,23,2024-11-17,mixed_same_day,1.0,12.0,1.0,0.0,2024-12-27,1.0,0.0,43.0,32.0,2024-12-10,3.0,2024-11-21,0.0,7,,2024-12-31,False
A-038089,Company_156,DevTools,FR,2023-12-19,other,,,,,source_not_identified,245,1,5,2024-06-27,Pro,3.0,27.0,3.0,0.0,2024-11-28,3.0,0.0,102.0,39.0,2024-05-25,2.0,2024-10-21,19.34,191,False,2024-12-31,True
A-afa505,Company_157,DevTools,US,2023-12-27,partner,,,,,source_not_identified,3430,1,70,2024-01-08,Pro,18.0,182.0,17.0,3.0,2024-12-30,2.0,1.0,89.5,38.0,2024-09-25,1.0,2024-03-02,0.0,12,True,2024-12-31,True
A-d5a319,Company_158,FinTech,US,2023-05-04,other,,,,,source_not_identified,735,1,15,2023-09-25,Pro,21.0,211.0,17.0,19.0,2024-12-20,1.0,1.0,132.0,17.0,2024-09-17,0.0,,0.0,144,False,2024-12-31,True
A-f97b9a,Company_159,FinTech,US,2023-07-09,event,,,,,source_not_identified,3781,1,19,2023-12-26,Enterprise,22.0,211.0,19.0,11.0,2024-12-29,3.0,0.0,58.0,27.0,2024-11-14,0.0,,0.0,170,False,2024-12-31,True
A-2f6a32,Company_160,HealthTech,US,2024-08-26,organic,,,,,source_not_identified,361,1,19,2024-09-25,Basic,5.0,48.0,5.0,3.0,2024-12-27,0.0,0.0,,,,0.0,,0.0,30,False,2024-12-31,True
A-856b1e,Company_161,FinTech,US,2023-10-31,partner,,,,,source_not_identified,931,1,19,2023-11-02,Pro,11.0,109.0,8.0,7.0,2024-12-07,3.0,1.0,123.0,38.0,2024-09-15,0.0,,0.0,2,False,2024-12-31,True
A-17939a,Company_162,HealthTech,US,2024-12-26,organic,,,,,source_not_identified,2587,1,13,2024-12-26,Enterprise,0.0,0.0,0.0,0.0,,0.0,0.0,,,,0.0,,0.0,0,,2024-12-31,False
A-d27f50,Company_163,Cybersecurity,UK,2024-07-20,ads,,,,,source_not_identified,8756,1,44,2024-07-22,Enterprise,3.0,17.0,3.0,0.0,2024-12-19,0.0,0.0,,,,0.0,,0.0,2,False,2024-12-31,True
A-e36807,Company_164,EdTech,AU,2024-05-17,other,,,,,source_not_identified,1539,1,81,2024-06-01,Basic,9.0,75.0,9.0,3.0,2024-12-29,2.0,0.0,152.0,41.0,2024-09-20,0.0,,0.0,15,False,2024-12-31,True
A-ff79f2,Company_165,DevTools,US,2024-04-25,ads,,,,,source_not_identified,228,1,12,2024-05-29,Basic,6.0,52.0,4.0,1.0,2024-11-22,1.0,0.0,136.0,63.0,2024-09-04,0.0,,0.0,34,False,2024-12-31,True
A-5b1bcd,Company_166,DevTools,US,2023-09-16,organic,,,,,source_not_identified,1387,1,73,2023-09-23,Basic,31.0,304.0,21.0,19.0,2024-12-31,4.0,0.0,106.5,50.5,2024-12-17,1.0,2024-08-07,4.45,7,False,2024-12-31,True
A-71615e,Company_167,EdTech,US,2024-05-18,organic,,,,,source_not_identified,2985,1,15,2024-06-27,Enterprise,12.0,127.0,10.0,9.0,2024-12-22,0.0,0.0,,,,1.0,2024-07-16,0.0,40,True,2024-12-31,True
A-794a0b,Company_168,HealthTech,DE,2023-06-02,organic,,,,,source_not_identified,437,1,23,2023-12-18,Basic,19.0,180.0,15.0,6.0,2024-12-20,0.0,0.0,,,,1.0,2024-09-09,0.0,199,False,2024-12-31,True
A-86902e,Company_169,HealthTech,IN,2023-05-02,other,,,,,source_not_identified,646,1,34,2023-11-24,Basic,27.0,276.0,20.0,13.0,2024-12-10,7.0,0.0,63.0,34.0,2024-06-03,1.0,2024-12-07,0.0,206,False,2024-12-31,True
A-0532a9,Company_170,FinTech,IN,2024-09-25,event,,,,,source_not_identified,361,1,19,2024-09-26,Basic,6.0,68.0,4.0,3.0,2024-12-25,1.0,0.0,6.0,27.0,2024-11-24,1.0,2024-10-09,2.4,1,True,2024-12-31,True
A-9779ad,Company_171,Cybersecurity,AU,2024-03-29,event,,,,,source_not_identified,7960,1,40,2024-04-07,Enterprise,7.0,83.0,7.0,5.0,2024-12-20,2.0,0.0,126.5,26.5,2024-10-28,3.0,2024-04-17,0.0,9,True,2024-12-31,True
A-f45426,Company_172,HealthTech,US,2024-08-05,organic,,,,,source_not_identified,380,1,20,2024-08-09,Basic,6.0,63.0,6.0,6.0,2024-12-26,1.0,0.0,38.0,38.0,2024-08-24,2.0,2024-08-05,47.17,4,True,2024-12-31,True
A-c1e51e,Company_173,FinTech,US,2024-10-02,organic,,,,,source_not_identified,133,1,7,2024-10-20,Basic,3.0,23.0,3.0,0.0,2024-12-25,1.0,0.0,59.0,64.0,2024-10-29,2.0,2024-11-09,0.0,18,True,2024-12-31,True
A-fa3095,Company_174,FinTech,US,2023-09-03,ads,,,,,source_not_identified,13930,1,70,2023-12-06,Enterprise,13.0,131.0,9.0,8.0,2024-12-15,4.0,0.0,81.0,51.0,2024-11-06,1.0,2023-12-23,0.0,94,False,2024-12-31,True
A-ad64c6,Company_175,DevTools,UK,2024-02-23,event,,,,,source_not_identified,2388,1,12,2024-03-07,Enterprise,4.0,48.0,3.0,0.0,2024-11-11,4.0,0.0,109.5,32.0,2024-11-04,2.0,2024-07-03,19.08,13,False,2024-12-31,True
A-39b19f,Company_176,FinTech,US,2023-02-03,partner,,,,,source_not_identified,784,1,16,2023-02-23,Pro,24.0,231.0,22.0,7.0,2024-10-14,6.0,1.0,82.5,51.0,2024-10-04,1.0,2023-03-11,0.0,20,True,2024-12-31,True
A-56962b,Company_177,EdTech,UK,2024-04-09,partner,,,,,source_not_identified,3097,1,163,2024-08-28,Basic,5.0,53.0,4.0,6.0,2024-11-20,0.0,0.0,,,,2.0,2024-07-27,45.83,141,False,2024-12-31,True
A-e60f9d,Company_178,FinTech,US,2024-08-26,other,,,,,source_not_identified,1421,1,29,2024-09-17,Pro,2.0,19.0,2.0,0.0,2024-10-28,0.0,0.0,,,,0.0,,0.0,22,False,2024-12-31,True
A-88c6ca,Company_179,FinTech,DE,2024-10-25,ads,,,,,source_not_identified,995,1,5,2024-11-01,Enterprise,3.0,24.0,3.0,2.0,2024-12-27,0.0,0.0,,,,0.0,,0.0,7,,2024-12-31,False
A-158f4e,Company_180,FinTech,IN,2023-03-03,other,,,,,source_not_identified,1159,1,61,2023-06-02,Basic,17.0,161.0,13.0,11.0,2024-11-22,4.0,0.0,111.5,18.5,2024-08-05,2.0,2023-03-05,0.0,91,True,2024-12-31,True
A-5b051a,Company_181,Cybersecurity,US,2024-08-05,event,,,,,source_not_identified,418,1,22,2024-09-18,Basic,2.0,20.0,2.0,5.0,2024-12-07,0.0,0.0,,,,0.0,,0.0,44,False,2024-12-31,True
A-296d7c,Company_182,DevTools,DE,2023-11-08,other,,,,,source_not_identified,114,1,6,2024-01-30,Basic,9.0,106.0,9.0,3.0,2024-11-26,3.0,0.0,68.0,28.0,2024-07-24,1.0,2024-11-04,0.0,83,False,2024-12-31,True
A-1619f8,Company_183,DevTools,US,2024-05-20,organic,,,,,source_not_identified,10945,1,55,2024-06-09,Enterprise,6.0,57.0,6.0,2.0,2024-12-07,1.0,0.0,152.0,47.0,2024-11-11,3.0,2024-06-03,0.0,20,True,2024-12-31,True
A-a1b80b,Company_184,HealthTech,US,2023-11-27,organic,,,,,source_not_identified,10348,1,52,2024-03-11,Enterprise,19.0,221.0,15.0,15.0,2024-12-26,2.0,0.0,82.5,35.0,2024-07-25,1.0,2024-07-11,12.99,105,False,2024-12-31,True
A-139c3b,Company_185,HealthTech,US,2024-11-21,organic,,,,,source_not_identified,833,1,17,2024-11-26,Pro,3.0,28.0,3.0,2.0,2024-12-29,2.0,0.0,110.0,34.0,2024-12-18,0.0,,0.0,5,,2024-12-31,False
A-702032,Company_186,HealthTech,US,2023-10-03,ads,,,,,source_not_identified,5572,1,28,2024-04-24,Enterprise,3.0,33.0,3.0,1.0,2024-12-02,2.0,0.0,158.0,8.0,2024-07-23,2.0,2024-04-18,10.5,204,False,2024-12-31,True
A-7a0d69,Company_187,DevTools,DE,2024-06-15,ads,,,,,source_not_identified,735,1,15,2024-08-20,Pro,13.0,137.0,11.0,6.0,2024-12-23,1.0,0.0,83.0,36.0,2024-07-04,3.0,2024-07-09,28.95,66,True,2024-12-31,True
A-22d9d2,Company_188,DevTools,FR,2024-03-22,event,,,,,source_not_identified,152,1,8,2024-03-27,Basic,18.0,186.0,14.0,15.0,2024-12-20,3.0,1.0,131.0,14.0,2024-10-15,1.0,2024-10-17,0.0,5,False,2024-12-31,True
A-b9eed8,Company_189,Cybersecurity,US,2024-02-23,organic,,,,,source_not_identified,2985,1,15,2024-03-16,Enterprise,10.0,106.0,9.0,9.0,2024-12-30,1.0,0.0,162.0,23.0,2024-09-29,1.0,2024-04-23,0.0,22,True,2024-12-31,True
A-dfbd31,Company_190,DevTools,UK,2023-12-04,partner,,,,,source_not_identified,2786,1,14,2024-02-15,Enterprise,13.0,135.0,9.0,6.0,2024-12-14,3.0,0.0,158.0,18.0,2024-10-25,2.0,2024-01-01,0.0,73,True,2024-12-31,True
A-8e47ca,Company_191,HealthTech,US,2024-02-15,organic,,,,,source_not_identified,931,1,19,2024-02-27,Pro,15.0,145.0,13.0,6.0,2024-12-04,1.0,0.0,21.0,10.0,2024-02-18,3.0,2024-06-01,0.0,12,False,2024-12-31,True
A-4437e4,Company_192,Cybersecurity,US,2023-09-16,event,,,,,source_not_identified,323,1,17,2023-11-17,Basic,18.0,165.0,15.0,13.0,2024-12-10,4.0,1.0,151.0,27.5,2024-11-16,1.0,2024-06-21,0.0,62,False,2024-12-31,True
A-779e4e,Company_193,HealthTech,US,2023-01-02,organic,,,,,source_not_identified,171,1,9,2023-01-09,Basic,22.0,175.0,15.0,10.0,2024-12-20,5.0,0.0,86.0,23.0,2024-11-03,0.0,,0.0,7,False,2024-12-31,True
A-53f4e3,Company_194,Cybersecurity,UK,2024-06-14,event,,,,,source_not_identified,931,1,19,2024-06-17,Pro,4.0,34.0,4.0,4.0,2024-12-20,1.0,0.0,98.0,39.0,2024-09-24,1.0,2024-12-06,0.0,3,False,2024-12-31,True
A-692f18,Company_195,EdTech,US,2024-03-28,other,,,,,source_not_identified,5771,1,29,2024-03-29,Enterprise,17.0,150.0,14.0,11.0,2024-12-23,2.0,0.0,120.0,37.5,2024-11-11,1.0,2024-12-23,0.0,1,False,2024-12-31,True
A-13466a,Company_196,DevTools,AU,2023-10-22,event,,,,,source_not_identified,38,1,2,2023-11-18,Basic,5.0,51.0,5.0,1.0,2024-12-19,2.0,1.0,103.0,38.0,2024-11-04,2.0,2023-11-18,6.51,27,True,2024-12-31,True
A-1986ca,Company_197,HealthTech,IN,2023-01-30,ads,,,,,source_not_identified,3980,1,20,2023-07-06,Enterprise,13.0,121.0,10.0,4.0,2024-11-23,7.0,0.0,107.0,41.0,2024-09-07,0.0,,0.0,157,False,2024-12-31,True
A-0cc442,Company_198,EdTech,US,2024-07-18,organic,,,,,source_not_identified,8955,1,45,2024-08-14,Enterprise,11.0,107.0,9.0,10.0,2024-12-20,0.0,0.0,,,,4.0,2024-07-20,59.52,27,True,2024-12-31,True
A-c608c8,Company_199,DevTools,DE,2023-04-27,ads,,,,,source_not_identified,597,1,3,2023-06-30,Enterprise,13.0,132.0,13.0,3.0,2024-12-31,2.0,0.0,66.0,59.0,2024-08-16,1.0,2024-06-04,0.0,64,False,2024-12-31,True
A-3be56b,Company_200,HealthTech,IN,2023-10-26,event,,,,,source_not_identified,3038,1,62,2023-12-16,Pro,19.0,200.0,16.0,7.0,2024-12-29,2.0,0.0,46.5,37.0,2024-02-13,2.0,2024-01-10,0.0,51,True,2024-12-31,True
A-354f12,Company_201,FinTech,US,2024-04-28,ads,,,,,source_not_identified,6766,1,34,2024-05-28,Enterprise,7.0,67.0,7.0,1.0,2024-12-16,0.0,0.0,,,,1.0,2024-09-19,0.0,30,False,2024-12-31,True
A-68f37c,Company_202,HealthTech,US,2023-07-15,ads,,,,,source_not_identified,24079,1,121,2023-07-24,Enterprise,30.0,287.0,19.0,12.0,2024-12-16,4.0,0.0,154.0,17.5,2024-10-26,4.0,2024-02-08,0.0,9,False,2024-12-31,True
A-aa9511,Company_203,DevTools,US,2023-10-10,other,,,,,source_not_identified,1127,1,23,2023-10-11,Pro,17.0,152.0,14.0,6.0,2024-12-31,0.0,0.0,,,,1.0,2023-10-17,0.0,1,True,2024-12-31,True
A-af0cd2,Company_204,Cybersecurity,IN,2023-01-03,other,,,,,source_not_identified,931,1,19,2023-01-12,Pro,33.0,307.0,21.0,17.0,2024-12-16,3.0,0.0,152.0,58.0,2024-06-27,1.0,2023-10-26,0.0,9,False,2024-12-31,True
A-bd4513,Company_205,DevTools,AU,2024-11-06,event,,,,,source_not_identified,9950,1,50,2024-11-12,Enterprise,2.0,19.0,2.0,0.0,2024-12-29,1.0,0.0,12.0,10.0,2024-12-30,2.0,2024-12-07,35.14,6,,2024-12-31,False
A-c222ab,Company_206,Cybersecurity,US,2024-05-10,other,,,,,source_not_identified,1568,1,32,2024-08-24,Pro,3.0,28.0,3.0,3.0,2024-12-29,4.0,0.0,104.0,38.0,2024-12-26,3.0,2024-06-10,32.14,106,True,2024-12-31,True
A-34d880,Company_207,Cybersecurity,AU,2024-04-11,ads,,,,,source_not_identified,10547,1,53,2024-04-18,Enterprise,8.0,77.0,7.0,8.0,2024-12-13,3.0,0.0,127.0,62.0,2024-11-19,1.0,2024-12-20,10.4,7,False,2024-12-31,True
A-508199,Company_208,FinTech,AU,2024-01-28,event,,,,,source_not_identified,3781,1,19,2024-01-30,Enterprise,5.0,60.0,4.0,0.0,2024-08-29,3.0,0.0,52.0,48.0,2024-08-17,0.0,,0.0,2,False,2024-12-31,True
A-f03140,Company_209,DevTools,IN,2023-11-22,event,,,,,source_not_identified,513,1,27,2023-12-11,Basic,16.0,173.0,13.0,5.0,2024-12-30,2.0,0.0,160.5,24.5,2024-02-29,1.0,2024-10-03,0.0,19,False,2024-12-31,True
A-410e86,Company_210,FinTech,US,2024-11-10,organic,,,,,source_not_identified,4776,1,24,2024-11-16,Enterprise,0.0,0.0,0.0,0.0,,0.0,0.0,,,,0.0,,0.0,6,,2024-12-31,False
A-fa2041,Company_211,HealthTech,US,2024-05-29,organic,,,,,source_not_identified,2548,1,52,2024-06-16,Pro,8.0,81.0,7.0,4.0,2024-12-26,0.0,0.0,,,,1.0,2024-07-13,0.0,18,True,2024-12-31,True
A-de58ca,Company_212,HealthTech,DE,2023-04-13,organic,,,,,source_not_identified,735,1,15,2023-04-20,Pro,21.0,215.0,17.0,12.0,2024-12-21,5.0,0.0,127.0,34.0,2024-11-05,0.0,,0.0,7,False,2024-12-31,True
A-05d3b3,Company_213,DevTools,AU,2023-05-28,ads,,,,,source_not_identified,171,1,9,2023-07-12,Basic,28.0,281.0,21.0,10.0,2024-12-18,6.0,0.0,42.0,27.0,2024-11-03,2.0,2024-03-12,0.0,45,False,2024-12-31,True
A-249769,Company_214,Cybersecurity,US,2024-04-25,event,,,,,source_not_identified,285,1,15,2024-06-08,Basic,16.0,139.0,12.0,4.0,2024-12-30,2.0,0.0,96.5,39.5,2024-10-12,2.0,2024-06-12,0.0,44,True,2024-12-31,True
A-e43bf7,Company_215,Cybersecurity,AU,2023-03-24,other,,,,,source_not_identified,8756,1,44,2023-05-21,Enterprise,15.0,144.0,14.0,16.0,2024-12-08,5.0,1.0,86.0,27.0,2024-12-25,1.0,2023-06-24,0.0,58,False,2024-12-31,True
A-eb2fdc,Company_216,DevTools,AU,2023-11-21,organic,,,,,source_not_identified,1519,1,31,2024-02-24,Pro,10.0,108.0,10.0,4.0,2024-11-29,1.0,0.0,16.0,46.0,2023-12-18,1.0,2024-05-26,0.0,95,False,2024-12-31,True
A-e1462e,Company_217,FinTech,UK,2023-03-12,partner,,,,,source_not_identified,2985,1,15,2023-04-03,Enterprise,17.0,165.0,16.0,10.0,2024-11-10,2.0,0.0,118.5,39.5,2024-08-02,2.0,2023-10-05,0.0,22,False,2024-12-31,True
A-cab532,Company_218,DevTools,FR,2023-04-03,organic,,,,,source_not_identified,2189,1,11,2023-04-21,Enterprise,28.0,264.0,18.0,12.0,2024-12-30,1.0,0.0,175.0,32.0,2024-03-28,1.0,2024-07-10,0.0,18,False,2024-12-31,True
A-9123ac,Company_219,Cybersecurity,DE,2023-06-20,organic,,,,,source_not_identified,171,1,9,2023-10-25,Basic,11.0,119.0,11.0,13.0,2024-12-19,5.0,0.0,102.0,37.0,2024-11-22,2.0,2024-04-05,0.0,127,False,2024-12-31,True
A-6e08f3,Company_220,Cybersecurity,US,2023-02-27,event,,,,,source_not_identified,4776,1,24,2024-02-16,Enterprise,16.0,151.0,14.0,6.0,2024-12-28,2.0,0.0,137.0,36.5,2024-08-22,1.0,2024-02-10,0.0,354,False,2024-12-31,True
A-d922bf,Company_221,HealthTech,US,2023-09-08,ads,,,,,source_not_identified,5970,1,30,2023-10-29,Enterprise,15.0,140.0,12.0,8.0,2024-12-21,5.0,0.0,95.0,23.0,2024-07-16,1.0,2024-12-06,11.13,51,False,2024-12-31,True
A-8ed5dd,Company_222,EdTech,UK,2023-06-29,event,,,,,source_not_identified,245,1,5,2023-08-08,Pro,28.0,280.0,19.0,28.0,2024-12-19,3.0,0.0,97.0,40.0,2024-12-09,2.0,2024-10-30,0.0,40,False,2024-12-31,True
A-7c6b6b,Company_223,FinTech,US,2024-11-30,other,,,,,source_not_identified,1274,1,26,2024-12-06,Pro,0.0,0.0,0.0,0.0,,0.0,0.0,,,,1.0,2024-12-09,0.0,6,,2024-12-31,False
A-3c1a3f,Company_224,DevTools,UK,2023-08-26,event,,,,,source_not_identified,2786,1,14,2023-12-23,Enterprise,16.0,156.0,13.0,11.0,2024-12-20,3.0,0.0,63.0,51.0,2024-03-09,0.0,,0.0,119,False,2024-12-31,True
A-b48f73,Company_225,EdTech,AU,2024-11-13,event,,,,,source_not_identified,1520,1,80,2024-11-15,Basic,0.0,0.0,0.0,0.0,,0.0,0.0,,,,0.0,,0.0,2,,2024-12-31,False
A-76fa4d,Company_226,HealthTech,US,2024-11-24,event,,,,,source_not_identified,13731,1,69,2024-11-26,Enterprise,0.0,0.0,0.0,0.0,,1.0,0.0,147.0,59.0,2024-12-27,2.0,2024-11-26,33.04,2,,2024-12-31,False
A-b2af2e,Company_227,Cybersecurity,UK,2024-08-24,event,,,,,source_not_identified,209,1,11,2024-08-26,Basic,2.0,21.0,2.0,1.0,2024-10-24,0.0,0.0,,,,1.0,2024-11-14,0.0,2,True,2024-12-31,True
A-9bfc9f,Company_228,DevTools,CA,2023-09-14,ads,,,,,source_not_identified,2597,1,53,2023-09-19,Pro,10.0,90.0,9.0,7.0,2024-12-08,4.0,0.0,58.5,30.0,2024-09-23,0.0,,0.0,5,False,2024-12-31,True
A-4ae22a,Company_229,EdTech,US,2024-05-09,other,,,,,source_not_identified,5572,1,28,2024-05-28,Enterprise,7.0,89.0,6.0,4.0,2024-12-28,1.0,0.0,10.0,9.0,2024-08-09,1.0,2024-07-20,0.0,19,True,2024-12-31,True
A-fda07f,Company_230,Cybersecurity,FR,2024-08-11,partner,,,,,source_not_identified,2786,1,14,2024-08-24,Enterprise,5.0,61.0,5.0,5.0,2024-12-31,1.0,0.0,3.0,6.0,2024-09-01,1.0,2024-09-13,17.34,13,True,2024-12-31,True
A-de24d5,Company_231,DevTools,US,2024-11-05,other,,,,,source_not_identified,980,1,20,2024-11-06,Pro,1.0,12.0,1.0,0.0,2024-11-22,1.0,0.0,103.0,45.0,2024-11-16,0.0,,0.0,1,,2024-12-31,False
A-977ca0,Company_232,HealthTech,IN,2023-02-20,partner,,,,,source_not_identified,1194,1,6,2023-02-20,Enterprise,42.0,491.0,27.0,14.0,2024-12-24,3.0,0.0,117.0,64.0,2024-11-21,0.0,,0.0,0,False,2024-12-31,True
A-ab438f,Company_233,Cybersecurity,US,2024-09-13,ads,,,,,source_not_identified,5970,1,30,2024-10-23,Enterprise,1.0,7.0,1.0,0.0,2024-12-25,0.0,0.0,,,,1.0,2024-12-02,0.0,40,True,2024-12-31,True
A-e89151,Company_234,FinTech,UK,2023-09-14,organic,,,,,source_not_identified,1592,1,8,2023-11-14,Enterprise,11.0,130.0,10.0,4.0,2024-12-30,2.0,0.0,48.5,41.5,2024-10-10,0.0,,0.0,61,False,2024-12-31,True
A-40906c,Company_235,EdTech,US,2024-03-27,ads,,,,,source_not_identified,4508,1,92,2024-06-06,Pro,10.0,115.0,8.0,4.0,2024-12-03,5.0,0.0,91.0,32.0,2024-11-01,0.0,,0.0,71,False,2024-12-31,True
A-81edc3,Company_236,Cybersecurity,IN,2023-10-30,ads,,,,,source_not_identified,588,1,12,2023-11-07,Pro,22.0,246.0,18.0,14.0,2024-12-29,2.0,0.0,67.5,64.5,2024-05-20,3.0,2024-03-03,10.91,8,False,2024-12-31,True
A-328bd0,Company_237,HealthTech,AU,2023-05-16,partner,,,,,source_not_identified,3582,1,18,2023-08-24,Enterprise,22.0,188.0,18.0,12.0,2024-12-16,5.0,0.0,57.0,47.0,2024-09-06,0.0,,0.0,100,False,2024-12-31,True
A-b3fe05,Company_238,Cybersecurity,CA,2024-05-28,partner,,,,,source_not_identified,9950,1,50,2024-08-04,Enterprise,5.0,49.0,5.0,4.0,2024-12-29,1.0,0.0,39.0,63.0,2024-12-06,0.0,,0.0,68,False,2024-12-31,True
A-09540c,Company_239,Cybersecurity,CA,2023-10-30,event,,,,,source_not_identified,1273,1,67,2024-04-11,Basic,5.0,48.0,5.0,2.0,2024-10-20,1.0,0.0,72.0,29.0,2024-02-24,1.0,2024-03-05,71.44,164,False,2024-12-31,True
A-e693b6,Company_240,FinTech,AU,2023-05-25,event,,,,,source_not_identified,1045,1,55,2023-08-01,Basic,16.0,167.0,14.0,0.0,2024-12-31,1.0,0.0,144.0,1.0,2023-07-06,1.0,2024-10-10,0.0,68,False,2024-12-31,True
A-2446e3,Company_241,EdTech,IN,2024-01-10,organic,,,,,source_not_identified,1323,1,27,2024-01-21,Pro,15.0,177.0,11.0,9.0,2024-12-24,3.0,0.0,111.0,8.0,2024-10-27,2.0,2024-07-20,81.93,11,False,2024-12-31,True
A-241e75,Company_242,EdTech,US,2024-07-03,partner,,,,,source_not_identified,2254,1,46,2024-07-11,Pro,4.0,39.0,4.0,0.0,2024-12-13,1.0,0.0,178.0,26.0,2024-09-02,2.0,2024-10-11,0.0,8,False,2024-12-31,True
A-922109,Company_243,Cybersecurity,US,2024-01-26,ads,,,,,source_not_identified,1862,1,38,2024-03-23,Pro,12.0,127.0,12.0,4.0,2024-12-21,1.0,0.0,104.0,49.0,2024-04-12,2.0,2024-08-03,0.0,57,False,2024-12-31,True
A-ff3c73,Company_244,HealthTech,AU,2023-01-26,other,,,,,source_not_identified,1029,1,21,2023-04-06,Pro,18.0,188.0,15.0,5.0,2024-12-28,2.0,0.0,97.5,35.5,2023-03-19,2.0,2023-12-09,2.42,70,False,2024-12-31,True
A-8b0451,Company_245,FinTech,UK,2024-09-16,event,,,,,source_not_identified,779,1,41,2024-09-21,Basic,4.0,39.0,4.0,5.0,2024-12-31,2.0,0.0,63.5,48.0,2024-12-10,1.0,2024-12-29,0.0,5,False,2024-12-31,True
A-331424,Company_246,DevTools,US,2023-11-06,organic,,,,,source_not_identified,2189,1,11,2024-01-24,Enterprise,9.0,104.0,7.0,4.0,2024-12-02,0.0,0.0,,,,1.0,2024-02-21,0.0,79,False,2024-12-31,True
A-51ec1b,Company_247,DevTools,US,2023-11-08,ads,,,,,source_not_identified,209,1,11,2024-02-10,Basic,4.0,40.0,4.0,4.0,2024-10-22,2.0,1.0,172.5,49.5,2024-09-11,1.0,2023-12-09,0.0,94,True,2024-12-31,True
A-bcf664,Company_248,DevTools,US,2023-05-19,other,,,,,source_not_identified,1121,1,59,2023-06-16,Basic,23.0,232.0,19.0,10.0,2024-12-24,4.0,1.0,104.0,47.0,2024-11-16,3.0,2024-08-08,75.32,28,False,2024-12-31,True
A-90a8c8,Company_249,FinTech,AU,2024-08-24,organic,,,,,source_not_identified,1568,1,32,2024-08-25,Pro,5.0,53.0,4.0,5.0,2024-12-27,0.0,0.0,,,,1.0,2024-08-29,0.0,1,True,2024-12-31,True
A-86cdb4,Company_250,DevTools,DE,2024-09-22,partner,,,,,source_not_identified,98,1,2,2024-10-06,Pro,6.0,73.0,6.0,3.0,2024-12-08,2.0,0.0,124.0,3.0,2024-12-02,0.0,,0.0,14,False,2024-12-31,True
A-4bfa33,Company_251,Cybersecurity,US,2024-12-07,event,,,,,source_not_identified,637,1,13,2024-12-10,Pro,2.0,23.0,2.0,2.0,2024-12-26,0.0,0.0,,,,3.0,2024-12-08,99.76,3,,2024-12-31,False
A-dbc825,Company_252,EdTech,FR,2024-01-07,partner,,,,,source_not_identified,3781,1,19,2024-01-19,Enterprise,21.0,233.0,17.0,14.0,2024-12-15,4.0,1.0,101.5,40.0,2024-10-02,2.0,2024-01-14,0.0,12,True,2024-12-31,True
A-c70870,Company_253,Cybersecurity,US,2024-10-22,partner,,,,,source_not_identified,589,1,31,2024-11-11,Basic,3.0,25.0,3.0,0.0,2024-12-31,0.0,0.0,,,,1.0,2024-12-13,0.0,20,,2024-12-31,False
A-7c4956,Company_254,DevTools,US,2023-05-06,ads,,,,,source_not_identified,612,2,18,2023-06-05,mixed_same_day,15.0,162.0,12.0,20.0,2024-12-26,3.0,0.0,64.0,11.0,2024-12-22,0.0,,0.0,30,False,2024-12-31,True
A-0651a4,Company_255,HealthTech,FR,2024-10-16,organic,,,,,source_not_identified,11940,1,60,2024-10-27,Enterprise,3.0,31.0,3.0,2.0,2024-12-16,0.0,0.0,,,,2.0,2024-11-22,0.0,11,,2024-12-31,False
A-3ce5b8,Company_256,FinTech,IN,2023-09-07,ads,,,,,source_not_identified,9261,1,189,2023-12-15,Pro,13.0,122.0,12.0,7.0,2024-12-15,8.0,0.0,88.0,43.5,2024-11-15,1.0,2024-09-18,261.49,99,False,2024-12-31,True
A-bd4708,Company_257,FinTech,US,2024-07-21,ads,,,,,source_not_identified,7363,1,37,2024-07-24,Enterprise,8.0,67.0,8.0,4.0,2024-12-30,2.0,0.0,105.0,28.0,2024-12-13,0.0,,0.0,3,False,2024-12-31,True
A-993085,Company_258,HealthTech,US,2023-06-01,ads,,,,,source_not_identified,589,1,31,2023-08-05,Basic,30.0,276.0,22.0,17.0,2024-12-20,4.0,0.0,93.0,43.5,2024-12-09,2.0,2023-09-20,0.0,65,False,2024-12-31,True
A-92a3af,Company_259,Cybersecurity,IN,2024-07-07,organic,,,,,source_not_identified,1225,1,25,2024-07-23,Pro,9.0,89.0,9.0,3.0,2024-12-18,0.0,0.0,,,,0.0,,0.0,16,False,2024-12-31,True
A-151c9a,Company_260,FinTech,US,2023-01-27,ads,,,,,source_not_identified,1127,1,23,2023-05-08,Pro,19.0,205.0,17.0,9.0,2024-12-29,2.0,0.0,156.5,31.0,2024-06-01,1.0,2023-11-04,35.6,101,False,2024-12-31,True
A-474ad4,Company_261,EdTech,US,2023-11-28,organic,,,,,source_not_identified,190,1,10,2023-12-04,Basic,24.0,228.0,19.0,11.0,2024-11-15,1.0,0.0,76.0,18.0,2024-05-03,0.0,,0.0,6,False,2024-12-31,True
A-4ef964,Company_262,HealthTech,US,2024-03-07,organic,,,,,source_not_identified,3383,1,17,2024-04-01,Enterprise,16.0,167.0,12.0,15.0,2024-12-23,1.0,0.0,151.0,65.0,2024-11-25,1.0,2024-06-19,0.0,25,False,2024-12-31,True
A-fd9422,Company_263,Cybersecurity,US,2024-04-04,organic,,,,,source_not_identified,11542,1,58,2024-05-09,Enterprise,9.0,102.0,8.0,6.0,2024-12-30,1.0,0.0,79.0,52.0,2024-12-22,0.0,,0.0,35,False,2024-12-31,True
A-0baac2,Company_264,FinTech,DE,2024-05-30,organic,,,,,source_not_identified,5771,1,29,2024-06-02,Enterprise,1.0,12.0,1.0,0.0,2024-08-17,4.0,0.0,84.0,48.5,2024-09-14,4.0,2024-07-15,99.38000000000001,3,True,2024-12-31,True
A-bb1486,Company_265,HealthTech,US,2024-11-05,organic,,,,,source_not_identified,2058,1,42,2024-11-13,Pro,1.0,11.0,1.0,0.0,2024-12-09,0.0,0.0,,,,2.0,2024-11-21,0.0,8,,2024-12-31,False
A-560d27,Company_266,DevTools,US,2024-05-05,organic,,,,,source_not_identified,14129,1,71,2024-05-31,Enterprise,3.0,30.0,3.0,1.0,2024-10-28,0.0,0.0,,,,0.0,,0.0,26,False,2024-12-31,True
A-0b0d6d,Company_267,DevTools,US,2024-12-30,organic,,,,,source_not_identified,9002,5,98,2024-12-30,mixed_same_day,0.0,0.0,0.0,0.0,,0.0,0.0,,,,1.0,2024-12-31,0.0,0,,2024-12-31,False
A-2789e3,Company_268,FinTech,US,2024-09-14,partner,,,,,source_not_identified,627,1,33,2024-09-18,Basic,6.0,65.0,5.0,6.0,2024-12-31,3.0,0.0,74.0,67.0,2024-12-22,0.0,,0.0,4,False,2024-12-31,True
A-b07346,Company_269,HealthTech,US,2024-10-10,partner,,,,,source_not_identified,969,1,51,2024-11-06,Basic,1.0,8.0,1.0,0.0,2024-12-12,1.0,0.0,37.0,5.0,2024-11-12,1.0,2024-11-12,0.0,27,,2024-12-31,False
A-902ef7,Company_270,HealthTech,US,2024-09-03,other,,,,,source_not_identified,4067,1,83,2024-09-05,Pro,0.0,0.0,0.0,0.0,,0.0,0.0,,,,1.0,2024-09-26,0.0,2,True,2024-12-31,True
A-20736a,Company_271,EdTech,IN,2024-03-16,organic,,,,,source_not_identified,2450,1,50,2024-05-09,Pro,4.0,33.0,3.0,1.0,2024-12-29,3.0,0.0,131.0,47.0,2024-12-14,1.0,2024-03-19,64.98,54,True,2024-12-31,True
A-e4bf56,Company_272,HealthTech,IN,2024-10-28,ads,,,,,source_not_identified,3383,1,17,2024-11-17,Enterprise,2.0,18.0,2.0,0.0,2024-12-23,0.0,0.0,,,,0.0,,0.0,20,,2024-12-31,False
A-cea1f0,Company_273,FinTech,US,2024-04-07,event,,,,,source_not_identified,475,1,25,2024-06-01,Basic,11.0,120.0,11.0,2.0,2024-12-23,3.0,0.0,161.0,49.0,2024-10-11,0.0,,0.0,55,False,2024-12-31,True
A-ef84cf,Company_274,EdTech,US,2024-03-01,partner,,,,,source_not_identified,6766,1,34,2024-05-22,Enterprise,8.0,95.0,8.0,4.0,2024-12-31,3.0,1.0,54.0,59.0,2024-11-02,3.0,2024-08-14,18.81,82,False,2024-12-31,True
A-d49cc5,Company_275,Cybersecurity,FR,2023-09-19,event,,,,,source_not_identified,950,1,50,2024-02-13,Basic,5.0,66.0,4.0,3.0,2024-12-28,4.0,0.0,42.5,29.5,2024-12-21,1.0,2024-04-12,0.0,147,False,2024-12-31,True
A-67be94,Company_276,EdTech,US,2023-04-04,organic,,,,,source_not_identified,494,1,26,2023-08-29,Basic,16.0,149.0,14.0,6.0,2024-12-18,4.0,0.0,39.5,31.0,2024-11-28,2.0,2024-05-28,88.27,147,False,2024-12-31,True
A-4e960a,Company_277,FinTech,US,2024-01-17,other,,,,,source_not_identified,228,1,12,2024-03-11,Basic,13.0,144.0,13.0,13.0,2024-12-28,1.0,0.0,130.0,20.0,2024-12-08,0.0,,0.0,54,False,2024-12-31,True
A-c37cab,Company_278,Cybersecurity,UK,2024-07-29,event,,,,,source_not_identified,4179,1,21,2024-07-30,Enterprise,13.0,130.0,10.0,15.0,2024-12-30,0.0,0.0,,,,2.0,2024-10-27,4.03,1,True,2024-12-31,True
A-533452,Company_279,DevTools,AU,2024-11-12,organic,,,,,source_not_identified,1225,1,25,2024-11-21,Pro,4.0,25.0,4.0,3.0,2024-12-15,0.0,0.0,,,,4.0,2024-11-17,147.54999999999998,9,,2024-12-31,False
A-443b7c,Company_280,Cybersecurity,US,2024-09-06,other,,,,,source_not_identified,245,1,5,2024-09-16,Pro,8.0,81.0,7.0,1.0,2024-12-21,0.0,0.0,,,,0.0,,0.0,10,False,2024-12-31,True
A-1f7acb,Company_281,FinTech,UK,2023-08-06,ads,,,,,source_not_identified,12736,1,64,2023-09-01,Enterprise,24.0,239.0,19.0,20.0,2024-12-13,4.0,0.0,148.0,35.0,2024-12-05,0.0,,0.0,26,False,2024-12-31,True
A-f51f16,Company_282,HealthTech,US,2023-12-25,partner,,,,,source_not_identified,456,1,24,2024-02-18,Basic,10.0,96.0,10.0,4.0,2024-10-26,1.0,0.0,172.0,58.0,2024-07-10,2.0,2024-07-07,0.0,55,False,2024-12-31,True
A-5a3eb9,Company_283,DevTools,CA,2023-08-20,other,,,,,source_not_identified,3185,1,65,2023-09-20,Pro,20.0,196.0,19.0,6.0,2024-12-11,1.0,0.0,129.0,5.0,2024-04-08,3.0,2024-04-14,58.37,31,False,2024-12-31,True
A-5f2961,Company_284,HealthTech,US,2024-11-22,partner,,,,,source_not_identified,1393,1,7,2024-11-27,Enterprise,0.0,0.0,0.0,0.0,,0.0,0.0,,,,1.0,2024-11-28,6.6,5,,2024-12-31,False
A-417d2f,Company_285,Cybersecurity,IN,2023-07-04,partner,,,,,source_not_identified,95,1,5,2023-07-04,Basic,27.0,274.0,21.0,9.0,2024-12-11,4.0,0.0,66.5,54.0,2024-11-20,1.0,2024-12-30,0.0,0,False,2024-12-31,True
A-e98302,Company_286,EdTech,US,2023-12-26,ads,,,,,source_not_identified,882,1,18,2024-01-21,Pro,9.0,78.0,9.0,10.0,2024-12-12,2.0,0.0,47.0,53.0,2024-11-25,0.0,,0.0,26,False,2024-12-31,True
A-8bde0c,Company_287,DevTools,US,2024-11-04,organic,,,,,source_not_identified,588,1,12,2024-11-04,Pro,0.0,0.0,0.0,0.0,,1.0,0.0,64.0,9.0,2024-11-07,2.0,2024-11-28,0.0,0,,2024-12-31,False
A-bcf87c,Company_288,FinTech,US,2024-06-27,event,,,,,source_not_identified,833,1,17,2024-07-22,Pro,5.0,58.0,5.0,3.0,2024-11-29,0.0,0.0,,,,0.0,,0.0,25,False,2024-12-31,True
A-54ecc2,Company_289,Cybersecurity,US,2023-06-11,partner,,,,,source_not_identified,196,1,4,2023-08-16,Pro,18.0,194.0,14.0,12.0,2024-12-09,3.0,0.0,97.0,57.0,2024-10-29,3.0,2024-09-12,0.0,66,False,2024-12-31,True
A-625d0b,Company_290,EdTech,AU,2024-09-02,ads,,,,,source_not_identified,1791,1,9,2024-10-07,Enterprise,5.0,61.0,4.0,1.0,2024-12-09,1.0,0.0,21.0,53.0,2024-11-19,0.0,,0.0,35,False,2024-12-31,True
A-fce879,Company_291,EdTech,UK,2024-09-24,partner,,,,,source_not_identified,627,1,33,2024-09-28,Basic,2.0,30.0,2.0,1.0,2024-11-30,0.0,0.0,,,,2.0,2024-10-07,0.0,4,True,2024-12-31,True
A-b07b56,Company_292,DevTools,US,2024-11-08,event,,,,,source_not_identified,475,1,25,2024-11-16,Basic,5.0,59.0,5.0,2.0,2024-12-29,0.0,0.0,,,,1.0,2024-12-24,0.0,8,,2024-12-31,False
A-6da850,Company_293,FinTech,IN,2023-10-07,organic,,,,,source_not_identified,1666,1,34,2023-10-08,Pro,10.0,112.0,9.0,6.0,2024-12-27,2.0,0.0,78.0,46.5,2024-12-21,3.0,2024-01-15,0.0,1,False,2024-12-31,True
A-342303,Company_294,EdTech,US,2024-03-16,other,,,,,source_not_identified,323,1,17,2024-05-03,Basic,5.0,47.0,5.0,4.0,2024-10-06,0.0,0.0,,,,1.0,2024-03-20,0.0,48,True,2024-12-31,True
A-e7a1e2,Company_295,Cybersecurity,US,2024-06-23,event,,,,,source_not_identified,2786,1,14,2024-07-19,Enterprise,9.0,100.0,9.0,4.0,2024-12-21,0.0,0.0,,,,3.0,2024-09-08,6.2,26,True,2024-12-31,True
A-f1f639,Company_296,EdTech,US,2023-02-26,ads,,,,,source_not_identified,95,1,5,2023-07-03,Basic,6.0,54.0,5.0,0.0,2024-12-20,7.0,0.0,27.0,19.0,2024-12-05,2.0,2023-10-18,0.0,127,False,2024-12-31,True
A-a865bd,Company_297,Cybersecurity,US,2023-09-19,organic,,,,,source_not_identified,1862,1,38,2024-01-17,Pro,9.0,97.0,8.0,4.0,2024-12-18,2.0,0.0,21.5,31.5,2024-11-22,2.0,2023-11-26,0.0,120,True,2024-12-31,True
A-4e631b,Company_298,FinTech,US,2024-03-16,other,,,,,source_not_identified,7960,1,40,2024-03-18,Enterprise,9.0,85.0,9.0,10.0,2024-12-19,1.0,0.0,18.0,20.0,2024-09-23,0.0,,0.0,2,False,2024-12-31,True
A-7f6b86,Company_299,HealthTech,US,2023-08-24,partner,,,,,source_not_identified,855,1,45,2023-10-15,Basic,12.0,111.0,10.0,3.0,2024-12-26,4.0,0.0,86.0,44.0,2024-12-20,1.0,2024-07-10,5.27,52,False,2024-12-31,True
A-8adedc,Company_300,EdTech,US,2024-02-11,event,,,,,source_not_identified,11343,1,57,2024-02-22,Enterprise,14.0,146.0,13.0,9.0,2024-12-31,1.0,0.0,19.0,18.0,2024-08-19,0.0,,0.0,11,False,2024-12-31,True
A-2edab2,Company_301,HealthTech,US,2023-11-17,event,,,,,source_not_identified,323,1,17,2023-11-22,Basic,19.0,192.0,17.0,9.0,2024-12-22,1.0,0.0,116.0,12.0,2024-07-15,2.0,2023-12-21,168.73,5,True,2024-12-31,True
A-149a69,Company_302,DevTools,US,2024-10-17,event,,,,,source_not_identified,646,1,34,2024-12-05,Basic,0.0,0.0,0.0,0.0,,1.0,0.0,59.0,65.0,2024-10-19,1.0,2024-12-04,0.0,49,,2024-12-31,False
A-a6d261,Company_303,FinTech,CA,2023-11-29,other,,,,,source_not_identified,171,1,9,2023-12-13,Basic,21.0,220.0,18.0,11.0,2024-12-30,3.0,0.0,32.0,48.0,2024-12-05,1.0,2024-03-10,99.94,14,False,2024-12-31,True
A-443f6f,Company_304,Cybersecurity,US,2024-12-07,organic,,,,,source_not_identified,3781,1,19,2024-12-08,Enterprise,2.0,19.0,2.0,1.0,2024-12-26,0.0,0.0,,,,0.0,,0.0,1,,2024-12-31,False
A-202b67,Company_305,HealthTech,US,2024-03-22,organic,,,,,source_not_identified,539,1,11,2024-03-27,Pro,18.0,169.0,17.0,12.0,2024-12-28,2.0,0.0,144.0,52.0,2024-07-28,2.0,2024-03-30,78.87,5,True,2024-12-31,True
A-00bed1,Company_306,Cybersecurity,US,2023-11-14,ads,,,,,source_not_identified,1159,1,61,2023-11-16,Basic,16.0,166.0,13.0,8.0,2024-12-14,3.0,0.0,107.0,27.0,2024-05-16,1.0,2024-01-03,21.17,2,True,2024-12-31,True
A-ffc04f,Company_307,EdTech,US,2024-06-06,ads,,,,,source_not_identified,2587,1,13,2024-06-08,Enterprise,11.0,99.0,10.0,5.0,2024-12-05,0.0,0.0,,,,1.0,2024-08-03,0.0,2,True,2024-12-31,True
A-65c341,Company_308,FinTech,US,2023-12-26,ads,,,,,source_not_identified,833,1,17,2024-02-15,Pro,7.0,76.0,6.0,0.0,2024-12-25,1.0,0.0,122.0,2.0,2024-05-06,2.0,2024-03-07,0.0,51,True,2024-12-31,True
A-dcc2f0,Company_309,FinTech,UK,2023-07-22,organic,,,,,source_not_identified,285,1,15,2023-10-02,Basic,24.0,271.0,18.0,7.0,2024-12-26,1.0,0.0,93.0,52.0,2024-05-08,1.0,2024-04-10,0.0,72,False,2024-12-31,True
A-ced9aa,Company_310,DevTools,US,2024-10-05,other,,,,,source_not_identified,1194,1,6,2024-10-11,Enterprise,2.0,15.0,2.0,1.0,2024-12-06,0.0,0.0,,,,0.0,,0.0,6,,2024-12-31,False
A-3d957b,Company_311,HealthTech,UK,2024-04-04,other,,,,,source_not_identified,686,1,14,2024-07-15,Pro,1.0,14.0,1.0,0.0,2024-10-20,0.0,0.0,,,,1.0,2024-05-05,0.0,102,True,2024-12-31,True
A-89ee83,Company_312,Cybersecurity,US,2024-10-04,organic,,,,,source_not_identified,722,1,38,2024-10-18,Basic,3.0,33.0,3.0,4.0,2024-12-17,1.0,1.0,35.0,13.0,2024-10-05,0.0,,0.0,14,,2024-12-31,False
A-883b7d,Company_313,Cybersecurity,IN,2024-03-28,other,,,,,source_not_identified,833,1,17,2024-04-21,Pro,21.0,198.0,17.0,17.0,2024-12-30,3.0,1.0,39.0,21.0,2024-12-01,0.0,,0.0,24,False,2024-12-31,True
A-dcc3f1,Company_314,HealthTech,US,2023-12-27,event,,,,,source_not_identified,399,1,21,2023-12-27,Basic,13.0,150.0,13.0,13.0,2024-12-24,7.0,0.0,86.0,39.0,2024-08-31,2.0,2024-07-16,0.0,0,False,2024-12-31,True
A-c62e55,Company_315,EdTech,US,2023-02-08,partner,,,,,source_not_identified,1666,1,34,2023-11-15,Pro,8.0,87.0,7.0,6.0,2024-12-12,4.0,0.0,130.5,18.0,2024-03-21,0.0,,0.0,280,False,2024-12-31,True
A-e4144b,Company_316,EdTech,UK,2024-10-22,other,,,,,source_not_identified,8159,1,41,2024-11-10,Enterprise,2.0,24.0,2.0,3.0,2024-12-23,0.0,0.0,,,,0.0,,0.0,19,,2024-12-31,False
A-e40f45,Company_317,HealthTech,US,2024-04-18,organic,,,,,source_not_identified,2156,1,44,2024-05-15,Pro,10.0,78.0,9.0,5.0,2024-12-29,1.0,0.0,153.0,49.0,2024-07-12,1.0,2024-11-09,101.23,27,False,2024-12-31,True
A-96215d,Company_318,FinTech,US,2024-08-08,event,,,,,source_not_identified,1990,1,10,2024-08-17,Enterprise,6.0,61.0,6.0,1.0,2024-12-06,0.0,0.0,,,,0.0,,0.0,9,False,2024-12-31,True
A-2b9d3e,Company_319,EdTech,US,2023-06-04,partner,,,,,source_not_identified,209,1,11,2023-09-06,Basic,9.0,90.0,8.0,2.0,2024-12-17,3.0,0.0,68.0,33.0,2024-06-24,0.0,,0.0,94,False,2024-12-31,True
A-b7724f,Company_320,HealthTech,UK,2023-03-28,organic,,,,,source_not_identified,627,1,33,2023-06-03,Basic,4.0,40.0,4.0,1.0,2024-10-27,3.0,0.0,86.0,28.0,2024-12-30,3.0,2023-08-25,242.55,67,False,2024-12-31,True
A-310452,Company_321,DevTools,FR,2024-12-25,other,,,,,source_not_identified,441,1,9,2024-12-26,Pro,0.0,0.0,0.0,0.0,,1.0,0.0,46.0,24.0,2024-12-29,2.0,2024-12-25,0.0,1,,2024-12-31,False
A-eb1312,Company_322,FinTech,US,2024-09-16,partner,,,,,source_not_identified,1225,1,25,2024-09-18,Pro,3.0,41.0,3.0,1.0,2024-11-30,0.0,0.0,,,,2.0,2024-09-28,0.0,2,True,2024-12-31,True
A-df1e44,Company_323,Cybersecurity,UK,2024-02-23,organic,,,,,source_not_identified,588,1,12,2024-04-09,Pro,12.0,115.0,10.0,4.0,2024-12-09,1.0,0.0,128.0,68.0,2024-11-22,2.0,2024-10-17,0.0,46,False,2024-12-31,True
A-6a7c9d,Company_324,Cybersecurity,US,2024-10-24,organic,,,,,source_not_identified,5174,1,26,2024-11-12,Enterprise,1.0,6.0,1.0,0.0,2024-12-18,0.0,0.0,,,,2.0,2024-11-15,178.84,19,,2024-12-31,False
A-cbd1a3,Company_325,DevTools,US,2024-11-25,other,,,,,source_not_identified,3582,1,18,2024-11-26,Enterprise,2.0,21.0,2.0,0.0,2024-12-21,0.0,0.0,,,,0.0,,0.0,1,,2024-12-31,False
A-a8d89d,Company_326,EdTech,US,2023-12-08,ads,,,,,source_not_identified,15522,1,78,2023-12-12,Enterprise,16.0,151.0,16.0,6.0,2024-12-10,1.0,0.0,146.0,29.0,2024-03-26,2.0,2024-01-18,0.0,4,True,2024-12-31,True
A-600734,Company_327,DevTools,US,2023-11-14,organic,,,,,source_not_identified,1421,1,29,2024-01-13,Pro,18.0,178.0,14.0,4.0,2024-12-26,2.0,0.0,88.0,66.0,2024-09-09,0.0,,0.0,60,False,2024-12-31,True
A-86fc1d,Company_328,DevTools,UK,2024-07-26,partner,,,,,source_not_identified,2744,1,56,2024-08-08,Pro,5.0,53.0,5.0,3.0,2024-12-30,2.0,0.0,84.5,21.5,2024-12-24,1.0,2024-08-12,0.0,13,True,2024-12-31,True
A-78f02b,Company_329,HealthTech,US,2024-11-17,event,,,,,source_not_identified,2189,1,11,2024-11-19,Enterprise,0.0,0.0,0.0,0.0,,0.0,0.0,,,,2.0,2024-12-02,0.0,2,,2024-12-31,False
A-acb7f7,Company_330,EdTech,US,2024-01-06,ads,,,,,source_not_identified,6368,1,32,2024-01-07,Enterprise,23.0,220.0,18.0,14.0,2024-12-29,1.0,0.0,31.0,23.0,2024-01-27,1.0,2024-03-21,0.0,1,True,2024-12-31,True
A-712f1c,Company_331,DevTools,US,2023-12-16,ads,,,,,source_not_identified,456,1,24,2024-01-03,Basic,14.0,123.0,11.0,3.0,2024-12-29,2.0,0.0,77.0,47.0,2024-08-09,1.0,2024-10-24,68.99,18,False,2024-12-31,True
A-3793ee,Company_332,Cybersecurity,CA,2023-03-21,organic,,,,,source_not_identified,2401,1,49,2023-11-23,Pro,12.0,102.0,11.0,3.0,2024-12-19,4.0,0.0,106.0,48.0,2024-06-26,1.0,2023-06-16,0.0,247,True,2024-12-31,True
A-9a532a,Company_333,HealthTech,US,2024-07-06,partner,,,,,source_not_identified,6567,1,33,2024-08-28,Enterprise,1.0,16.0,1.0,0.0,2024-10-21,0.0,0.0,,,,0.0,,0.0,53,False,2024-12-31,True
A-2ebb4b,Company_334,HealthTech,US,2023-05-15,ads,,,,,source_not_identified,779,1,41,2023-06-16,Basic,24.0,236.0,20.0,19.0,2024-12-15,2.0,0.0,136.5,43.5,2024-04-05,3.0,2023-08-04,0.0,32,True,2024-12-31,True
A-6843f2,Company_335,HealthTech,CA,2024-12-10,ads,,,,,source_not_identified,1029,1,21,2024-12-11,Pro,0.0,0.0,0.0,0.0,,0.0,0.0,,,,0.0,,0.0,1,,2024-12-31,False
A-c9bb3e,Company_336,EdTech,US,2024-03-24,ads,,,,,source_not_identified,1715,1,35,2024-04-01,Pro,8.0,75.0,6.0,4.0,2024-11-01,2.0,0.0,47.0,10.0,2024-12-14,2.0,2024-07-29,0.0,8,False,2024-12-31,True
A-4814a3,Company_337,Cybersecurity,IN,2024-09-17,event,,,,,source_not_identified,4263,1,87,2024-09-27,Pro,5.0,50.0,5.0,4.0,2024-12-23,0.0,0.0,,,,1.0,2024-11-25,0.0,10,True,2024-12-31,True
A-b7b7b7,Company_338,FinTech,US,2024-06-30,event,,,,,source_not_identified,1176,1,24,2024-07-12,Pro,8.0,80.0,8.0,3.0,2024-12-12,1.0,0.0,159.0,1.0,2024-08-31,0.0,,0.0,12,False,2024-12-31,True
A-ccc747,Company_339,HealthTech,FR,2024-01-12,event,,,,,source_not_identified,1813,1,37,2024-06-24,Pro,4.0,45.0,4.0,1.0,2024-12-08,2.0,1.0,153.0,32.5,2024-08-05,3.0,2024-04-15,104.25,164,False,2024-12-31,True
A-bb3bd4,Company_340,HealthTech,US,2024-01-27,ads,,,,,source_not_identified,4577,1,23,2024-04-05,Enterprise,2.0,19.0,2.0,0.0,2024-08-07,5.0,0.0,139.0,17.0,2024-12-14,2.0,2024-05-30,0.0,69,False,2024-12-31,True
A-09316c,Company_341,FinTech,AU,2024-09-11,organic,,,,,source_not_identified,13930,1,70,2024-09-19,Enterprise,5.0,55.0,5.0,3.0,2024-12-27,2.0,0.0,93.0,54.5,2024-12-20,1.0,2024-12-05,0.0,8,True,2024-12-31,True
A-96bbc6,Company_342,Cybersecurity,US,2024-05-07,organic,,,,,source_not_identified,1911,1,39,2024-05-23,Pro,12.0,126.0,12.0,2.0,2024-12-26,0.0,0.0,,,,3.0,2024-06-24,125.6,16,True,2024-12-31,True
A-bc4d48,Company_343,EdTech,US,2024-06-12,ads,,,,,source_not_identified,665,1,35,2024-06-26,Basic,2.0,17.0,1.0,0.0,2024-11-26,3.0,1.0,19.0,49.0,2024-11-18,0.0,,0.0,14,False,2024-12-31,True
A-b30291,Company_344,HealthTech,US,2024-04-05,event,,,,,source_not_identified,95,1,5,2024-04-09,Basic,7.0,81.0,6.0,6.0,2024-12-17,0.0,0.0,,,,1.0,2024-09-03,277.54,4,False,2024-12-31,True
A-cdf020,Company_345,DevTools,AU,2023-08-16,organic,,,,,source_not_identified,1519,1,31,2023-12-01,Pro,14.0,130.0,11.0,7.0,2024-11-25,2.0,0.0,62.0,18.5,2024-04-13,2.0,2023-12-08,105.26,107,False,2024-12-31,True
A-e6afc1,Company_346,DevTools,US,2023-02-24,ads,,,,,source_not_identified,10149,1,51,2023-05-24,Enterprise,28.0,239.0,21.0,13.0,2024-12-16,0.0,0.0,,,,0.0,,0.0,89,False,2024-12-31,True
A-e3bd71,Company_347,Cybersecurity,US,2023-03-25,partner,,,,,source_not_identified,6169,1,31,2023-04-03,Enterprise,23.0,233.0,17.0,10.0,2024-12-20,4.0,0.0,118.5,25.5,2024-01-25,1.0,2023-12-30,0.0,9,False,2024-12-31,True
A-b179bf,Company_348,Cybersecurity,IN,2024-10-27,ads,,,,,source_not_identified,8557,1,43,2024-11-15,Enterprise,1.0,15.0,1.0,0.0,2024-12-17,1.0,0.0,17.0,12.0,2024-11-02,3.0,2024-10-31,0.0,19,,2024-12-31,False
A-098560,Company_349,DevTools,UK,2023-10-21,ads,,,,,source_not_identified,1715,1,35,2023-12-10,Pro,11.0,114.0,10.0,7.0,2024-12-22,1.0,0.0,26.0,55.0,2024-12-28,2.0,2024-05-30,34.35,50,False,2024-12-31,True
A-82861f,Company_350,DevTools,UK,2024-04-25,organic,,,,,source_not_identified,2009,1,41,2024-05-18,Pro,8.0,74.0,8.0,9.0,2024-12-06,3.0,0.0,77.0,17.0,2024-12-18,1.0,2024-05-17,0.0,23,True,2024-12-31,True
A-94c3cd,Company_351,FinTech,CA,2023-09-20,other,,,,,source_not_identified,1813,1,37,2024-07-19,Pro,7.0,73.0,6.0,2.0,2024-12-11,2.0,1.0,115.5,57.5,2024-08-17,0.0,,0.0,303,False,2024-12-31,True
A-a33200,Company_352,HealthTech,US,2024-09-15,partner,,,,,source_not_identified,1421,1,29,2024-09-26,Pro,3.0,29.0,3.0,1.0,2024-11-17,0.0,0.0,,,,1.0,2024-10-07,21.61,11,True,2024-12-31,True
A-034368,Company_353,EdTech,US,2023-11-05,event,,,,,source_not_identified,494,1,26,2024-06-21,Basic,4.0,45.0,4.0,5.0,2024-12-13,1.0,0.0,51.0,24.0,2024-05-04,1.0,2024-08-29,0.0,229,False,2024-12-31,True
A-b54c01,Company_354,DevTools,US,2024-09-29,event,,,,,source_not_identified,1421,1,29,2024-10-28,Pro,0.0,0.0,0.0,0.0,,0.0,0.0,,,,1.0,2024-10-23,0.0,29,True,2024-12-31,True
A-d82ef9,Company_355,EdTech,UK,2024-07-02,other,,,,,source_not_identified,1007,1,53,2024-07-21,Basic,11.0,117.0,9.0,5.0,2024-12-29,2.0,1.0,132.5,37.0,2024-12-31,1.0,2024-08-06,74.94,19,True,2024-12-31,True
A-bb2f49,Company_356,Cybersecurity,US,2023-05-28,other,,,,,source_not_identified,3332,1,68,2023-06-29,Pro,22.0,233.0,19.0,16.0,2024-12-30,2.0,0.0,131.0,26.5,2024-03-29,0.0,,0.0,32,False,2024-12-31,True
A-1f559b,Company_357,HealthTech,US,2023-09-04,organic,,,,,source_not_identified,304,1,16,2023-12-12,Basic,10.0,94.0,8.0,5.0,2024-11-21,3.0,0.0,142.0,62.0,2024-12-10,1.0,2024-09-28,0.0,99,False,2024-12-31,True
A-5a215a,Company_358,EdTech,FR,2024-01-05,other,,,,,source_not_identified,1653,1,87,2024-01-31,Basic,16.0,145.0,12.0,10.0,2024-12-14,3.0,0.0,4.0,18.0,2024-12-06,0.0,,0.0,26,False,2024-12-31,True
A-3f9cc0,Company_359,HealthTech,US,2024-06-03,event,,,,,source_not_identified,4378,1,22,2024-06-23,Enterprise,15.0,128.0,12.0,15.0,2024-12-20,2.0,0.0,83.5,52.0,2024-11-03,3.0,2024-07-18,0.0,20,True,2024-12-31,True
A-f9cc74,Company_360,DevTools,FR,2024-10-12,partner,,,,,source_not_identified,5970,1,30,2024-10-12,Enterprise,2.0,13.0,2.0,2.0,2024-12-31,2.0,0.0,77.5,56.5,2024-12-09,0.0,,0.0,0,,2024-12-31,False
A-ed510f,Company_361,Cybersecurity,IN,2023-01-17,partner,,,,,source_not_identified,2058,1,42,2023-03-09,Pro,21.0,214.0,16.0,14.0,2024-12-17,9.0,0.0,87.0,51.0,2024-09-13,1.0,2023-05-05,0.0,51,False,2024-12-31,True
A-5c9849,Company_362,EdTech,IN,2024-11-03,partner,,,,,source_not_identified,1235,1,65,2024-11-10,Basic,1.0,10.0,1.0,0.0,2024-12-18,0.0,0.0,,,,1.0,2024-11-13,0.0,7,,2024-12-31,False
A-a7bd4b,Company_363,Cybersecurity,US,2023-02-15,ads,,,,,source_not_identified,392,1,8,2023-03-19,Pro,27.0,278.0,21.0,15.0,2024-12-28,6.0,0.0,84.0,38.0,2024-11-07,1.0,2024-10-15,0.0,32,False,2024-12-31,True
A-d4ac0e,Company_364,DevTools,UK,2024-04-20,ads,,,,,source_not_identified,342,1,18,2024-05-19,Basic,11.0,112.0,8.0,1.0,2024-12-26,3.0,0.0,28.0,18.0,2024-10-23,0.0,,0.0,29,False,2024-12-31,True
A-ffdfd5,Company_365,EdTech,US,2024-04-13,organic,,,,,source_not_identified,539,1,11,2024-04-24,Pro,14.0,152.0,13.0,4.0,2024-12-21,0.0,0.0,,,,1.0,2024-08-08,0.0,11,False,2024-12-31,True
A-0dbdc6,Company_366,Cybersecurity,DE,2023-02-12,other,,,,,source_not_identified,570,1,30,2023-11-04,Basic,19.0,181.0,13.0,12.0,2024-12-31,4.0,0.0,89.0,48.5,2024-10-10,2.0,2023-11-26,175.02,265,False,2024-12-31,True
A-7cfe77,Company_367,DevTools,US,2024-07-10,ads,,,,,source_not_identified,3381,1,69,2024-07-30,Pro,3.0,27.0,3.0,1.0,2024-12-31,1.0,0.0,143.0,47.0,2024-10-12,2.0,2024-09-09,0.0,20,True,2024-12-31,True
A-1f0636,Company_368,EdTech,AU,2024-01-01,partner,,,,,source_not_identified,20895,1,105,2024-04-09,Enterprise,17.0,171.0,15.0,7.0,2024-12-29,2.0,0.0,75.0,38.5,2024-08-22,0.0,,0.0,99,False,2024-12-31,True
A-40de06,Company_369,Cybersecurity,US,2023-05-08,event,,,,,source_not_identified,5572,1,28,2023-06-03,Enterprise,41.0,405.0,28.0,17.0,2024-12-17,2.0,0.0,67.5,35.5,2024-02-18,0.0,,0.0,26,False,2024-12-31,True
A-cb5333,Company_370,DevTools,US,2024-03-26,ads,,,,,source_not_identified,6567,1,33,2024-04-01,Enterprise,14.0,145.0,13.0,4.0,2024-12-21,0.0,0.0,,,,1.0,2024-08-11,0.0,6,False,2024-12-31,True
A-309e54,Company_371,DevTools,US,2024-12-09,other,,,,,source_not_identified,2985,1,15,2024-12-14,Enterprise,0.0,0.0,0.0,0.0,,0.0,0.0,,,,1.0,2024-12-14,106.67,5,,2024-12-31,False
A-6e7827,Company_372,DevTools,US,2023-03-26,other,,,,,source_not_identified,171,1,9,2023-06-11,Basic,11.0,110.0,9.0,5.0,2024-12-21,2.0,0.0,83.5,51.0,2024-11-17,2.0,2023-09-19,0.0,77,False,2024-12-31,True
A-50bb9f,Company_373,Cybersecurity,US,2024-07-12,organic,,,,,source_not_identified,6965,1,35,2024-07-22,Enterprise,1.0,8.0,1.0,3.0,2024-10-31,2.0,0.0,29.0,51.5,2024-08-17,2.0,2024-09-08,0.0,10,True,2024-12-31,True
A-5fe118,Company_374,Cybersecurity,US,2024-11-07,other,,,,,source_not_identified,6027,1,123,2024-12-02,Pro,1.0,13.0,1.0,0.0,2024-12-19,0.0,0.0,,,,1.0,2024-12-16,114.86,25,,2024-12-31,False
A-5247b3,Company_375,FinTech,UK,2024-03-12,partner,,,,,source_not_identified,3184,1,16,2024-03-23,Enterprise,11.0,124.0,9.0,10.0,2024-12-06,2.0,0.0,91.0,60.5,2024-09-08,2.0,2024-10-12,28.84,11,False,2024-12-31,True
A-f44180,Company_376,Cybersecurity,UK,2023-02-13,event,,,,,source_not_identified,1791,1,9,2023-03-25,Enterprise,19.0,178.0,13.0,11.0,2024-12-15,2.0,0.0,123.0,46.5,2024-04-28,1.0,2023-04-29,38.15,40,True,2024-12-31,True
A-c16cf7,Company_377,EdTech,US,2024-10-16,event,,,,,source_not_identified,637,1,13,2024-10-18,Pro,2.0,18.0,2.0,0.0,2024-12-28,1.0,0.0,46.0,57.0,2024-10-24,2.0,2024-11-08,0.0,2,,2024-12-31,False
A-d42431,Company_378,FinTech,FR,2024-06-09,ads,,,,,source_not_identified,418,1,22,2024-06-11,Basic,5.0,39.0,4.0,1.0,2024-12-06,1.0,0.0,108.0,47.0,2024-08-07,2.0,2024-06-26,17.42,2,True,2024-12-31,True
A-6965e1,Company_379,DevTools,US,2024-11-25,organic,,,,,source_not_identified,882,1,18,2024-12-06,Pro,1.0,12.0,1.0,1.0,2024-12-28,0.0,0.0,,,,3.0,2024-12-02,0.0,11,,2024-12-31,False
A-0354fe,Company_380,Cybersecurity,US,2024-10-22,other,,,,,source_not_identified,646,1,34,2024-11-03,Basic,3.0,41.0,3.0,3.0,2024-12-31,2.0,0.0,60.5,8.0,2024-11-30,2.0,2024-11-15,0.0,12,,2024-12-31,False
A-0a62f5,Company_381,FinTech,UK,2024-09-11,partner,,,,,source_not_identified,3184,1,16,2024-09-16,Enterprise,1.0,11.0,1.0,0.0,2024-11-20,1.0,0.0,57.0,8.0,2024-11-26,5.0,2024-09-27,156.45000000000002,5,True,2024-12-31,True
A-f5641b,Company_382,EdTech,US,2024-03-30,other,,,,,source_not_identified,6169,1,31,2024-04-21,Enterprise,7.0,85.0,7.0,6.0,2024-12-11,2.0,1.0,126.5,65.5,2024-09-14,2.0,2024-04-20,0.0,22,True,2024-12-31,True
A-b44e3e,Company_383,Cybersecurity,UK,2024-02-12,ads,,,,,source_not_identified,15721,1,79,2024-02-28,Enterprise,12.0,123.0,10.0,3.0,2024-11-29,1.0,0.0,66.0,71.0,2024-06-23,1.0,2024-04-14,0.0,16,True,2024-12-31,True
A-3b37d9,Company_384,FinTech,US,2023-01-27,event,,,,,source_not_identified,4577,1,23,2023-04-11,Enterprise,21.0,219.0,18.0,14.0,2024-12-14,4.0,0.0,105.0,34.5,2024-09-23,2.0,2023-12-26,0.0,74,False,2024-12-31,True
A-54d94a,Company_385,Cybersecurity,IN,2023-05-01,event,,,,,source_not_identified,1045,1,55,2023-12-16,Basic,12.0,118.0,9.0,0.0,2024-12-30,4.0,0.0,97.5,63.0,2024-07-25,0.0,,0.0,229,False,2024-12-31,True
A-7f29a7,Company_386,Cybersecurity,UK,2024-09-18,event,,,,,source_not_identified,779,1,41,2024-09-26,Basic,2.0,17.0,2.0,3.0,2024-10-26,0.0,0.0,,,,1.0,2024-10-09,23.97,8,True,2024-12-31,True
A-089363,Company_387,FinTech,AU,2023-05-06,event,,,,,source_not_identified,98,1,2,2023-06-03,Pro,17.0,174.0,13.0,8.0,2024-12-05,3.0,0.0,75.0,25.0,2024-09-06,1.0,2023-11-27,0.0,28,False,2024-12-31,True
A-524364,Company_388,DevTools,FR,2024-12-31,partner,,,,,source_not_identified,9552,4,78,2024-12-31,mixed_same_day,0.0,0.0,0.0,0.0,,0.0,0.0,,,,0.0,,0.0,0,,2024-12-31,False
A-855a48,Company_389,EdTech,US,2023-12-22,partner,,,,,source_not_identified,7960,1,40,2024-01-30,Enterprise,11.0,111.0,10.0,2.0,2024-11-19,2.0,0.0,136.5,51.5,2024-07-10,1.0,2024-08-01,7.92,39,False,2024-12-31,True
A-756192,Company_390,FinTech,IN,2023-06-11,other,,,,,source_not_identified,931,1,19,2023-10-27,Pro,15.0,140.0,14.0,9.0,2024-12-29,1.0,0.0,171.0,36.0,2024-06-16,0.0,,0.0,138,False,2024-12-31,True
A-49b828,Company_391,FinTech,IN,2023-05-05,ads,,,,,source_not_identified,294,1,6,2023-05-11,Pro,26.0,260.0,15.0,12.0,2024-12-21,3.0,1.0,93.0,9.0,2024-10-04,0.0,,0.0,6,False,2024-12-31,True
A-c7ffc2,Company_392,Cybersecurity,US,2023-01-27,partner,,,,,source_not_identified,6468,1,132,2023-05-25,Pro,27.0,270.0,21.0,14.0,2024-12-30,2.0,0.0,86.0,64.0,2024-02-28,2.0,2023-04-15,174.92,118,True,2024-12-31,True
A-751c58,Company_393,FinTech,UK,2024-07-18,organic,,,,,source_not_identified,2985,1,15,2024-07-29,Enterprise,7.0,87.0,7.0,4.0,2024-12-29,2.0,0.0,76.5,24.5,2024-11-03,3.0,2024-09-17,64.22,11,True,2024-12-31,True
A-72799b,Company_394,DevTools,FR,2023-11-13,event,,,,,source_not_identified,3980,1,20,2023-11-17,Enterprise,18.0,165.0,15.0,11.0,2024-12-27,2.0,1.0,80.0,33.5,2024-09-06,1.0,2024-05-05,0.0,4,False,2024-12-31,True
A-812c5b,Company_395,DevTools,CA,2024-02-25,organic,,,,,source_not_identified,6370,1,130,2024-05-19,Pro,9.0,90.0,9.0,3.0,2024-12-28,1.0,0.0,13.0,14.0,2024-08-28,1.0,2024-05-11,11.83,84,True,2024-12-31,True
A-69b156,Company_396,EdTech,US,2023-11-21,other,,,,,source_not_identified,1393,1,7,2023-12-27,Enterprise,7.0,71.0,7.0,6.0,2024-12-12,5.0,0.0,156.0,33.0,2024-09-01,0.0,,0.0,36,False,2024-12-31,True
A-075038,Company_397,HealthTech,UK,2023-05-12,ads,,,,,source_not_identified,5047,1,103,2023-07-14,Pro,30.0,300.0,24.0,10.0,2024-12-21,1.0,0.0,4.0,37.0,2024-10-15,1.0,2024-09-05,6.38,63,False,2024-12-31,True
A-940b8b,Company_398,HealthTech,DE,2024-03-19,organic,,,,,source_not_identified,6368,1,32,2024-04-01,Enterprise,2.0,19.0,2.0,3.0,2024-09-25,1.0,0.0,47.0,47.0,2024-10-25,0.0,,0.0,13,False,2024-12-31,True
A-2d1036,Company_399,FinTech,US,2024-06-14,ads,,,,,source_not_identified,13731,1,69,2024-07-03,Enterprise,12.0,123.0,10.0,9.0,2024-12-22,3.0,1.0,83.0,20.0,2024-11-30,2.0,2024-10-19,39.09,19,False,2024-12-31,True
A-0f6450,Company_400,FinTech,US,2024-12-27,other,,,,,source_not_identified,532,1,28,2024-12-27,Basic,0.0,0.0,0.0,0.0,,0.0,0.0,,,,2.0,2024-12-29,0.0,0,,2024-12-31,False
A-9affe6,Company_401,Cybersecurity,US,2023-03-22,other,,,,,source_not_identified,1393,1,7,2023-04-06,Enterprise,19.0,189.0,16.0,10.0,2024-12-31,3.0,0.0,51.0,60.0,2024-08-19,1.0,2024-01-12,83.06,15,False,2024-12-31,True
A-80eeb6,Company_402,Cybersecurity,UK,2023-05-09,organic,,,,,source_not_identified,646,1,34,2023-07-15,Basic,28.0,270.0,21.0,12.0,2024-12-23,3.0,1.0,87.0,41.0,2023-08-02,2.0,2023-10-19,0.0,67,False,2024-12-31,True
A-d4e0d4,Company_403,FinTech,US,2024-10-18,other,,,,,source_not_identified,2223,1,117,2024-10-18,Basic,2.0,13.0,2.0,1.0,2024-12-04,0.0,0.0,,,,0.0,,0.0,0,,2024-12-31,False
A-c7e58b,Company_404,HealthTech,IN,2023-06-25,other,,,,,source_not_identified,57,1,3,2023-08-30,Basic,10.0,94.0,8.0,4.0,2024-11-19,5.0,0.0,104.0,16.0,2024-12-16,0.0,,0.0,66,False,2024-12-31,True
A-016043,Company_405,EdTech,CA,2024-07-31,organic,,,,,source_not_identified,114,1,6,2024-08-02,Basic,2.0,24.0,2.0,2.0,2024-12-31,1.0,0.0,143.0,59.0,2024-12-11,1.0,2024-08-11,84.75,2,True,2024-12-31,True
A-bbe56f,Company_406,HealthTech,US,2023-02-16,ads,,,,,source_not_identified,4179,1,21,2023-08-29,Enterprise,10.0,96.0,7.0,3.0,2024-12-02,4.0,0.0,112.0,25.0,2024-11-30,0.0,,0.0,194,False,2024-12-31,True
A-7c5768,Company_407,HealthTech,UK,2024-03-02,event,,,,,source_not_identified,995,1,5,2024-03-05,Enterprise,7.0,76.0,6.0,2.0,2024-12-02,4.0,0.0,61.5,34.5,2024-11-21,0.0,,0.0,3,False,2024-12-31,True
A-751bd4,Company_408,Cybersecurity,UK,2024-07-12,partner,,,,,source_not_identified,190,1,10,2024-09-18,Basic,3.0,30.0,3.0,0.0,2024-12-18,2.0,0.0,86.5,34.5,2024-11-13,1.0,2024-09-22,0.0,68,True,2024-12-31,True
A-4e0e85,Company_409,DevTools,US,2023-09-08,organic,,,,,source_not_identified,1194,1,6,2024-02-22,Enterprise,9.0,76.0,9.0,3.0,2024-12-28,2.0,0.0,119.5,53.0,2024-09-30,2.0,2023-11-16,0.0,167,True,2024-12-31,True
A-ad3abd,Company_410,FinTech,US,2023-03-03,event,,,,,source_not_identified,8756,1,44,2023-03-18,Enterprise,10.0,105.0,9.0,7.0,2024-11-21,3.0,0.0,35.0,13.0,2024-11-03,1.0,2023-07-12,0.0,15,False,2024-12-31,True
A-e19ff6,Company_411,Cybersecurity,UK,2023-07-28,partner,,,,,source_not_identified,152,1,8,2023-08-09,Basic,11.0,102.0,10.0,1.0,2024-12-16,1.0,0.0,162.0,9.0,2024-01-09,3.0,2024-01-08,0.0,12,False,2024-12-31,True
A-7920cc,Company_412,Cybersecurity,FR,2023-11-23,ads,,,,,source_not_identified,741,1,39,2023-11-27,Basic,16.0,133.0,13.0,8.0,2024-12-20,3.0,0.0,94.0,13.0,2024-10-21,0.0,,0.0,4,False,2024-12-31,True
A-5a92e7,Company_413,HealthTech,US,2024-06-11,ads,,,,,source_not_identified,1421,1,29,2024-06-13,Pro,13.0,119.0,11.0,7.0,2024-12-24,2.0,0.0,69.5,45.5,2024-10-10,2.0,2024-06-18,0.0,2,True,2024-12-31,True
A-fdfc91,Company_414,Cybersecurity,US,2023-05-06,ads,,,,,source_not_identified,551,1,29,2023-07-30,Basic,15.0,164.0,12.0,8.0,2024-11-19,3.0,0.0,120.0,23.0,2024-11-17,0.0,,0.0,85,False,2024-12-31,True
A-1e50e0,Company_415,Cybersecurity,DE,2023-02-21,other,,,,,source_not_identified,3781,1,19,2023-03-23,Enterprise,7.0,64.0,6.0,5.0,2024-12-10,2.0,1.0,143.0,20.5,2024-10-29,2.0,2023-11-01,54.94,30,False,2024-12-31,True
A-1e1b80,Company_416,FinTech,CA,2023-09-12,other,,,,,source_not_identified,950,1,50,2023-10-11,Basic,28.0,275.0,25.0,20.0,2024-12-18,4.0,0.0,76.5,38.5,2024-08-23,3.0,2023-10-04,0.0,29,True,2024-12-31,True
A-659280,Company_417,FinTech,IN,2023-11-17,event,,,,,source_not_identified,2587,1,13,2023-11-25,Enterprise,19.0,199.0,14.0,12.0,2024-12-24,3.0,0.0,176.0,6.0,2024-08-25,2.0,2024-07-23,27.75,8,False,2024-12-31,True
A-f6b2fb,Company_418,DevTools,AU,2024-04-23,event,,,,,source_not_identified,1127,1,23,2024-05-23,Pro,7.0,62.0,6.0,2.0,2024-12-24,0.0,0.0,,,,1.0,2024-07-11,0.0,30,True,2024-12-31,True
A-cb6cc6,Company_419,DevTools,US,2023-04-03,ads,,,,,source_not_identified,266,1,14,2023-08-15,Basic,15.0,130.0,13.0,6.0,2024-12-21,3.0,0.0,135.0,18.0,2024-11-25,0.0,,0.0,134,False,2024-12-31,True
A-d62e02,Company_420,Cybersecurity,US,2024-08-20,partner,,,,,source_not_identified,1990,1,10,2024-09-03,Enterprise,4.0,55.0,4.0,1.0,2024-12-22,0.0,0.0,,,,0.0,,0.0,14,False,2024-12-31,True
A-d535f6,Company_421,DevTools,US,2024-09-03,organic,,,,,source_not_identified,228,1,12,2024-09-23,Basic,2.0,17.0,2.0,0.0,2024-12-25,0.0,0.0,,,,2.0,2024-10-05,0.0,20,True,2024-12-31,True
A-39868b,Company_422,FinTech,AU,2024-03-17,partner,,,,,source_not_identified,1791,1,9,2024-04-25,Enterprise,9.0,88.0,9.0,3.0,2024-12-14,1.0,0.0,137.0,22.0,2024-03-26,2.0,2024-05-06,0.0,39,True,2024-12-31,True
A-3cc791,Company_423,EdTech,US,2024-01-10,other,,,,,source_not_identified,1194,1,6,2024-03-26,Enterprise,9.0,92.0,8.0,2.0,2024-11-25,5.0,1.0,84.0,54.0,2024-12-09,1.0,2024-10-09,0.0,76,False,2024-12-31,True
A-337bc1,Company_424,Cybersecurity,US,2023-07-19,organic,,,,,source_not_identified,1470,1,30,2023-08-02,Pro,13.0,123.0,11.0,11.0,2024-12-05,4.0,1.0,54.0,29.0,2024-12-01,2.0,2023-10-21,0.0,14,False,2024-12-31,True
A-58b9ff,Company_425,DevTools,IN,2024-05-31,partner,,,,,source_not_identified,294,1,6,2024-06-26,Pro,12.0,141.0,9.0,5.0,2024-12-19,0.0,0.0,,,,1.0,2024-10-10,0.0,26,False,2024-12-31,True
A-bf7919,Company_426,HealthTech,US,2024-11-27,organic,,,,,source_not_identified,597,1,3,2024-12-07,Enterprise,0.0,0.0,0.0,0.0,,0.0,0.0,,,,2.0,2024-12-06,0.0,10,,2024-12-31,False
A-1d5444,Company_427,Cybersecurity,US,2024-01-18,partner,,,,,source_not_identified,456,1,24,2024-03-19,Basic,21.0,192.0,15.0,18.0,2024-12-21,2.0,0.0,62.5,30.0,2024-12-11,1.0,2024-06-01,0.0,61,False,2024-12-31,True
A-0f3e88,Company_428,HealthTech,US,2023-07-23,other,,,,,source_not_identified,133,1,7,2023-08-05,Basic,23.0,249.0,20.0,11.0,2024-12-29,3.0,0.0,93.0,60.0,2024-10-17,1.0,2024-08-11,0.0,13,False,2024-12-31,True
A-7641d3,Company_429,EdTech,US,2023-02-16,partner,,,,,source_not_identified,152,1,8,2023-04-12,Basic,24.0,233.0,18.0,8.0,2024-12-24,4.0,1.0,119.0,53.5,2024-12-14,2.0,2023-11-10,131.39999999999998,55,False,2024-12-31,True
A-cd458b,Company_430,DevTools,US,2024-06-15,other,,,,,source_not_identified,190,1,10,2024-07-12,Basic,11.0,109.0,10.0,6.0,2024-12-31,3.0,0.0,84.0,45.0,2024-12-02,1.0,2024-11-07,0.0,27,False,2024-12-31,True
A-c16b88,Company_431,HealthTech,US,2023-12-02,event,,,,,source_not_identified,1127,1,23,2024-06-03,Pro,3.0,35.0,3.0,2.0,2024-09-20,1.0,0.0,158.0,56.0,2024-04-09,1.0,2024-06-01,0.0,184,False,2024-12-31,True
A-59f724,Company_432,HealthTech,US,2023-11-03,other,,,,,source_not_identified,882,1,18,2024-01-01,Pro,20.0,222.0,16.0,9.0,2024-12-07,4.0,0.0,97.0,22.5,2024-12-15,0.0,,0.0,59,False,2024-12-31,True
A-87aa7b,Company_433,HealthTech,US,2024-05-16,organic,,,,,source_not_identified,1176,1,24,2024-05-22,Pro,13.0,121.0,12.0,13.0,2024-12-26,1.0,0.0,147.0,22.0,2024-12-29,3.0,2024-06-07,136.0,6,True,2024-12-31,True
A-1e6fc3,Company_434,EdTech,FR,2023-12-06,other,,,,,source_not_identified,245,1,5,2024-04-01,Pro,6.0,69.0,6.0,0.0,2024-10-04,2.0,0.0,61.0,27.5,2024-03-08,1.0,2024-03-20,0.0,117,False,2024-12-31,True
A-39ddf4,Company_435,EdTech,US,2024-12-05,partner,,,,,source_not_identified,7960,1,40,2024-12-07,Enterprise,0.0,0.0,0.0,0.0,,0.0,0.0,,,,1.0,2024-12-13,0.0,2,,2024-12-31,False
A-34ea2f,Company_436,HealthTech,US,2024-08-15,organic,,,,,source_not_identified,152,1,8,2024-09-05,Basic,9.0,88.0,8.0,6.0,2024-12-21,1.0,0.0,77.0,25.0,2024-10-09,2.0,2024-10-05,1.85,21,True,2024-12-31,True
A-716841,Company_437,FinTech,US,2024-05-06,other,,,,,source_not_identified,3059,1,161,2024-05-13,Basic,6.0,56.0,5.0,3.0,2024-12-20,0.0,0.0,,,,1.0,2024-11-13,0.0,7,False,2024-12-31,True
A-558c72,Company_438,FinTech,US,2023-06-01,organic,,,,,source_not_identified,784,1,16,2023-06-12,Pro,13.0,120.0,10.0,8.0,2024-12-14,3.0,1.0,91.0,60.0,2024-08-28,1.0,2024-11-28,43.01,11,False,2024-12-31,True
A-b11cd0,Company_439,DevTools,US,2023-01-20,ads,,,,,source_not_identified,494,1,26,2023-02-16,Basic,13.0,130.0,11.0,8.0,2024-12-21,4.0,0.0,149.5,40.5,2024-10-08,0.0,,0.0,27,False,2024-12-31,True
A-cc1d8d,Company_440,FinTech,US,2024-12-08,other,,,,,source_not_identified,995,1,5,2024-12-08,Enterprise,0.0,0.0,0.0,0.0,,0.0,0.0,,,,2.0,2024-12-17,217.22,0,,2024-12-31,False
A-7f4db3,Company_441,FinTech,US,2023-03-05,other,,,,,source_not_identified,1592,1,8,2023-03-11,Enterprise,38.0,352.0,26.0,18.0,2024-12-20,5.0,1.0,75.0,15.0,2024-08-09,1.0,2023-03-21,0.0,6,True,2024-12-31,True
A-db5e9e,Company_442,DevTools,US,2024-11-09,partner,,,,,source_not_identified,171,1,9,2024-11-12,Basic,3.0,31.0,3.0,3.0,2024-12-31,0.0,0.0,,,,1.0,2024-12-29,0.0,3,,2024-12-31,False
A-cc102e,Company_443,HealthTech,US,2024-04-15,partner,,,,,source_not_identified,247,1,13,2024-05-06,Basic,3.0,32.0,3.0,0.0,2024-12-28,1.0,0.0,177.0,61.0,2024-10-17,3.0,2024-04-25,111.16,21,True,2024-12-31,True
A-82d8a6,Company_444,Cybersecurity,UK,2024-11-28,ads,,,,,source_not_identified,13532,1,68,2024-12-03,Enterprise,1.0,12.0,1.0,0.0,2024-12-17,1.0,0.0,67.0,70.0,2024-11-29,1.0,2024-12-29,0.0,5,,2024-12-31,False
A-dec005,Company_445,HealthTech,US,2023-10-13,partner,,,,,source_not_identified,6169,1,31,2023-12-22,Enterprise,17.0,186.0,14.0,19.0,2024-12-27,0.0,0.0,,,,1.0,2024-11-23,0.0,70,False,2024-12-31,True
A-5790f4,Company_446,FinTech,UK,2024-12-22,event,,,,,source_not_identified,588,1,12,2024-12-23,Pro,0.0,0.0,0.0,0.0,,0.0,0.0,,,,3.0,2024-12-25,444.1,1,,2024-12-31,False
A-7c83a1,Company_447,Cybersecurity,US,2024-05-06,partner,,,,,source_not_identified,2352,1,48,2024-05-14,Pro,8.0,90.0,8.0,0.0,2024-12-31,0.0,0.0,,,,1.0,2024-05-19,0.0,8,True,2024-12-31,True
A-297a2d,Company_448,HealthTech,UK,2023-05-05,event,,,,,source_not_identified,7164,1,36,2023-08-30,Enterprise,8.0,78.0,6.0,4.0,2024-11-14,1.0,0.0,9.0,55.0,2024-05-14,0.0,,0.0,117,False,2024-12-31,True
A-4c56c9,Company_449,FinTech,US,2023-12-20,partner,,,,,source_not_identified,2587,1,13,2024-05-13,Enterprise,8.0,74.0,7.0,7.0,2024-12-08,5.0,0.0,61.0,47.0,2024-10-05,1.0,2024-04-05,44.23,145,False,2024-12-31,True
A-cbbe12,Company_450,Cybersecurity,DE,2023-03-22,partner,,,,,source_not_identified,1960,1,40,2023-08-09,Pro,12.0,89.0,10.0,6.0,2024-12-02,6.0,0.0,46.5,32.5,2024-09-18,0.0,,0.0,140,False,2024-12-31,True
A-4a267b,Company_451,FinTech,US,2024-05-05,other,,,,,source_not_identified,5771,1,29,2024-05-09,Enterprise,9.0,96.0,8.0,4.0,2024-11-25,1.0,0.0,168.0,52.0,2024-05-09,1.0,2024-06-17,64.54,4,True,2024-12-31,True
A-bcbe98,Company_452,Cybersecurity,US,2024-07-29,other,,,,,source_not_identified,874,1,46,2024-07-29,Basic,13.0,137.0,11.0,11.0,2024-12-14,2.0,0.0,78.0,19.5,2024-09-16,1.0,2024-11-25,0.0,0,False,2024-12-31,True
A-427b69,Company_453,FinTech,US,2024-08-23,other,,,,,source_not_identified,882,1,18,2024-09-07,Pro,4.0,34.0,4.0,0.0,2024-12-27,0.0,0.0,,,,0.0,,0.0,15,False,2024-12-31,True
A-0be015,Company_454,FinTech,US,2024-10-15,event,,,,,source_not_identified,361,1,19,2024-10-21,Basic,1.0,13.0,1.0,0.0,2024-10-23,2.0,1.0,84.0,30.0,2024-12-05,1.0,2024-12-13,74.68,6,,2024-12-31,False
A-054577,Company_455,EdTech,UK,2024-04-28,ads,,,,,source_not_identified,980,1,20,2024-05-03,Pro,11.0,116.0,11.0,4.0,2024-12-31,0.0,0.0,,,,0.0,,0.0,5,False,2024-12-31,True
A-bc87bc,Company_456,FinTech,US,2024-07-17,event,,,,,source_not_identified,342,1,18,2024-09-11,Basic,4.0,60.0,4.0,0.0,2024-12-21,2.0,0.0,103.0,56.0,2024-12-29,0.0,,0.0,56,False,2024-12-31,True
A-0f7d77,Company_457,FinTech,IN,2024-10-28,partner,,,,,source_not_identified,114,1,6,2024-11-11,Basic,1.0,10.0,1.0,1.0,2024-12-19,0.0,0.0,,,,1.0,2024-11-09,0.0,14,,2024-12-31,False
A-e7beab,Company_458,EdTech,DE,2023-10-20,organic,,,,,source_not_identified,4179,1,21,2023-10-23,Enterprise,9.0,96.0,8.0,2.0,2024-10-13,1.0,0.0,172.0,25.0,2024-09-22,1.0,2024-04-25,0.0,3,False,2024-12-31,True
A-a09355,Company_459,FinTech,US,2024-08-10,organic,,,,,source_not_identified,266,1,14,2024-08-22,Basic,8.0,88.0,7.0,6.0,2024-12-31,0.0,0.0,,,,2.0,2024-09-13,135.11,12,True,2024-12-31,True
A-31ab9a,Company_460,FinTech,DE,2024-03-03,organic,,,,,source_not_identified,285,1,15,2024-03-23,Basic,8.0,68.0,7.0,4.0,2024-12-01,3.0,0.0,85.0,59.0,2024-12-25,2.0,2024-08-09,0.0,20,False,2024-12-31,True
A-0158bb,Company_461,FinTech,DE,2024-05-22,partner,,,,,source_not_identified,665,1,35,2024-06-28,Basic,6.0,49.0,6.0,1.0,2024-12-28,0.0,0.0,,,,0.0,,0.0,37,False,2024-12-31,True
A-f19b24,Company_462,Cybersecurity,US,2023-01-10,organic,,,,,source_not_identified,1421,1,29,2024-03-17,Pro,3.0,25.0,3.0,2.0,2024-11-03,2.0,1.0,74.0,35.5,2024-01-22,0.0,,0.0,432,False,2024-12-31,True
A-798a3f,Company_463,DevTools,FR,2023-10-19,other,,,,,source_not_identified,2388,1,12,2023-12-25,Enterprise,10.0,101.0,10.0,5.0,2024-12-01,3.0,0.0,33.0,10.0,2024-10-30,1.0,2024-07-19,0.0,67,False,2024-12-31,True
A-42b791,Company_464,FinTech,AU,2024-05-20,event,,,,,source_not_identified,1421,1,29,2024-06-11,Pro,4.0,28.0,4.0,1.0,2024-12-20,0.0,0.0,,,,0.0,,0.0,22,False,2024-12-31,True
A-068fc6,Company_465,EdTech,US,2023-07-17,event,,,,,source_not_identified,1715,1,35,2023-10-28,Pro,12.0,129.0,10.0,5.0,2024-12-29,2.0,0.0,105.0,40.0,2024-04-25,0.0,,0.0,103,False,2024-12-31,True
A-6f50ae,Company_466,FinTech,US,2023-09-21,partner,,,,,source_not_identified,361,1,19,2023-11-11,Basic,26.0,288.0,19.0,18.0,2024-12-22,4.0,0.0,71.0,35.5,2024-11-14,2.0,2023-11-06,0.0,51,True,2024-12-31,True
A-a2485e,Company_467,FinTech,US,2024-08-04,event,,,,,source_not_identified,441,1,9,2024-08-08,Pro,3.0,39.0,3.0,3.0,2024-11-27,0.0,0.0,,,,0.0,,0.0,4,False,2024-12-31,True
A-bb1eaa,Company_468,Cybersecurity,US,2024-06-11,organic,,,,,source_not_identified,4179,1,21,2024-06-30,Enterprise,2.0,19.0,2.0,2.0,2024-11-16,1.0,0.0,78.0,6.0,2024-09-12,1.0,2024-08-15,0.0,19,True,2024-12-31,True
A-cc98bc,Company_469,DevTools,US,2023-05-24,ads,,,,,source_not_identified,6368,1,32,2023-05-27,Enterprise,25.0,258.0,17.0,10.0,2024-12-24,1.0,0.0,125.0,3.0,2023-06-13,0.0,,0.0,3,False,2024-12-31,True
A-d77f4c,Company_470,DevTools,US,2023-09-25,partner,,,,,source_not_identified,152,1,8,2023-10-24,Basic,12.0,126.0,10.0,12.0,2024-12-20,1.0,0.0,68.0,54.0,2024-06-30,3.0,2024-08-06,0.0,29,False,2024-12-31,True
A-ccabf0,Company_471,HealthTech,IN,2023-11-06,organic,,,,,source_not_identified,3184,1,16,2023-11-07,Enterprise,20.0,199.0,18.0,12.0,2024-12-30,1.0,0.0,43.0,43.0,2024-04-18,2.0,2024-05-05,0.0,1,False,2024-12-31,True
A-700ade,Company_472,Cybersecurity,UK,2024-10-31,organic,,,,,source_not_identified,2587,1,13,2024-11-07,Enterprise,0.0,0.0,0.0,0.0,,1.0,0.0,22.0,26.0,2024-11-03,0.0,,0.0,7,,2024-12-31,False
A-4a4c2d,Company_473,DevTools,US,2023-05-02,event,,,,,source_not_identified,1026,1,54,2023-07-03,Basic,22.0,229.0,19.0,4.0,2024-11-29,4.0,0.0,124.5,37.5,2024-11-15,0.0,,0.0,62,False,2024-12-31,True
A-b7ef83,Company_474,Cybersecurity,UK,2024-05-29,partner,,,,,source_not_identified,437,1,23,2024-06-12,Basic,10.0,109.0,7.0,3.0,2024-12-25,1.0,0.0,70.0,67.0,2024-10-03,2.0,2024-06-01,60.25,14,True,2024-12-31,True
A-e08cd3,Company_475,FinTech,US,2024-09-21,ads,,,,,source_not_identified,3283,1,67,2024-09-30,Pro,7.0,61.0,7.0,2.0,2024-12-30,2.0,0.0,128.5,37.0,2024-12-26,2.0,2024-09-21,0.0,9,True,2024-12-31,True
A-19b2c8,Company_476,DevTools,IN,2023-06-06,other,,,,,source_not_identified,1617,1,33,2023-06-19,Pro,27.0,250.0,19.0,14.0,2024-12-30,2.0,0.0,69.0,28.0,2024-09-05,1.0,2024-08-16,0.0,13,False,2024-12-31,True
A-970c97,Company_477,HealthTech,DE,2024-03-01,other,,,,,source_not_identified,2786,1,14,2024-03-06,Enterprise,6.0,62.0,6.0,7.0,2024-12-30,0.0,0.0,,,,0.0,,0.0,5,False,2024-12-31,True
A-6dee43,Company_478,FinTech,UK,2023-08-12,other,,,,,source_not_identified,114,1,6,2023-10-22,Basic,11.0,96.0,10.0,3.0,2024-11-18,4.0,0.0,57.5,32.5,2024-11-07,1.0,2024-01-14,143.8,71,False,2024-12-31,True
A-5ed98d,Company_479,DevTools,US,2024-06-22,partner,,,,,source_not_identified,4776,1,24,2024-06-28,Enterprise,2.0,21.0,1.0,1.0,2024-12-05,1.0,0.0,77.0,72.0,2024-09-06,2.0,2024-09-27,0.0,6,False,2024-12-31,True
A-c58f49,Company_480,EdTech,US,2024-07-31,other,,,,,source_not_identified,1330,1,70,2024-08-10,Basic,4.0,44.0,4.0,0.0,2024-12-09,2.0,1.0,63.0,32.5,2024-09-18,3.0,2024-08-27,159.96,10,True,2024-12-31,True
A-9c18c4,Company_481,HealthTech,US,2023-07-27,ads,,,,,source_not_identified,228,1,12,2023-08-09,Basic,21.0,211.0,17.0,8.0,2024-12-13,2.0,0.0,149.0,34.0,2024-12-08,0.0,,0.0,13,False,2024-12-31,True
A-cc8c8f,Company_482,DevTools,US,2024-06-16,ads,,,,,source_not_identified,5572,1,28,2024-06-21,Enterprise,3.0,32.0,3.0,3.0,2024-11-07,0.0,0.0,,,,1.0,2024-09-12,0.0,5,True,2024-12-31,True
A-5f7781,Company_483,DevTools,US,2024-08-20,other,,,,,source_not_identified,4378,1,22,2024-09-07,Enterprise,3.0,20.0,3.0,1.0,2024-12-25,0.0,0.0,,,,1.0,2024-12-25,0.0,18,False,2024-12-31,True
A-e1b9cd,Company_484,DevTools,US,2023-02-26,event,,,,,source_not_identified,1960,1,40,2023-03-21,Pro,29.0,313.0,21.0,21.0,2024-12-12,1.0,0.0,115.0,35.0,2023-06-16,1.0,2024-10-01,0.0,23,False,2024-12-31,True
A-ac85cd,Company_485,EdTech,US,2024-07-31,partner,,,,,source_not_identified,1007,1,53,2024-08-02,Basic,6.0,70.0,6.0,2.0,2024-11-17,1.0,0.0,35.0,23.0,2024-08-01,2.0,2024-10-20,186.32999999999998,2,True,2024-12-31,True
A-d792a6,Company_486,DevTools,US,2023-01-23,organic,,,,,source_not_identified,1813,1,37,2023-02-06,Pro,43.0,420.0,25.0,31.0,2024-12-31,5.0,0.0,125.0,45.0,2024-12-29,2.0,2023-09-11,0.0,14,False,2024-12-31,True
A-ac9111,Company_487,HealthTech,US,2023-08-12,event,,,,,source_not_identified,2009,1,41,2023-09-06,Pro,24.0,237.0,20.0,16.0,2024-12-27,2.0,0.0,87.5,27.0,2024-05-05,1.0,2024-06-25,0.0,25,False,2024-12-31,True
A-18793f,Company_488,EdTech,US,2024-12-18,organic,,,,,source_not_identified,43956,3,444,2024-12-19,mixed_same_day,0.0,0.0,0.0,0.0,,0.0,0.0,,,,1.0,2024-12-30,25.41,1,,2024-12-31,False
A-9f0b68,Company_489,EdTech,US,2024-04-28,ads,,,,,source_not_identified,418,1,22,2024-05-17,Basic,9.0,97.0,6.0,1.0,2024-12-27,2.0,0.0,105.5,27.0,2024-12-09,2.0,2024-08-10,0.0,19,False,2024-12-31,True
A-d3c88e,Company_490,DevTools,US,2024-10-18,event,,,,,source_not_identified,3184,1,16,2024-10-23,Enterprise,3.0,28.0,3.0,1.0,2024-12-12,0.0,0.0,,,,1.0,2024-11-18,0.0,5,,2024-12-31,False
A-ccb686,Company_491,DevTools,US,2024-01-22,other,,,,,source_not_identified,686,1,14,2024-02-02,Pro,26.0,258.0,21.0,23.0,2024-12-28,0.0,0.0,,,,3.0,2024-06-22,25.92,11,False,2024-12-31,True
A-118f1c,Company_492,Cybersecurity,US,2024-10-31,other,,,,,source_not_identified,6368,1,32,2024-10-31,Enterprise,0.0,0.0,0.0,0.0,,0.0,0.0,,,,1.0,2024-12-17,0.0,0,,2024-12-31,False
A-0e966d,Company_493,FinTech,IN,2024-06-25,ads,,,,,source_not_identified,4577,1,23,2024-06-30,Enterprise,9.0,89.0,8.0,1.0,2024-12-14,2.0,1.0,106.5,17.0,2024-12-01,0.0,,0.0,5,False,2024-12-31,True
A-b9f5b1,Company_494,Cybersecurity,US,2023-01-24,other,,,,,source_not_identified,285,1,15,2024-06-23,Basic,11.0,123.0,9.0,1.0,2024-11-29,6.0,1.0,68.0,30.0,2024-10-24,1.0,2023-07-21,0.0,516,False,2024-12-31,True
A-8ae3fc,Company_495,DevTools,CA,2024-06-28,ads,,,,,source_not_identified,589,1,31,2024-07-17,Basic,7.0,64.0,7.0,3.0,2024-12-24,0.0,0.0,,,,1.0,2024-08-10,0.0,19,True,2024-12-31,True
A-55f257,Company_496,FinTech,US,2023-12-21,organic,,,,,source_not_identified,441,1,9,2024-01-18,Pro,21.0,200.0,17.0,7.0,2024-12-31,2.0,0.0,81.5,59.0,2024-07-12,0.0,,0.0,28,False,2024-12-31,True
A-d26ab4,Company_497,DevTools,UK,2024-11-07,organic,,,,,source_not_identified,882,1,18,2024-11-13,Pro,1.0,16.0,1.0,0.0,2024-11-09,0.0,0.0,,,,1.0,2024-12-26,86.02,6,,2024-12-31,False
A-712533,Company_498,EdTech,US,2023-07-31,organic,,,,,source_not_identified,342,1,18,2023-11-09,Basic,17.0,166.0,16.0,10.0,2024-12-12,4.0,0.0,90.0,44.0,2024-11-26,1.0,2024-07-18,0.0,101,False,2024-12-31,True
A-781cc0,Company_499,EdTech,US,2024-09-04,organic,,,,,source_not_identified,2388,1,12,2024-09-04,Enterprise,10.0,112.0,9.0,2.0,2024-12-30,1.0,0.0,162.0,64.0,2024-12-17,2.0,2024-10-12,0.0,0,True,2024-12-31,True
