interaction_id,account_id,occurred_at,closed_at,area,interaction_type,channel,owner_id,topic,feature_name,problem_type,impact_level,root_cause,recurrence_flag,outcome,next_action,next_action_due_at,priority,first_response_time_minutes,resolution_time_hours,satisfaction_score,escalation_flag,lifecycle_temporal_status,source_system
T-0024de,A-712f1c,2023-07-27,2023-07-28 03:00:00,Support,support_ticket,,,,,,,,,closed,,,high,74,27.0,,False,before_signup,source_not_identified
T-4d04b9,A-e43bf7,2024-07-08,2024-07-09 03:00:00,Support,support_ticket,,,,,,,,,closed,,,urgent,144,27.0,,False,on_or_after_signup,source_not_identified
T-d5e12f,A-0f3e88,2024-10-17,2024-10-17 19:00:00,Support,support_ticket,,,,,,,,,closed,,,urgent,93,19.0,4.0,False,on_or_after_signup,source_not_identified
T-dfce9a,A-4c56c9,2024-09-08,2024-09-09 23:00:00,Support,support_ticket,,,,,,,,,closed,,,medium,126,47.0,5.0,False,on_or_after_signup,source_not_identified
T-c59f77,A-6f8ad2,2024-11-30,2024-12-01 02:00:00,Support,support_ticket,,,,,,,,,closed,,,medium,8,26.0,,False,on_or_after_signup,source_not_identified
T-90f06d,A-94c3cd,2023-07-27,2023-07-27 09:00:00,Support,support_ticket,,,,,,,,,closed,,,medium,60,9.0,,False,before_signup,source_not_identified
T-30b537,A-2e4581,2023-09-09,2023-09-10 03:00:00,Support,support_ticket,,,,,,,,,closed,,,urgent,64,27.0,3.0,False,before_signup,source_not_identified
T-60242d,A-72799b,2024-01-29,2024-01-29 12:00:00,Support,support_ticket,,,,,,,,,closed,,,low,56,12.0,4.0,True,on_or_after_signup,source_not_identified
T-7119c9,A-b179bf,2023-08-27,2023-08-27 16:00:00,Support,support_ticket,,,,,,,,,closed,,,urgent,154,16.0,,False,before_signup,source_not_identified
T-b0edf2,A-7cfe77,2024-05-06,2024-05-07 04:00:00,Support,support_ticket,,,,,,,,,closed,,,medium,150,28.0,3.0,False,before_signup,source_not_identified
T-98a84a,A-157070,2023-12-20,2023-12-21 18:00:00,Support,support_ticket,,,,,,,,,closed,,,low,26,42.0,,False,on_or_after_signup,source_not_identified
T-04457d,A-854864,2024-07-18,2024-07-20 00:00:00,Support,support_ticket,,,,,,,,,closed,,,medium,140,48.0,5.0,False,before_signup,source_not_identified
T-6bd715,A-4e0e85,2024-05-14,2024-05-16 02:00:00,Support,support_ticket,,,,,,,,,closed,,,medium,129,50.0,,False,on_or_after_signup,source_not_identified
T-13f1b8,A-5b4ebb,2023-12-05,2023-12-06 02:00:00,Support,support_ticket,,,,,,,,,closed,,,low,121,26.0,5.0,False,before_signup,source_not_identified
T-a3288b,A-098560,2024-12-28,2024-12-30 07:00:00,Support,support_ticket,,,,,,,,,closed,,,low,26,55.0,3.0,False,on_or_after_signup,source_not_identified
T-f8e2c3,A-40a557,2024-03-01,2024-03-03 21:00:00,Support,support_ticket,,,,,,,,,closed,,,high,60,69.0,,False,on_or_after_signup,source_not_identified
T-4e7816,A-05f0e5,2024-10-03,2024-10-04 12:00:00,Support,support_ticket,,,,,,,,,closed,,,low,108,36.0,,False,on_or_after_signup,source_not_identified
T-0dea8b,A-671f31,2024-01-24,2024-01-26 12:00:00,Support,support_ticket,,,,,,,,,closed,,,medium,45,60.0,3.0,False,before_signup,source_not_identified
T-ca96ba,A-410e86,2024-04-28,2024-04-28 03:00:00,Support,support_ticket,,,,,,,,,closed,,,high,64,3.0,,False,before_signup,source_not_identified
T-ac0b69,A-ac9111,2024-03-02,2024-03-02 14:00:00,Support,support_ticket,,,,,,,,,closed,,,low,86,14.0,,False,on_or_after_signup,source_not_identified
T-0f1c67,A-78f02b,2024-10-09,2024-10-11 00:00:00,Support,support_ticket,,,,,,,,,closed,,,low,51,48.0,4.0,False,before_signup,source_not_identified
T-4fb3f2,A-c62e55,2023-03-05,2023-03-07 11:00:00,Support,support_ticket,,,,,,,,,closed,,,medium,136,59.0,3.0,False,on_or_after_signup,source_not_identified
T-2b4423,A-158f4e,2023-12-07,2023-12-07 11:00:00,Support,support_ticket,,,,,,,,,closed,,,high,99,11.0,,False,on_or_after_signup,source_not_identified
T-b17401,A-50bb9f,2024-02-21,2024-02-21 12:00:00,Support,support_ticket,,,,,,,,,closed,,,high,171,12.0,3.0,False,before_signup,source_not_identified
T-462ece,A-b9f5b1,2023-07-17,2023-07-19 03:00:00,Support,support_ticket,,,,,,,,,closed,,,low,50,51.0,3.0,True,on_or_after_signup,source_not_identified
T-066714,A-b2225d,2024-04-11,2024-04-12 00:00:00,Support,support_ticket,,,,,,,,,closed,,,high,52,24.0,3.0,False,on_or_after_signup,source_not_identified
T-8c694d,A-883b7d,2024-05-24,2024-05-24 15:00:00,Support,support_ticket,,,,,,,,,closed,,,low,39,15.0,3.0,True,on_or_after_signup,source_not_identified
T-804c6c,A-751bd4,2024-10-29,2024-10-30 04:00:00,Support,support_ticket,,,,,,,,,closed,,,medium,49,28.0,4.0,False,on_or_after_signup,source_not_identified
T-64b0b8,A-533452,2023-09-27,2023-09-29 08:00:00,Support,support_ticket,,,,,,,,,closed,,,low,16,56.0,5.0,False,before_signup,source_not_identified
T-bfa749,A-684255,2023-08-04,2023-08-04 01:00:00,Support,support_ticket,,,,,,,,,closed,,,low,137,1.0,5.0,False,before_signup,source_not_identified
T-3b24c1,A-0aaf6e,2024-06-09,2024-06-11 06:00:00,Support,support_ticket,,,,,,,,,closed,,,high,151,54.0,3.0,False,on_or_after_signup,source_not_identified
T-68c8a6,A-7c4956,2024-09-23,2024-09-23 19:00:00,Support,support_ticket,,,,,,,,,closed,,,high,34,19.0,,False,on_or_after_signup,source_not_identified
T-bbe374,A-3ce5b8,2024-01-15,2024-01-17 02:00:00,Support,support_ticket,,,,,,,,,closed,,,low,155,50.0,,False,on_or_after_signup,source_not_identified
T-bccf63,A-82d8a6,2024-11-29,2024-12-01 22:00:00,Support,support_ticket,,,,,,,,,closed,,,high,67,70.0,3.0,False,on_or_after_signup,source_not_identified
T-98448a,A-462d45,2024-02-10,2024-02-10 18:00:00,Support,support_ticket,,,,,,,,,closed,,,high,99,18.0,4.0,False,on_or_after_signup,source_not_identified
T-f68dde,A-118d55,2024-09-08,2024-09-08 14:00:00,Support,support_ticket,,,,,,,,,closed,,,medium,1,14.0,4.0,False,before_signup,source_not_identified
T-5f84c5,A-1f559b,2024-01-22,2024-01-24 14:00:00,Support,support_ticket,,,,,,,,,closed,,,high,28,62.0,4.0,False,on_or_after_signup,source_not_identified
T-9bae5a,A-7cfe77,2024-04-14,2024-04-14 23:00:00,Support,support_ticket,,,,,,,,,closed,,,urgent,176,23.0,5.0,False,before_signup,source_not_identified
T-22842d,A-533452,2024-08-05,2024-08-05 08:00:00,Support,support_ticket,,,,,,,,,closed,,,high,66,8.0,3.0,False,before_signup,source_not_identified
T-f8b58d,A-ee42db,2023-01-16,2023-01-18 09:00:00,Support,support_ticket,,,,,,,,,closed,,,urgent,144,57.0,,False,before_signup,source_not_identified
T-3a2a66,A-e98302,2023-09-15,2023-09-17 18:00:00,Support,support_ticket,,,,,,,,,closed,,,low,150,66.0,,False,before_signup,source_not_identified
T-490c4a,A-503d5a,2023-08-08,2023-08-08 09:00:00,Support,support_ticket,,,,,,,,,closed,,,urgent,179,9.0,,False,before_signup,source_not_identified
T-6cce32,A-659280,2024-06-12,2024-06-12 06:00:00,Support,support_ticket,,,,,,,,,closed,,,medium,176,6.0,4.0,False,on_or_after_signup,source_not_identified
T-ec46f5,A-f5641b,2023-04-19,2023-04-21 07:00:00,Support,support_ticket,,,,,,,,,closed,,,high,93,55.0,,False,before_signup,source_not_identified
T-219077,A-fb186e,2024-02-09,2024-02-10 18:00:00,Support,support_ticket,,,,,,,,,closed,,,medium,58,42.0,,False,before_signup,source_not_identified
T-6b6fb7,A-716841,2024-02-11,2024-02-11 04:00:00,Support,support_ticket,,,,,,,,,closed,,,medium,119,4.0,3.0,False,before_signup,source_not_identified
T-2e5ba4,A-0be015,2024-12-05,2024-12-05 14:00:00,Support,support_ticket,,,,,,,,,closed,,,low,46,14.0,4.0,True,on_or_after_signup,source_not_identified
T-8001a4,A-c9bb3e,2023-05-08,2023-05-08 11:00:00,Support,support_ticket,,,,,,,,,closed,,,urgent,53,11.0,4.0,True,before_signup,source_not_identified
T-a1d9dd,A-fd7ad3,2024-04-27,2024-04-29 16:00:00,Support,support_ticket,,,,,,,,,closed,,,urgent,21,64.0,3.0,False,before_signup,source_not_identified
T-121d6f,A-d5a319,2024-09-17,2024-09-17 17:00:00,Support,support_ticket,,,,,,,,,closed,,,low,132,17.0,4.0,True,on_or_after_signup,source_not_identified
T-fd1ba2,A-d27f50,2023-12-15,2023-12-16 16:00:00,Support,support_ticket,,,,,,,,,closed,,,high,158,40.0,4.0,False,before_signup,source_not_identified
T-b6d7ac,A-a0ca4e,2023-10-29,2023-10-29 11:00:00,Support,support_ticket,,,,,,,,,closed,,,low,12,11.0,5.0,True,before_signup,source_not_identified
T-f2b9a5,A-f6b2fb,2024-01-19,2024-01-20 12:00:00,Support,support_ticket,,,,,,,,,closed,,,medium,138,36.0,5.0,True,before_signup,source_not_identified
T-61fc87,A-034368,2023-01-13,2023-01-15 17:00:00,Support,support_ticket,,,,,,,,,closed,,,medium,127,65.0,3.0,False,before_signup,source_not_identified
T-00fa83,A-9208f0,2023-04-01,2023-04-03 22:00:00,Support,support_ticket,,,,,,,,,closed,,,low,6,70.0,,False,before_signup,source_not_identified
T-358dd5,A-ced9aa,2023-08-20,2023-08-22 09:00:00,Support,support_ticket,,,,,,,,,closed,,,medium,131,57.0,,False,before_signup,source_not_identified
T-54e843,A-bb3bd4,2024-10-06,2024-10-06 08:00:00,Support,support_ticket,,,,,,,,,closed,,,medium,63,8.0,3.0,False,on_or_after_signup,source_not_identified
T-50ad36,A-922109,2023-05-07,2023-05-08 02:00:00,Support,support_ticket,,,,,,,,,closed,,,medium,126,26.0,,False,before_signup,source_not_identified
T-06bf16,A-4a4c2d,2023-08-02,2023-08-03 06:00:00,Support,support_ticket,,,,,,,,,closed,,,medium,44,30.0,4.0,False,on_or_after_signup,source_not_identified
T-f155f0,A-b179bf,2023-08-06,2023-08-06 06:00:00,Support,support_ticket,,,,,,,,,closed,,,high,156,6.0,,False,before_signup,source_not_identified
T-777753,A-ce66f8,2023-01-23,2023-01-25 21:00:00,Support,support_ticket,,,,,,,,,closed,,,low,74,69.0,,False,before_signup,source_not_identified
T-857a8d,A-bb3bd4,2024-01-08,2024-01-10 18:00:00,Support,support_ticket,,,,,,,,,closed,,,medium,52,66.0,,False,before_signup,source_not_identified
T-384dcb,A-bc4d48,2024-11-18,2024-11-20 23:00:00,Support,support_ticket,,,,,,,,,closed,,,urgent,6,71.0,5.0,True,on_or_after_signup,source_not_identified
T-970c6c,A-439b2f,2024-12-12,2024-12-12 20:00:00,Support,support_ticket,,,,,,,,,closed,,,urgent,123,20.0,,False,on_or_after_signup,source_not_identified
T-50c7f8,A-a1bbb6,2024-01-18,2024-01-19 12:00:00,Support,support_ticket,,,,,,,,,closed,,,urgent,47,36.0,,False,on_or_after_signup,source_not_identified
T-a528f4,A-b78bf8,2023-04-15,2023-04-16 00:00:00,Support,support_ticket,,,,,,,,,closed,,,urgent,7,24.0,3.0,False,before_signup,source_not_identified
T-7b7a5a,A-1e50e0,2024-10-02,2024-10-02 19:00:00,Support,support_ticket,,,,,,,,,closed,,,high,170,19.0,5.0,True,on_or_after_signup,source_not_identified
T-c9a73c,A-b9f5b1,2024-10-24,2024-10-24 18:00:00,Support,support_ticket,,,,,,,,,closed,,,urgent,86,18.0,4.0,False,on_or_after_signup,source_not_identified
T-486b6b,A-883b7d,2023-01-28,2023-01-28 22:00:00,Support,support_ticket,,,,,,,,,closed,,,urgent,102,22.0,5.0,False,before_signup,source_not_identified
T-19cc99,A-c16b88,2023-04-28,2023-04-30 05:00:00,Support,support_ticket,,,,,,,,,closed,,,high,134,53.0,,False,before_signup,source_not_identified
T-35fc90,A-e98302,2023-10-23,2023-10-25 19:00:00,Support,support_ticket,,,,,,,,,closed,,,low,121,67.0,,False,before_signup,source_not_identified
T-d4142b,A-700ade,2023-05-25,2023-05-27 18:00:00,Support,support_ticket,,,,,,,,,closed,,,urgent,69,66.0,4.0,False,before_signup,source_not_identified
T-6ba215,A-56962b,2023-03-24,2023-03-26 18:00:00,Support,support_ticket,,,,,,,,,closed,,,low,73,66.0,3.0,False,before_signup,source_not_identified
T-e5c785,A-b54c01,2023-03-07,2023-03-08 02:00:00,Support,support_ticket,,,,,,,,,closed,,,medium,41,26.0,3.0,False,before_signup,source_not_identified
T-4f0d98,A-e40f45,2023-03-31,2023-03-31 10:00:00,Support,support_ticket,,,,,,,,,closed,,,urgent,19,10.0,,False,before_signup,source_not_identified
T-e97da3,A-45ce7a,2024-04-04,2024-04-05 01:00:00,Support,support_ticket,,,,,,,,,closed,,,low,81,25.0,,False,on_or_after_signup,source_not_identified
T-990a0e,A-fa3095,2024-11-06,2024-11-08 00:00:00,Support,support_ticket,,,,,,,,,closed,,,high,28,48.0,,False,on_or_after_signup,source_not_identified
T-ce1dee,A-d792a6,2024-10-10,2024-10-11 08:00:00,Support,support_ticket,,,,,,,,,closed,,,low,126,32.0,,False,on_or_after_signup,source_not_identified
T-b7b797,A-bbc346,2024-03-11,2024-03-12 11:00:00,Support,support_ticket,,,,,,,,,closed,,,medium,24,35.0,,False,before_signup,source_not_identified
T-847498,A-7cfe77,2023-07-17,2023-07-19 11:00:00,Support,support_ticket,,,,,,,,,closed,,,high,36,59.0,,False,before_signup,source_not_identified
T-2ef49b,A-cc1d8d,2023-09-15,2023-09-16 21:00:00,Support,support_ticket,,,,,,,,,closed,,,medium,33,45.0,5.0,False,before_signup,source_not_identified
T-fb6fa3,A-0a62f5,2024-11-26,2024-11-26 08:00:00,Support,support_ticket,,,,,,,,,closed,,,urgent,57,8.0,,False,on_or_after_signup,source_not_identified
T-a3f900,A-ae052e,2023-07-22,2023-07-23 05:00:00,Support,support_ticket,,,,,,,,,closed,,,medium,126,29.0,3.0,False,before_signup,source_not_identified
T-b9e7df,A-526d93,2023-05-10,2023-05-10 05:00:00,Support,support_ticket,,,,,,,,,closed,,,medium,158,5.0,,False,before_signup,source_not_identified
T-0e6db2,A-ccc747,2024-06-27,2024-06-29 12:00:00,Support,support_ticket,,,,,,,,,closed,,,urgent,169,60.0,5.0,False,on_or_after_signup,source_not_identified
T-4c2f4b,A-726cfa,2023-12-02,2023-12-03 13:00:00,Support,support_ticket,,,,,,,,,closed,,,high,150,37.0,,False,on_or_after_signup,source_not_identified
T-e7dc15,A-39868b,2024-03-26,2024-03-26 22:00:00,Support,support_ticket,,,,,,,,,closed,,,medium,137,22.0,,False,on_or_after_signup,source_not_identified
T-9876fb,A-2e3bad,2024-01-18,2024-01-18 14:00:00,Support,support_ticket,,,,,,,,,closed,,,high,92,14.0,,False,on_or_after_signup,source_not_identified
T-2c6679,A-0be015,2024-07-16,2024-07-18 03:00:00,Support,support_ticket,,,,,,,,,closed,,,medium,73,51.0,5.0,False,before_signup,source_not_identified
T-03303d,A-87aa7b,2023-11-29,2023-12-01 11:00:00,Support,support_ticket,,,,,,,,,closed,,,high,7,59.0,,True,before_signup,source_not_identified
T-1ed4c4,A-c62e55,2024-03-21,2024-03-21 15:00:00,Support,support_ticket,,,,,,,,,closed,,,urgent,129,15.0,5.0,False,on_or_after_signup,source_not_identified
T-7c6ab3,A-65a46c,2024-12-23,2024-12-25 09:00:00,Support,support_ticket,,,,,,,,,closed,,,urgent,96,57.0,5.0,False,on_or_after_signup,source_not_identified
T-67bfcf,A-3932db,2023-09-01,2023-09-02 12:00:00,Support,support_ticket,,,,,,,,,closed,,,urgent,144,36.0,3.0,False,before_signup,source_not_identified
T-088eb6,A-ac14bb,2024-03-28,2024-03-28 21:00:00,Support,support_ticket,,,,,,,,,closed,,,high,23,21.0,,False,on_or_after_signup,source_not_identified
T-b4bec0,A-117171,2023-08-05,2023-08-06 09:00:00,Support,support_ticket,,,,,,,,,closed,,,urgent,137,33.0,,False,before_signup,source_not_identified
T-03d219,A-ae052e,2024-01-02,2024-01-04 05:00:00,Support,support_ticket,,,,,,,,,closed,,,urgent,6,53.0,,False,on_or_after_signup,source_not_identified
T-7c2d38,A-ad3abd,2024-11-03,2024-11-03 01:00:00,Support,support_ticket,,,,,,,,,closed,,,high,35,1.0,,False,on_or_after_signup,source_not_identified
T-1112c6,A-de24d5,2023-09-22,2023-09-25 00:00:00,Support,support_ticket,,,,,,,,,closed,,,urgent,24,72.0,3.0,False,before_signup,source_not_identified
T-938c6d,A-a8d89d,2023-08-19,2023-08-21 12:00:00,Support,support_ticket,,,,,,,,,closed,,,low,132,60.0,,False,before_signup,source_not_identified
T-d2e273,A-9f9299,2024-10-05,2024-10-05 05:00:00,Support,support_ticket,,,,,,,,,closed,,,high,94,5.0,,False,on_or_after_signup,source_not_identified
T-bdc72c,A-34d880,2024-11-19,2024-11-21 14:00:00,Support,support_ticket,,,,,,,,,closed,,,medium,106,62.0,3.0,False,on_or_after_signup,source_not_identified
T-7d4777,A-66224b,2024-11-20,2024-11-21 16:00:00,Support,support_ticket,,,,,,,,,closed,,,medium,4,40.0,3.0,False,on_or_after_signup,source_not_identified
T-03624c,A-7c6b6b,2024-01-29,2024-01-31 10:00:00,Support,support_ticket,,,,,,,,,closed,,,low,68,58.0,3.0,False,before_signup,source_not_identified
T-3fab11,A-463db0,2023-03-12,2023-03-14 07:00:00,Support,support_ticket,,,,,,,,,closed,,,high,123,55.0,5.0,False,before_signup,source_not_identified
T-37f2cf,A-faa28c,2024-05-29,2024-05-30 17:00:00,Support,support_ticket,,,,,,,,,closed,,,urgent,127,41.0,5.0,True,on_or_after_signup,source_not_identified
T-826f63,A-f9cc74,2023-07-23,2023-07-26 00:00:00,Support,support_ticket,,,,,,,,,closed,,,low,169,72.0,,False,before_signup,source_not_identified
T-f7ec04,A-ad296b,2023-10-18,2023-10-18 16:00:00,Support,support_ticket,,,,,,,,,closed,,,urgent,74,16.0,3.0,True,before_signup,source_not_identified
T-856d24,A-dbc825,2023-05-05,2023-05-07 05:00:00,Support,support_ticket,,,,,,,,,closed,,,high,166,53.0,,False,before_signup,source_not_identified
T-cbfd6b,A-8b0451,2023-03-15,2023-03-16 01:00:00,Support,support_ticket,,,,,,,,,closed,,,medium,137,25.0,4.0,False,before_signup,source_not_identified
T-66636b,A-37f969,2023-07-25,2023-07-27 22:00:00,Support,support_ticket,,,,,,,,,closed,,,medium,116,70.0,4.0,False,before_signup,source_not_identified
T-be44ea,A-bc4d48,2024-09-17,2024-09-19 01:00:00,Support,support_ticket,,,,,,,,,closed,,,medium,19,49.0,5.0,False,on_or_after_signup,source_not_identified
T-fcd539,A-7da956,2024-07-12,2024-07-12 21:00:00,Support,support_ticket,,,,,,,,,closed,,,urgent,97,21.0,,False,on_or_after_signup,source_not_identified
T-433a53,A-297a2d,2023-02-28,2023-02-28 10:00:00,Support,support_ticket,,,,,,,,,closed,,,high,160,10.0,3.0,False,before_signup,source_not_identified
T-5fb9f7,A-0f7d77,2023-01-06,2023-01-06 19:00:00,Support,support_ticket,,,,,,,,,closed,,,medium,88,19.0,,False,before_signup,source_not_identified
T-ced995,A-76fa4d,2024-06-24,2024-06-25 19:00:00,Support,support_ticket,,,,,,,,,closed,,,urgent,92,43.0,,False,before_signup,source_not_identified
T-9398db,A-bbe56f,2024-06-28,2024-06-30 00:00:00,Support,support_ticket,,,,,,,,,closed,,,low,107,48.0,5.0,False,on_or_after_signup,source_not_identified
T-58a90d,A-cb6cc6,2024-11-25,2024-11-26 02:00:00,Support,support_ticket,,,,,,,,,closed,,,high,170,26.0,3.0,False,on_or_after_signup,source_not_identified
T-8833a5,A-a1b80b,2023-12-02,2023-12-03 10:00:00,Support,support_ticket,,,,,,,,,closed,,,medium,150,34.0,4.0,False,on_or_after_signup,source_not_identified
T-ef7c6e,A-f446b6,2024-05-14,2024-05-14 01:00:00,Support,support_ticket,,,,,,,,,closed,,,high,47,1.0,5.0,False,on_or_after_signup,source_not_identified
T-b8ed8f,A-22f2df,2023-01-18,2023-01-18 11:00:00,Support,support_ticket,,,,,,,,,closed,,,high,99,11.0,,False,before_signup,source_not_identified
T-97fa24,A-f51f16,2023-06-16,2023-06-16 09:00:00,Support,support_ticket,,,,,,,,,closed,,,medium,73,9.0,3.0,False,before_signup,source_not_identified
T-290bd4,A-ccc747,2023-06-02,2023-06-02 03:00:00,Support,support_ticket,,,,,,,,,closed,,,medium,18,3.0,,False,before_signup,source_not_identified
T-c45238,A-3f9cc0,2024-11-03,2024-11-05 12:00:00,Support,support_ticket,,,,,,,,,closed,,,medium,139,60.0,,False,on_or_after_signup,source_not_identified
T-a8de52,A-5b4ebb,2024-11-07,2024-11-07 17:00:00,Support,support_ticket,,,,,,,,,closed,,,medium,128,17.0,5.0,False,on_or_after_signup,source_not_identified
T-73259c,A-54ecc2,2023-05-09,2023-05-09 20:00:00,Support,support_ticket,,,,,,,,,closed,,,medium,59,20.0,,False,before_signup,source_not_identified
T-eace7b,A-9c18c4,2023-02-12,2023-02-13 08:00:00,Support,support_ticket,,,,,,,,,closed,,,low,156,32.0,,False,before_signup,source_not_identified
T-9cb671,A-ce550d,2023-06-11,2023-06-13 07:00:00,Support,support_ticket,,,,,,,,,closed,,,high,73,55.0,,False,before_signup,source_not_identified
T-ae23c2,A-7e0a10,2023-03-09,2023-03-10 15:00:00,Support,support_ticket,,,,,,,,,closed,,,urgent,127,39.0,5.0,False,before_signup,source_not_identified
T-1cbbd0,A-c1dfe1,2024-01-28,2024-01-29 09:00:00,Support,support_ticket,,,,,,,,,closed,,,urgent,38,33.0,4.0,False,on_or_after_signup,source_not_identified
T-78b6e2,A-55f257,2023-09-11,2023-09-12 07:00:00,Support,support_ticket,,,,,,,,,closed,,,high,45,31.0,5.0,False,before_signup,source_not_identified
T-a941f1,A-a09355,2023-10-20,2023-10-20 08:00:00,Support,support_ticket,,,,,,,,,closed,,,low,129,8.0,5.0,False,before_signup,source_not_identified
T-667845,A-82861f,2024-09-17,2024-09-17 11:00:00,Support,support_ticket,,,,,,,,,closed,,,urgent,77,11.0,3.0,False,on_or_after_signup,source_not_identified
T-546223,A-ccabf0,2023-01-04,2023-01-06 13:00:00,Support,support_ticket,,,,,,,,,closed,,,high,46,61.0,4.0,False,before_signup,source_not_identified
T-6a2899,A-4437e4,2023-09-12,2023-09-14 03:00:00,Support,support_ticket,,,,,,,,,closed,,,medium,136,51.0,,True,before_signup,source_not_identified
T-ceb781,A-712533,2023-07-17,2023-07-17 09:00:00,Support,support_ticket,,,,,,,,,closed,,,low,108,9.0,3.0,False,before_signup,source_not_identified
T-365342,A-39868b,2023-04-04,2023-04-05 05:00:00,Support,support_ticket,,,,,,,,,closed,,,low,146,29.0,5.0,False,before_signup,source_not_identified
T-e9e7a7,A-3be56b,2023-06-17,2023-06-17 22:00:00,Support,support_ticket,,,,,,,,,closed,,,low,107,22.0,3.0,False,before_signup,source_not_identified
T-4be927,A-96bbc6,2023-11-04,2023-11-06 14:00:00,Support,support_ticket,,,,,,,,,closed,,,low,31,62.0,3.0,False,before_signup,source_not_identified
T-5b7600,A-bd4513,2023-08-28,2023-08-29 21:00:00,Support,support_ticket,,,,,,,,,closed,,,medium,127,45.0,5.0,False,before_signup,source_not_identified
T-d0e9c2,A-0f6450,2024-02-27,2024-02-28 12:00:00,Support,support_ticket,,,,,,,,,closed,,,medium,112,36.0,,False,before_signup,source_not_identified
T-62d8ce,A-50f3f7,2024-09-01,2024-09-02 02:00:00,Support,support_ticket,,,,,,,,,closed,,,low,165,26.0,5.0,False,on_or_after_signup,source_not_identified
T-2a24d4,A-8145a0,2023-08-19,2023-08-19 17:00:00,Support,support_ticket,,,,,,,,,closed,,,urgent,87,17.0,3.0,False,on_or_after_signup,source_not_identified
T-a3d1d0,A-c58f49,2023-08-24,2023-08-25 20:00:00,Support,support_ticket,,,,,,,,,closed,,,urgent,54,44.0,,False,before_signup,source_not_identified
T-ade86f,A-e3bd71,2024-01-25,2024-01-25 16:00:00,Support,support_ticket,,,,,,,,,closed,,,low,96,16.0,,False,on_or_after_signup,source_not_identified
T-b8e4c5,A-ef84cf,2023-11-03,2023-11-04 10:00:00,Support,support_ticket,,,,,,,,,closed,,,low,98,34.0,,False,before_signup,source_not_identified
T-ffeda5,A-560d27,2023-11-12,2023-11-13 16:00:00,Support,support_ticket,,,,,,,,,closed,,,medium,90,40.0,,False,before_signup,source_not_identified
T-e938bb,A-832ec2,2024-07-24,2024-07-26 06:00:00,Support,support_ticket,,,,,,,,,closed,,,medium,171,54.0,4.0,False,on_or_after_signup,source_not_identified
T-85af66,A-1f7acb,2024-01-12,2024-01-12 13:00:00,Support,support_ticket,,,,,,,,,closed,,,medium,165,13.0,,False,on_or_after_signup,source_not_identified
T-e13c08,A-de58ca,2023-12-28,2023-12-28 06:00:00,Support,support_ticket,,,,,,,,,closed,,,low,23,6.0,,False,on_or_after_signup,source_not_identified
T-f365f1,A-9779ad,2024-10-14,2024-10-15 19:00:00,Support,support_ticket,,,,,,,,,closed,,,medium,161,43.0,5.0,False,on_or_after_signup,source_not_identified
T-dd45ee,A-8ed5dd,2024-12-09,2024-12-09 08:00:00,Support,support_ticket,,,,,,,,,closed,,,high,97,8.0,3.0,False,on_or_after_signup,source_not_identified
T-59d842,A-158f4e,2024-08-05,2024-08-07 19:00:00,Support,support_ticket,,,,,,,,,closed,,,medium,168,67.0,4.0,False,on_or_after_signup,source_not_identified
T-4a12e6,A-d42431,2024-08-07,2024-08-08 23:00:00,Support,support_ticket,,,,,,,,,closed,,,urgent,108,47.0,5.0,False,on_or_after_signup,source_not_identified
T-3bfb51,A-425e76,2024-05-07,2024-05-07 23:00:00,Support,support_ticket,,,,,,,,,closed,,,high,60,23.0,,False,on_or_after_signup,source_not_identified
T-d3391b,A-cb5333,2023-11-25,2023-11-27 17:00:00,Support,support_ticket,,,,,,,,,closed,,,low,165,65.0,,False,before_signup,source_not_identified
T-ae6671,A-798a3f,2023-07-16,2023-07-18 10:00:00,Support,support_ticket,,,,,,,,,closed,,,urgent,112,58.0,,False,before_signup,source_not_identified
T-300e16,A-22d9d2,2024-10-15,2024-10-15 04:00:00,Support,support_ticket,,,,,,,,,closed,,,urgent,131,4.0,3.0,True,on_or_after_signup,source_not_identified
T-167962,A-e3bd71,2023-11-09,2023-11-10 08:00:00,Support,support_ticket,,,,,,,,,closed,,,high,143,32.0,3.0,False,on_or_after_signup,source_not_identified
T-1760ba,A-0b0d6d,2023-08-03,2023-08-04 12:00:00,Support,support_ticket,,,,,,,,,closed,,,medium,1,36.0,3.0,False,before_signup,source_not_identified
T-a231f8,A-76fa4d,2023-04-19,2023-04-19 22:00:00,Support,support_ticket,,,,,,,,,closed,,,high,177,22.0,4.0,False,before_signup,source_not_identified
T-706693,A-b54c01,2023-12-31,2024-01-01 14:00:00,Support,support_ticket,,,,,,,,,closed,,,medium,19,38.0,3.0,False,before_signup,source_not_identified
T-fe8af7,A-90a8c8,2023-10-13,2023-10-14 00:00:00,Support,support_ticket,,,,,,,,,closed,,,low,33,24.0,3.0,False,before_signup,source_not_identified
T-a427d8,A-4ef964,2023-03-24,2023-03-24 05:00:00,Support,support_ticket,,,,,,,,,closed,,,high,61,5.0,3.0,False,before_signup,source_not_identified
T-30b4eb,A-104f1a,2024-12-30,2024-12-30 12:00:00,Support,support_ticket,,,,,,,,,closed,,,medium,37,12.0,,False,on_or_after_signup,source_not_identified
T-abb562,A-700ade,2023-09-08,2023-09-08 12:00:00,Support,support_ticket,,,,,,,,,closed,,,low,6,12.0,5.0,False,before_signup,source_not_identified
T-a819c9,A-139c3b,2023-07-11,2023-07-13 14:00:00,Support,support_ticket,,,,,,,,,closed,,,urgent,38,62.0,,False,before_signup,source_not_identified
T-36d4a7,A-902ef7,2024-07-07,2024-07-08 13:00:00,Support,support_ticket,,,,,,,,,closed,,,urgent,130,37.0,,False,before_signup,source_not_identified
T-5c2f82,A-1f559b,2023-12-13,2023-12-15 20:00:00,Support,support_ticket,,,,,,,,,closed,,,urgent,143,68.0,4.0,False,on_or_after_signup,source_not_identified
T-701980,A-ced9aa,2023-09-15,2023-09-15 20:00:00,Support,support_ticket,,,,,,,,,closed,,,low,125,20.0,3.0,False,before_signup,source_not_identified
T-5f6c15,A-e43bf7,2024-12-25,2024-12-25 05:00:00,Support,support_ticket,,,,,,,,,closed,,,medium,26,5.0,3.0,False,on_or_after_signup,source_not_identified
T-07593c,A-310452,2023-11-24,2023-11-24 11:00:00,Support,support_ticket,,,,,,,,,closed,,,medium,145,11.0,3.0,False,before_signup,source_not_identified
T-6807e7,A-a33200,2023-08-23,2023-08-23 16:00:00,Support,support_ticket,,,,,,,,,closed,,,low,118,16.0,4.0,False,before_signup,source_not_identified
T-027d8f,A-508199,2024-03-23,2024-03-24 20:00:00,Support,support_ticket,,,,,,,,,closed,,,urgent,27,44.0,,False,on_or_after_signup,source_not_identified
T-3798d5,A-5ed98d,2024-03-28,2024-03-28 12:00:00,Support,support_ticket,,,,,,,,,closed,,,medium,56,12.0,,False,before_signup,source_not_identified
T-763f2d,A-118f1c,2023-06-22,2023-06-24 16:00:00,Support,support_ticket,,,,,,,,,closed,,,medium,141,64.0,3.0,False,before_signup,source_not_identified
T-196fca,A-6843f2,2024-04-27,2024-04-29 13:00:00,Support,support_ticket,,,,,,,,,closed,,,high,22,61.0,3.0,False,before_signup,source_not_identified
T-b2adad,A-54ecc2,2024-10-29,2024-10-31 09:00:00,Support,support_ticket,,,,,,,,,closed,,,medium,20,57.0,5.0,False,on_or_after_signup,source_not_identified
T-37b69f,A-bb1eaa,2024-05-21,2024-05-21 01:00:00,Support,support_ticket,,,,,,,,,closed,,,urgent,114,1.0,4.0,False,before_signup,source_not_identified
T-f873ff,A-9123ac,2023-04-21,2023-04-22 16:00:00,Support,support_ticket,,,,,,,,,closed,,,low,73,40.0,4.0,False,before_signup,source_not_identified
T-2a2ecd,A-533452,2023-10-26,2023-10-27 23:00:00,Support,support_ticket,,,,,,,,,closed,,,medium,30,47.0,,False,before_signup,source_not_identified
T-b29471,A-44dc83,2023-06-11,2023-06-12 16:00:00,Support,support_ticket,,,,,,,,,closed,,,high,53,40.0,4.0,False,before_signup,source_not_identified
T-c32093,A-313be3,2023-01-27,2023-01-27 08:00:00,Support,support_ticket,,,,,,,,,closed,,,urgent,41,8.0,,False,before_signup,source_not_identified
T-f0f18c,A-ed510f,2023-03-31,2023-04-02 16:00:00,Support,support_ticket,,,,,,,,,closed,,,high,137,64.0,,False,on_or_after_signup,source_not_identified
T-4c7b15,A-443f6f,2023-01-22,2023-01-24 02:00:00,Support,support_ticket,,,,,,,,,closed,,,low,126,50.0,5.0,False,before_signup,source_not_identified
T-ca36f7,A-812c5b,2023-02-28,2023-03-01 14:00:00,Support,support_ticket,,,,,,,,,closed,,,high,108,38.0,4.0,False,before_signup,source_not_identified
T-a1bab0,A-45ce7a,2023-04-25,2023-04-27 02:00:00,Support,support_ticket,,,,,,,,,closed,,,medium,141,50.0,4.0,False,before_signup,source_not_identified
T-5daa6c,A-f44180,2024-04-28,2024-04-29 08:00:00,Support,support_ticket,,,,,,,,,closed,,,low,157,32.0,5.0,False,on_or_after_signup,source_not_identified
T-ea0979,A-855a48,2024-06-30,2024-07-01 14:00:00,Support,support_ticket,,,,,,,,,closed,,,urgent,177,38.0,,False,on_or_after_signup,source_not_identified
T-308071,A-f51f16,2023-04-16,2023-04-17 11:00:00,Support,support_ticket,,,,,,,,,closed,,,high,10,35.0,3.0,False,before_signup,source_not_identified
T-ed091b,A-09316c,2023-08-12,2023-08-14 10:00:00,Support,support_ticket,,,,,,,,,closed,,,medium,129,58.0,4.0,False,before_signup,source_not_identified
T-fd14d8,A-751c58,2023-06-21,2023-06-23 01:00:00,Support,support_ticket,,,,,,,,,closed,,,medium,178,49.0,,False,before_signup,source_not_identified
T-3a3a53,A-139c3b,2024-12-18,2024-12-19 02:00:00,Support,support_ticket,,,,,,,,,closed,,,medium,89,26.0,5.0,False,on_or_after_signup,source_not_identified
T-35ae60,A-7641d3,2023-12-17,2023-12-19 22:00:00,Support,support_ticket,,,,,,,,,closed,,,medium,174,70.0,,False,on_or_after_signup,source_not_identified
T-93f5f0,A-3c1a3f,2023-08-04,2023-08-04 05:00:00,Support,support_ticket,,,,,,,,,closed,,,low,20,5.0,,False,before_signup,source_not_identified
T-0a835d,A-0aaf6e,2023-11-06,2023-11-08 08:00:00,Support,support_ticket,,,,,,,,,closed,,,low,14,56.0,,False,before_signup,source_not_identified
T-a79931,A-b179bf,2023-08-23,2023-08-25 05:00:00,Support,support_ticket,,,,,,,,,closed,,,low,94,53.0,4.0,False,before_signup,source_not_identified
T-54b348,A-50f3f7,2023-05-31,2023-06-02 07:00:00,Support,support_ticket,,,,,,,,,closed,,,low,41,55.0,,False,before_signup,source_not_identified
T-ee77ae,A-8ed5dd,2024-05-17,2024-05-19 03:00:00,Support,support_ticket,,,,,,,,,closed,,,low,87,51.0,,False,on_or_after_signup,source_not_identified
T-fb798a,A-8bde0c,2024-11-07,2024-11-07 09:00:00,Support,support_ticket,,,,,,,,,closed,,,medium,64,9.0,,False,on_or_after_signup,source_not_identified
T-b0b086,A-bb3bd4,2023-02-18,2023-02-19 11:00:00,Support,support_ticket,,,,,,,,,closed,,,medium,65,35.0,5.0,False,before_signup,source_not_identified
T-6de710,A-7da956,2024-02-04,2024-02-05 18:00:00,Support,support_ticket,,,,,,,,,closed,,,low,55,42.0,,False,before_signup,source_not_identified
T-d319e4,A-eb7c38,2024-03-04,2024-03-05 01:00:00,Support,support_ticket,,,,,,,,,closed,,,low,46,25.0,,False,on_or_after_signup,source_not_identified
T-041287,A-34ea2f,2024-07-15,2024-07-17 22:00:00,Support,support_ticket,,,,,,,,,closed,,,urgent,19,70.0,4.0,False,before_signup,source_not_identified
T-496c6b,A-1e1b80,2024-08-23,2024-08-25 21:00:00,Support,support_ticket,,,,,,,,,closed,,,low,150,69.0,3.0,False,on_or_after_signup,source_not_identified
T-d92e2e,A-712426,2024-07-18,2024-07-20 19:00:00,Support,support_ticket,,,,,,,,,closed,,,high,67,67.0,4.0,False,before_signup,source_not_identified
T-6f8270,A-dbc825,2023-11-11,2023-11-14 00:00:00,Support,support_ticket,,,,,,,,,closed,,,high,118,72.0,3.0,False,before_signup,source_not_identified
T-2a21f8,A-1f7acb,2024-05-30,2024-05-30 08:00:00,Support,support_ticket,,,,,,,,,closed,,,medium,92,8.0,4.0,False,on_or_after_signup,source_not_identified
T-08e86b,A-9f9299,2023-10-05,2023-10-05 03:00:00,Support,support_ticket,,,,,,,,,closed,,,urgent,160,3.0,,False,on_or_after_signup,source_not_identified
T-bdbc42,A-31ab9a,2024-09-09,2024-09-11 14:00:00,Support,support_ticket,,,,,,,,,closed,,,urgent,90,62.0,4.0,False,on_or_after_signup,source_not_identified
T-996921,A-751bd4,2024-11-13,2024-11-14 17:00:00,Support,support_ticket,,,,,,,,,closed,,,urgent,124,41.0,5.0,False,on_or_after_signup,source_not_identified
T-c722ef,A-ced9aa,2023-09-17,2023-09-17 18:00:00,Support,support_ticket,,,,,,,,,closed,,,low,69,18.0,,False,before_signup,source_not_identified
T-100066,A-7f6b86,2023-01-11,2023-01-13 00:00:00,Support,support_ticket,,,,,,,,,closed,,,high,166,48.0,,False,before_signup,source_not_identified
T-51307e,A-b78bf8,2023-09-15,2023-09-16 16:00:00,Support,support_ticket,,,,,,,,,closed,,,low,93,40.0,5.0,False,before_signup,source_not_identified
T-e545b2,A-dfbd31,2024-01-09,2024-01-10 21:00:00,Support,support_ticket,,,,,,,,,closed,,,low,158,45.0,5.0,False,on_or_after_signup,source_not_identified
T-5a402d,A-e7beab,2023-04-25,2023-04-27 15:00:00,Support,support_ticket,,,,,,,,,closed,,,low,138,63.0,3.0,False,before_signup,source_not_identified
T-287b04,A-92a333,2023-05-07,2023-05-08 01:00:00,Support,support_ticket,,,,,,,,,closed,,,low,11,25.0,,False,on_or_after_signup,source_not_identified
T-2c61f3,A-4bfa33,2024-06-29,2024-06-29 16:00:00,Support,support_ticket,,,,,,,,,closed,,,high,180,16.0,3.0,False,before_signup,source_not_identified
T-c2b413,A-90a8c8,2024-03-31,2024-04-02 22:00:00,Support,support_ticket,,,,,,,,,closed,,,urgent,13,70.0,3.0,False,before_signup,source_not_identified
T-a7489c,A-7e0a10,2024-01-24,2024-01-26 20:00:00,Support,support_ticket,,,,,,,,,closed,,,high,72,68.0,,False,on_or_after_signup,source_not_identified
T-011d5c,A-a09355,2023-05-13,2023-05-15 15:00:00,Support,support_ticket,,,,,,,,,closed,,,urgent,34,63.0,3.0,False,before_signup,source_not_identified
T-af4249,A-dec005,2023-10-02,2023-10-04 18:00:00,Support,support_ticket,,,,,,,,,closed,,,low,180,66.0,3.0,False,before_signup,source_not_identified
T-2904e8,A-692f18,2024-11-11,2024-11-11 20:00:00,Support,support_ticket,,,,,,,,,closed,,,low,144,20.0,,False,on_or_after_signup,source_not_identified
T-a9333e,A-5ed98d,2024-09-06,2024-09-09 00:00:00,Support,support_ticket,,,,,,,,,closed,,,medium,77,72.0,,False,on_or_after_signup,source_not_identified
T-4d5bca,A-970c97,2023-01-29,2023-01-31 13:00:00,Support,support_ticket,,,,,,,,,closed,,,urgent,139,61.0,5.0,False,before_signup,source_not_identified
T-f0d824,A-b9f5b1,2023-12-01,2023-12-02 04:00:00,Support,support_ticket,,,,,,,,,closed,,,urgent,165,28.0,3.0,False,on_or_after_signup,source_not_identified
T-05b5f6,A-cc1d8d,2024-03-05,2024-03-06 16:00:00,Support,support_ticket,,,,,,,,,closed,,,high,137,40.0,,False,before_signup,source_not_identified
T-246510,A-bb3bd4,2024-09-29,2024-09-30 17:00:00,Support,support_ticket,,,,,,,,,closed,,,high,160,41.0,5.0,False,on_or_after_signup,source_not_identified
T-e7f66c,A-241e75,2023-04-25,2023-04-27 04:00:00,Support,support_ticket,,,,,,,,,closed,,,low,136,52.0,,False,before_signup,source_not_identified
T-dcb2e1,A-34d880,2023-10-10,2023-10-12 13:00:00,Support,support_ticket,,,,,,,,,closed,,,medium,78,61.0,3.0,False,before_signup,source_not_identified
T-0e3932,A-118d55,2024-12-09,2024-12-09 11:00:00,Support,support_ticket,,,,,,,,,closed,,,medium,32,11.0,4.0,False,on_or_after_signup,source_not_identified
T-52fd00,A-0532a9,2023-01-29,2023-01-29 07:00:00,Support,support_ticket,,,,,,,,,closed,,,medium,49,7.0,,False,before_signup,source_not_identified
T-d5e01b,A-de24d5,2023-12-29,2023-12-29 01:00:00,Support,support_ticket,,,,,,,,,closed,,,high,177,1.0,,False,before_signup,source_not_identified
T-5a765e,A-3cc791,2024-02-27,2024-02-29 23:00:00,Support,support_ticket,,,,,,,,,closed,,,high,38,71.0,5.0,False,on_or_after_signup,source_not_identified
T-1bc086,A-00cac8,2023-09-15,2023-09-15 01:00:00,Support,support_ticket,,,,,,,,,closed,,,urgent,92,1.0,,False,on_or_after_signup,source_not_identified
T-30ab22,A-65aeb5,2023-09-01,2023-09-03 05:00:00,Support,support_ticket,,,,,,,,,closed,,,high,146,53.0,5.0,False,before_signup,source_not_identified
T-a1ebca,A-712426,2024-12-10,2024-12-11 08:00:00,Support,support_ticket,,,,,,,,,closed,,,medium,43,32.0,4.0,False,on_or_after_signup,source_not_identified
T-d9e588,A-bbe56f,2024-08-01,2024-08-01 07:00:00,Support,support_ticket,,,,,,,,,closed,,,low,117,7.0,3.0,False,on_or_after_signup,source_not_identified
T-765765,A-4437e4,2023-08-13,2023-08-14 20:00:00,Support,support_ticket,,,,,,,,,closed,,,high,120,44.0,,False,before_signup,source_not_identified
T-848076,A-c42f1f,2023-10-31,2023-10-31 08:00:00,Support,support_ticket,,,,,,,,,closed,,,low,105,8.0,3.0,False,before_signup,source_not_identified
T-00644f,A-8adedc,2023-05-22,2023-05-24 18:00:00,Support,support_ticket,,,,,,,,,closed,,,medium,62,66.0,,False,before_signup,source_not_identified
T-ec469a,A-e4bf56,2023-07-10,2023-07-12 04:00:00,Support,support_ticket,,,,,,,,,closed,,,urgent,72,52.0,5.0,False,before_signup,source_not_identified
T-d1c41b,A-98a59a,2023-03-22,2023-03-23 00:00:00,Support,support_ticket,,,,,,,,,closed,,,high,68,24.0,,False,before_signup,source_not_identified
T-090534,A-cc8c8f,2023-11-30,2023-11-30 07:00:00,Support,support_ticket,,,,,,,,,closed,,,urgent,143,7.0,4.0,False,before_signup,source_not_identified
T-367cc3,A-b7b7b7,2024-08-31,2024-08-31 01:00:00,Support,support_ticket,,,,,,,,,closed,,,medium,159,1.0,5.0,False,on_or_after_signup,source_not_identified
T-f86b35,A-139c3b,2024-09-13,2024-09-13 11:00:00,Support,support_ticket,,,,,,,,,closed,,,urgent,108,11.0,,False,before_signup,source_not_identified
T-e23a37,A-855a48,2023-05-11,2023-05-11 13:00:00,Support,support_ticket,,,,,,,,,closed,,,high,55,13.0,,False,before_signup,source_not_identified
T-776916,A-0a282f,2023-06-12,2023-06-14 17:00:00,Support,support_ticket,,,,,,,,,closed,,,medium,12,65.0,5.0,False,before_signup,source_not_identified
T-0854f6,A-310452,2024-01-31,2024-02-02 19:00:00,Support,support_ticket,,,,,,,,,closed,,,urgent,178,67.0,3.0,False,before_signup,source_not_identified
T-2c34c5,A-034368,2023-08-29,2023-08-31 17:00:00,Support,support_ticket,,,,,,,,,closed,,,low,34,65.0,5.0,False,before_signup,source_not_identified
T-270c25,A-81edc3,2023-12-19,2023-12-21 21:00:00,Support,support_ticket,,,,,,,,,closed,,,high,56,69.0,,False,on_or_after_signup,source_not_identified
T-f3e69b,A-b7ef83,2024-10-03,2024-10-05 19:00:00,Support,support_ticket,,,,,,,,,closed,,,medium,70,67.0,,False,on_or_after_signup,source_not_identified
T-2987d9,A-50f3f7,2023-04-17,2023-04-18 06:00:00,Support,support_ticket,,,,,,,,,closed,,,urgent,155,30.0,5.0,True,before_signup,source_not_identified
T-da63ee,A-149a69,2023-01-30,2023-01-31 09:00:00,Support,support_ticket,,,,,,,,,closed,,,high,79,33.0,5.0,False,before_signup,source_not_identified
T-44b600,A-eafc6e,2023-07-14,2023-07-16 16:00:00,Support,support_ticket,,,,,,,,,closed,,,medium,136,64.0,,False,on_or_after_signup,source_not_identified
T-4d0d5b,A-5a215a,2024-12-06,2024-12-06 12:00:00,Support,support_ticket,,,,,,,,,closed,,,urgent,126,12.0,4.0,False,on_or_after_signup,source_not_identified
T-7cca37,A-dbc825,2024-10-02,2024-10-03 16:00:00,Support,support_ticket,,,,,,,,,closed,,,medium,128,40.0,5.0,True,on_or_after_signup,source_not_identified
T-122749,A-4e960a,2024-01-14,2024-01-15 19:00:00,Support,support_ticket,,,,,,,,,closed,,,low,77,43.0,,False,before_signup,source_not_identified
T-27d61d,A-c7e58b,2024-01-25,2024-01-25 13:00:00,Support,support_ticket,,,,,,,,,closed,,,medium,171,13.0,4.0,False,on_or_after_signup,source_not_identified
T-86e757,A-82d8a6,2023-10-29,2023-10-31 03:00:00,Support,support_ticket,,,,,,,,,closed,,,high,129,51.0,,False,before_signup,source_not_identified
T-13e2c4,A-92a3af,2024-03-17,2024-03-19 23:00:00,Support,support_ticket,,,,,,,,,closed,,,medium,29,71.0,5.0,False,before_signup,source_not_identified
T-df9759,A-b7724f,2024-12-30,2024-12-30 15:00:00,Support,support_ticket,,,,,,,,,closed,,,medium,86,15.0,3.0,False,on_or_after_signup,source_not_identified
T-c556c6,A-7c5768,2024-11-21,2024-11-23 02:00:00,Support,support_ticket,,,,,,,,,closed,,,high,39,50.0,4.0,False,on_or_after_signup,source_not_identified
T-e57828,A-883b7d,2023-04-16,2023-04-17 19:00:00,Support,support_ticket,,,,,,,,,closed,,,high,52,43.0,,False,before_signup,source_not_identified
T-fc25d0,A-fd7ad3,2024-08-17,2024-08-19 13:00:00,Support,support_ticket,,,,,,,,,closed,,,high,138,61.0,,False,before_signup,source_not_identified
T-743f15,A-d49cc5,2024-12-21,2024-12-23 16:00:00,Support,support_ticket,,,,,,,,,closed,,,urgent,2,64.0,,False,on_or_after_signup,source_not_identified
T-9bbea1,A-b54c01,2023-02-06,2023-02-08 04:00:00,Support,support_ticket,,,,,,,,,closed,,,low,172,52.0,,False,before_signup,source_not_identified
T-9bf64e,A-3ce5b8,2023-10-07,2023-10-08 05:00:00,Support,support_ticket,,,,,,,,,closed,,,high,87,29.0,,False,on_or_after_signup,source_not_identified
T-7cefd9,A-7920cc,2023-03-31,2023-04-02 15:00:00,Support,support_ticket,,,,,,,,,closed,,,medium,146,63.0,5.0,False,before_signup,source_not_identified
T-9717fc,A-cea1f0,2024-05-11,2024-05-13 09:00:00,Support,support_ticket,,,,,,,,,closed,,,medium,145,57.0,,False,on_or_after_signup,source_not_identified
T-b43464,A-08e34e,2024-07-15,2024-07-17 20:00:00,Support,support_ticket,,,,,,,,,closed,,,high,67,68.0,3.0,False,on_or_after_signup,source_not_identified
T-29abed,A-cd458b,2024-03-28,2024-03-30 02:00:00,Support,support_ticket,,,,,,,,,closed,,,urgent,39,50.0,5.0,False,before_signup,source_not_identified
T-4e24d4,A-b3fe05,2023-05-29,2023-05-31 18:00:00,Support,support_ticket,,,,,,,,,closed,,,urgent,75,66.0,,False,before_signup,source_not_identified
T-990f20,A-6a7c9d,2024-08-15,2024-08-16 04:00:00,Support,support_ticket,,,,,,,,,closed,,,medium,42,28.0,3.0,False,before_signup,source_not_identified
T-618d10,A-afa505,2024-09-25,2024-09-25 19:00:00,Support,support_ticket,,,,,,,,,closed,,,urgent,130,19.0,,False,on_or_after_signup,source_not_identified
T-9736d7,A-d4e0d4,2023-08-12,2023-08-12 19:00:00,Support,support_ticket,,,,,,,,,closed,,,medium,66,19.0,,False,before_signup,source_not_identified
T-7a48cd,A-4c38bc,2024-07-27,2024-07-29 18:00:00,Support,support_ticket,,,,,,,,,closed,,,medium,37,66.0,4.0,False,on_or_after_signup,source_not_identified
T-8f1182,A-fa3095,2023-05-25,2023-05-27 02:00:00,Support,support_ticket,,,,,,,,,closed,,,high,98,50.0,,False,before_signup,source_not_identified
T-926ee8,A-5a92e7,2023-06-17,2023-06-19 20:00:00,Support,support_ticket,,,,,,,,,closed,,,high,9,68.0,5.0,False,before_signup,source_not_identified
T-21c5ae,A-9123ac,2024-11-18,2024-11-19 13:00:00,Support,support_ticket,,,,,,,,,closed,,,urgent,77,37.0,4.0,False,on_or_after_signup,source_not_identified
T-7d1efb,A-eb2fdc,2023-12-18,2023-12-19 22:00:00,Support,support_ticket,,,,,,,,,closed,,,medium,16,46.0,,False,on_or_after_signup,source_not_identified
T-bad86e,A-7c6b6b,2024-09-10,2024-09-12 20:00:00,Support,support_ticket,,,,,,,,,closed,,,high,144,68.0,,False,before_signup,source_not_identified
T-818ae1,A-6965e1,2024-07-27,2024-07-29 09:00:00,Support,support_ticket,,,,,,,,,closed,,,low,55,57.0,,False,before_signup,source_not_identified
T-e1cf37,A-4c38bc,2023-04-13,2023-04-15 20:00:00,Support,support_ticket,,,,,,,,,closed,,,high,72,68.0,3.0,False,before_signup,source_not_identified
T-104009,A-fd7ad3,2023-08-21,2023-08-23 07:00:00,Support,support_ticket,,,,,,,,,closed,,,high,82,55.0,,False,before_signup,source_not_identified
T-2b7d40,A-474ad4,2023-04-23,2023-04-25 00:00:00,Support,support_ticket,,,,,,,,,closed,,,medium,65,48.0,,True,before_signup,source_not_identified
T-b4f3d9,A-378b99,2023-08-03,2023-08-03 05:00:00,Support,support_ticket,,,,,,,,,closed,,,low,101,5.0,5.0,False,before_signup,source_not_identified
T-d6ab6c,A-66224b,2023-12-05,2023-12-05 06:00:00,Support,support_ticket,,,,,,,,,closed,,,urgent,58,6.0,3.0,False,before_signup,source_not_identified
T-62b1dd,A-a45270,2024-12-27,2024-12-29 19:00:00,Support,support_ticket,,,,,,,,,closed,,,medium,112,67.0,4.0,False,on_or_after_signup,source_not_identified
T-cd4a87,A-798a3f,2023-04-08,2023-04-09 21:00:00,Support,support_ticket,,,,,,,,,closed,,,urgent,38,45.0,3.0,False,before_signup,source_not_identified
T-3aa54d,A-db5e9e,2024-06-25,2024-06-27 16:00:00,Support,support_ticket,,,,,,,,,closed,,,low,177,64.0,5.0,False,before_signup,source_not_identified
T-640bda,A-96bbc6,2023-01-07,2023-01-08 04:00:00,Support,support_ticket,,,,,,,,,closed,,,medium,112,28.0,3.0,False,before_signup,source_not_identified
T-8e435c,A-e1b9cd,2023-06-16,2023-06-17 11:00:00,Support,support_ticket,,,,,,,,,closed,,,high,115,35.0,3.0,False,on_or_after_signup,source_not_identified
T-32b901,A-67be94,2024-11-14,2024-11-16 01:00:00,Support,support_ticket,,,,,,,,,closed,,,high,1,49.0,,False,on_or_after_signup,source_not_identified
T-867910,A-3793ee,2024-06-14,2024-06-16 22:00:00,Support,support_ticket,,,,,,,,,closed,,,high,11,70.0,4.0,False,on_or_after_signup,source_not_identified
T-316da7,A-1ac5e0,2024-01-15,2024-01-16 11:00:00,Support,support_ticket,,,,,,,,,closed,,,high,44,35.0,4.0,False,before_signup,source_not_identified
T-3517a8,A-702032,2023-07-28,2023-07-30 04:00:00,Support,support_ticket,,,,,,,,,closed,,,medium,43,52.0,,False,before_signup,source_not_identified
T-86c6c6,A-8adedc,2023-08-05,2023-08-07 11:00:00,Support,support_ticket,,,,,,,,,closed,,,high,22,59.0,4.0,False,before_signup,source_not_identified
T-565965,A-3b5cd1,2023-01-11,2023-01-12 17:00:00,Support,support_ticket,,,,,,,,,closed,,,urgent,42,41.0,4.0,False,before_signup,source_not_identified
T-096b66,A-313be3,2023-06-27,2023-06-27 06:00:00,Support,support_ticket,,,,,,,,,closed,,,urgent,69,6.0,,False,before_signup,source_not_identified
T-d90ef7,A-e2cd1b,2023-08-17,2023-08-19 19:00:00,Support,support_ticket,,,,,,,,,closed,,,medium,101,67.0,4.0,False,before_signup,source_not_identified
T-495585,A-acb7f7,2024-01-27,2024-01-27 23:00:00,Support,support_ticket,,,,,,,,,closed,,,medium,31,23.0,3.0,False,on_or_after_signup,source_not_identified
T-502019,A-4e631b,2024-09-23,2024-09-23 20:00:00,Support,support_ticket,,,,,,,,,closed,,,low,18,20.0,4.0,False,on_or_after_signup,source_not_identified
T-b6d93a,A-50bb9f,2023-02-24,2023-02-25 10:00:00,Support,support_ticket,,,,,,,,,closed,,,low,35,34.0,,False,before_signup,source_not_identified
T-d5352f,A-c1e51e,2023-01-23,2023-01-25 05:00:00,Support,support_ticket,,,,,,,,,closed,,,high,148,53.0,3.0,False,before_signup,source_not_identified
T-5f94dd,A-d82ef9,2024-12-31,2024-12-31 13:00:00,Support,support_ticket,,,,,,,,,closed,,,high,149,13.0,4.0,False,on_or_after_signup,source_not_identified
T-d0ff21,A-378b99,2023-07-11,2023-07-12 10:00:00,Support,support_ticket,,,,,,,,,closed,,,medium,40,34.0,5.0,False,before_signup,source_not_identified
T-1d7cfb,A-05d3b3,2024-08-11,2024-08-11 15:00:00,Support,support_ticket,,,,,,,,,closed,,,urgent,44,15.0,5.0,False,on_or_after_signup,source_not_identified
T-759c6f,A-fb186e,2023-01-11,2023-01-12 19:00:00,Support,support_ticket,,,,,,,,,closed,,,medium,132,43.0,3.0,False,before_signup,source_not_identified
T-0c378b,A-f03140,2023-12-04,2023-12-05 17:00:00,Support,support_ticket,,,,,,,,,closed,,,low,169,41.0,,False,on_or_after_signup,source_not_identified
T-bde8aa,A-781cc0,2024-08-01,2024-08-02 07:00:00,Support,support_ticket,,,,,,,,,closed,,,high,133,31.0,,False,before_signup,source_not_identified
T-bf01b8,A-59f724,2024-06-21,2024-06-21 19:00:00,Support,support_ticket,,,,,,,,,closed,,,urgent,30,19.0,4.0,False,on_or_after_signup,source_not_identified
T-926f27,A-34d880,2024-10-05,2024-10-07 16:00:00,Support,support_ticket,,,,,,,,,closed,,,low,127,64.0,3.0,False,on_or_after_signup,source_not_identified
T-952a1a,A-9bfc9f,2023-06-04,2023-06-06 15:00:00,Support,support_ticket,,,,,,,,,closed,,,high,168,63.0,4.0,True,before_signup,source_not_identified
T-361edc,A-eb7fac,2023-03-18,2023-03-18 23:00:00,Support,support_ticket,,,,,,,,,closed,,,low,112,23.0,,False,before_signup,source_not_identified
T-2d4793,A-ce550d,2024-02-12,2024-02-12 03:00:00,Support,support_ticket,,,,,,,,,closed,,,urgent,88,3.0,,False,before_signup,source_not_identified
T-9bfb24,A-ad64c6,2024-07-02,2024-07-04 20:00:00,Support,support_ticket,,,,,,,,,closed,,,high,2,68.0,5.0,False,on_or_after_signup,source_not_identified
T-abcd41,A-6da850,2024-11-01,2024-11-02 12:00:00,Support,support_ticket,,,,,,,,,closed,,,medium,44,36.0,,False,on_or_after_signup,source_not_identified
T-5b0ebb,A-cea1f0,2023-03-22,2023-03-23 05:00:00,Support,support_ticket,,,,,,,,,closed,,,high,17,29.0,,False,before_signup,source_not_identified
T-2e5c7e,A-ff79f2,2024-09-04,2024-09-06 15:00:00,Support,support_ticket,,,,,,,,,closed,,,low,136,63.0,,False,on_or_after_signup,source_not_identified
T-ac4493,A-66224b,2023-08-12,2023-08-14 05:00:00,Support,support_ticket,,,,,,,,,closed,,,medium,172,53.0,4.0,False,before_signup,source_not_identified
T-6f11a3,A-a1b80b,2023-05-13,2023-05-15 10:00:00,Support,support_ticket,,,,,,,,,closed,,,urgent,18,58.0,,False,before_signup,source_not_identified
T-88949f,A-68f37c,2024-10-26,2024-10-27 19:00:00,Support,support_ticket,,,,,,,,,closed,,,low,173,43.0,,False,on_or_after_signup,source_not_identified
T-d612f3,A-bb1486,2024-05-19,2024-05-19 18:00:00,Support,support_ticket,,,,,,,,,closed,,,low,1,18.0,3.0,False,before_signup,source_not_identified
T-c127ef,A-149a69,2024-10-01,2024-10-02 01:00:00,Support,support_ticket,,,,,,,,,closed,,,high,170,25.0,4.0,False,before_signup,source_not_identified
T-6858fa,A-034368,2024-05-04,2024-05-05 00:00:00,Support,support_ticket,,,,,,,,,closed,,,medium,51,24.0,,False,on_or_after_signup,source_not_identified
T-6db7d8,A-e888d1,2023-12-06,2023-12-07 02:00:00,Support,support_ticket,,,,,,,,,closed,,,urgent,68,26.0,3.0,False,on_or_after_signup,source_not_identified
T-ad4ec7,A-560d27,2024-02-28,2024-02-28 12:00:00,Support,support_ticket,,,,,,,,,closed,,,low,62,12.0,3.0,False,before_signup,source_not_identified
T-a51205,A-cd458b,2023-07-04,2023-07-05 18:00:00,Support,support_ticket,,,,,,,,,closed,,,urgent,76,42.0,3.0,False,before_signup,source_not_identified
T-4dd126,A-af0cd2,2024-06-27,2024-06-28 12:00:00,Support,support_ticket,,,,,,,,,closed,,,medium,123,36.0,,False,on_or_after_signup,source_not_identified
T-6750a4,A-a33200,2024-03-14,2024-03-15 13:00:00,Support,support_ticket,,,,,,,,,closed,,,low,101,37.0,,False,before_signup,source_not_identified
T-33d113,A-7e0a10,2024-08-11,2024-08-12 09:00:00,Support,support_ticket,,,,,,,,,closed,,,high,30,33.0,,False,on_or_after_signup,source_not_identified
T-58506b,A-158f4e,2023-12-14,2023-12-14 13:00:00,Support,support_ticket,,,,,,,,,closed,,,urgent,124,13.0,4.0,False,on_or_after_signup,source_not_identified
T-753ba1,A-4bfa33,2023-12-08,2023-12-08 19:00:00,Support,support_ticket,,,,,,,,,closed,,,high,29,19.0,,False,before_signup,source_not_identified
T-59d67b,A-86902e,2024-03-21,2024-03-23 00:00:00,Support,support_ticket,,,,,,,,,closed,,,urgent,17,48.0,3.0,False,on_or_after_signup,source_not_identified
T-6ec2a9,A-9208f0,2023-06-21,2023-06-23 22:00:00,Support,support_ticket,,,,,,,,,closed,,,low,3,70.0,,False,on_or_after_signup,source_not_identified
T-b1d1d0,A-bcf664,2023-08-13,2023-08-14 01:00:00,Support,support_ticket,,,,,,,,,closed,,,urgent,128,25.0,3.0,False,on_or_after_signup,source_not_identified
T-130a82,A-cb5333,2023-08-22,2023-08-23 01:00:00,Support,support_ticket,,,,,,,,,closed,,,low,35,25.0,3.0,False,before_signup,source_not_identified
T-66d999,A-b44e3e,2023-06-26,2023-06-27 15:00:00,Support,support_ticket,,,,,,,,,closed,,,urgent,41,39.0,5.0,False,before_signup,source_not_identified
T-037337,A-378b99,2024-07-11,2024-07-11 16:00:00,Support,support_ticket,,,,,,,,,closed,,,low,1,16.0,,False,before_signup,source_not_identified
T-342b36,A-cc102e,2024-10-17,2024-10-19 13:00:00,Support,support_ticket,,,,,,,,,closed,,,low,177,61.0,5.0,False,on_or_after_signup,source_not_identified
T-223760,A-2edab2,2023-04-01,2023-04-03 11:00:00,Support,support_ticket,,,,,,,,,closed,,,low,124,59.0,,False,before_signup,source_not_identified
T-9eb2b5,A-dcc3f1,2024-01-16,2024-01-17 06:00:00,Support,support_ticket,,,,,,,,,closed,,,urgent,144,30.0,5.0,False,on_or_after_signup,source_not_identified
T-f3e7c5,A-756192,2023-01-23,2023-01-23 17:00:00,Support,support_ticket,,,,,,,,,closed,,,urgent,119,17.0,5.0,False,before_signup,source_not_identified
T-116af1,A-dcc2f0,2024-05-08,2024-05-10 04:00:00,Support,support_ticket,,,,,,,,,closed,,,urgent,93,52.0,,False,on_or_after_signup,source_not_identified
T-29279c,A-812c5b,2023-02-20,2023-02-21 19:00:00,Support,support_ticket,,,,,,,,,closed,,,urgent,127,43.0,4.0,False,before_signup,source_not_identified
T-b0acc7,A-1f559b,2023-08-27,2023-08-29 00:00:00,Support,support_ticket,,,,,,,,,closed,,,medium,126,48.0,4.0,False,before_signup,source_not_identified
T-d32d8c,A-c1e51e,2023-01-04,2023-01-05 01:00:00,Support,support_ticket,,,,,,,,,closed,,,urgent,55,25.0,4.0,False,before_signup,source_not_identified
T-cb9d4b,A-fd7ad3,2023-07-06,2023-07-07 14:00:00,Support,support_ticket,,,,,,,,,closed,,,medium,144,38.0,4.0,False,before_signup,source_not_identified
T-475284,A-d27f50,2024-04-13,2024-04-13 15:00:00,Support,support_ticket,,,,,,,,,closed,,,low,99,15.0,3.0,False,before_signup,source_not_identified
T-411989,A-2446e3,2024-10-27,2024-10-27 08:00:00,Support,support_ticket,,,,,,,,,closed,,,medium,148,8.0,4.0,False,on_or_after_signup,source_not_identified
T-863bcf,A-bece89,2024-05-28,2024-05-29 02:00:00,Support,support_ticket,,,,,,,,,closed,,,medium,163,26.0,4.0,True,on_or_after_signup,source_not_identified
T-866ebe,A-b07b56,2023-06-05,2023-06-06 03:00:00,Support,support_ticket,,,,,,,,,closed,,,urgent,115,27.0,,False,before_signup,source_not_identified
T-e0c9bf,A-6da850,2023-01-10,2023-01-12 21:00:00,Support,support_ticket,,,,,,,,,closed,,,medium,26,69.0,,False,before_signup,source_not_identified
T-458e24,A-f25509,2024-03-27,2024-03-27 20:00:00,Support,support_ticket,,,,,,,,,closed,,,medium,147,20.0,4.0,False,on_or_after_signup,source_not_identified
T-c8be02,A-378b99,2023-11-03,2023-11-05 01:00:00,Support,support_ticket,,,,,,,,,closed,,,medium,115,49.0,5.0,False,before_signup,source_not_identified
T-7f088c,A-4e44e8,2023-06-21,2023-06-23 23:00:00,Support,support_ticket,,,,,,,,,closed,,,low,175,71.0,4.0,False,before_signup,source_not_identified
T-4a0f02,A-186a44,2023-01-21,2023-01-23 03:00:00,Support,support_ticket,,,,,,,,,closed,,,urgent,61,51.0,,False,before_signup,source_not_identified
T-f3f1b8,A-dbc825,2024-04-11,2024-04-13 22:00:00,Support,support_ticket,,,,,,,,,closed,,,low,122,70.0,,False,on_or_after_signup,source_not_identified
T-79b057,A-31ab9a,2023-01-22,2023-01-23 03:00:00,Support,support_ticket,,,,,,,,,closed,,,low,66,27.0,4.0,False,before_signup,source_not_identified
T-11534a,A-524364,2023-03-21,2023-03-23 17:00:00,Support,support_ticket,,,,,,,,,closed,,,low,110,65.0,5.0,False,before_signup,source_not_identified
T-c0d8b2,A-8b0451,2024-12-01,2024-12-03 01:00:00,Support,support_ticket,,,,,,,,,closed,,,urgent,23,49.0,3.0,False,on_or_after_signup,source_not_identified
T-ad6a24,A-7e0a10,2024-12-18,2024-12-19 22:00:00,Support,support_ticket,,,,,,,,,closed,,,urgent,43,46.0,,False,on_or_after_signup,source_not_identified
T-cbc17d,A-7c5768,2024-09-30,2024-09-30 19:00:00,Support,support_ticket,,,,,,,,,closed,,,medium,62,19.0,,False,on_or_after_signup,source_not_identified
T-1d4920,A-b7b7b7,2024-05-11,2024-05-11 09:00:00,Support,support_ticket,,,,,,,,,closed,,,low,101,9.0,,False,before_signup,source_not_identified
T-ef0a78,A-ad296b,2024-09-09,2024-09-10 14:00:00,Support,support_ticket,,,,,,,,,closed,,,medium,81,38.0,3.0,False,on_or_after_signup,source_not_identified
T-b369df,A-c7e58b,2024-08-13,2024-08-13 16:00:00,Support,support_ticket,,,,,,,,,closed,,,low,125,16.0,3.0,False,on_or_after_signup,source_not_identified
T-29e9b8,A-4a267b,2023-05-17,2023-05-17 07:00:00,Support,support_ticket,,,,,,,,,closed,,,low,166,7.0,5.0,False,before_signup,source_not_identified
T-96702f,A-9077b0,2023-09-14,2023-09-16 20:00:00,Support,support_ticket,,,,,,,,,closed,,,high,176,68.0,5.0,False,before_signup,source_not_identified
T-9df3b0,A-eb2fdc,2023-01-23,2023-01-25 07:00:00,Support,support_ticket,,,,,,,,,closed,,,low,42,55.0,4.0,False,before_signup,source_not_identified
T-a39933,A-ed510f,2023-01-31,2023-02-01 20:00:00,Support,support_ticket,,,,,,,,,closed,,,urgent,129,44.0,5.0,False,on_or_after_signup,source_not_identified
T-7febc0,A-779e4e,2023-01-27,2023-01-28 09:00:00,Support,support_ticket,,,,,,,,,closed,,,urgent,79,33.0,3.0,False,on_or_after_signup,source_not_identified
T-84717f,A-f19409,2024-11-12,2024-11-12 01:00:00,Support,support_ticket,,,,,,,,,closed,,,urgent,90,1.0,4.0,False,on_or_after_signup,source_not_identified
T-135f77,A-cd458b,2024-12-02,2024-12-04 05:00:00,Support,support_ticket,,,,,,,,,closed,,,medium,146,53.0,5.0,False,on_or_after_signup,source_not_identified
T-41014e,A-a0ca4e,2024-12-02,2024-12-04 13:00:00,Support,support_ticket,,,,,,,,,closed,,,high,40,61.0,,False,on_or_after_signup,source_not_identified
T-5c0331,A-940b8b,2024-10-25,2024-10-26 23:00:00,Support,support_ticket,,,,,,,,,closed,,,high,47,47.0,,False,on_or_after_signup,source_not_identified
T-3ec096,A-f97b9a,2023-06-18,2023-06-20 11:00:00,Support,support_ticket,,,,,,,,,closed,,,high,32,59.0,3.0,False,before_signup,source_not_identified
T-251fda,A-856b1e,2024-09-15,2024-09-15 01:00:00,Support,support_ticket,,,,,,,,,closed,,,low,123,1.0,,False,on_or_after_signup,source_not_identified
T-8d3d46,A-30b4ca,2024-09-02,2024-09-04 16:00:00,Support,support_ticket,,,,,,,,,closed,,,medium,131,64.0,,False,on_or_after_signup,source_not_identified
T-051e5b,A-e08cd3,2023-09-20,2023-09-20 11:00:00,Support,support_ticket,,,,,,,,,closed,,,urgent,59,11.0,5.0,False,before_signup,source_not_identified
T-429ce6,A-c45b23,2024-05-30,2024-05-30 07:00:00,Support,support_ticket,,,,,,,,,closed,,,high,55,7.0,3.0,False,on_or_after_signup,source_not_identified
T-3367b8,A-ba6516,2023-07-17,2023-07-19 18:00:00,Support,support_ticket,,,,,,,,,closed,,,low,14,66.0,,False,before_signup,source_not_identified
T-1e3043,A-b78bf8,2024-02-19,2024-02-19 02:00:00,Support,support_ticket,,,,,,,,,closed,,,urgent,89,2.0,5.0,False,before_signup,source_not_identified
T-c0ce04,A-94f8c9,2024-08-30,2024-09-01 03:00:00,Support,support_ticket,,,,,,,,,closed,,,urgent,29,51.0,,False,on_or_after_signup,source_not_identified
T-864e85,A-9bfc9f,2024-03-01,2024-03-03 10:00:00,Support,support_ticket,,,,,,,,,closed,,,low,72,58.0,3.0,False,on_or_after_signup,source_not_identified
T-2b1a0a,A-89ee83,2024-10-05,2024-10-05 13:00:00,Support,support_ticket,,,,,,,,,closed,,,medium,35,13.0,4.0,True,on_or_after_signup,source_not_identified
T-5c9e4d,A-c7e58b,2024-12-16,2024-12-18 07:00:00,Support,support_ticket,,,,,,,,,closed,,,urgent,104,55.0,,False,on_or_after_signup,source_not_identified
T-af95b8,A-58b9ff,2023-11-30,2023-12-02 17:00:00,Support,support_ticket,,,,,,,,,closed,,,low,120,65.0,4.0,False,before_signup,source_not_identified
T-471c3e,A-3ce5b8,2024-08-15,2024-08-16 17:00:00,Support,support_ticket,,,,,,,,,closed,,,high,89,41.0,4.0,False,on_or_after_signup,source_not_identified
T-862ab3,A-31ab9a,2024-06-16,2024-06-18 11:00:00,Support,support_ticket,,,,,,,,,closed,,,medium,85,59.0,3.0,False,on_or_after_signup,source_not_identified
T-7b0fe1,A-716841,2023-04-03,2023-04-04 16:00:00,Support,support_ticket,,,,,,,,,closed,,,low,176,40.0,,False,before_signup,source_not_identified
T-ac5eaa,A-55f257,2023-05-22,2023-05-23 12:00:00,Support,support_ticket,,,,,,,,,closed,,,urgent,144,36.0,5.0,False,before_signup,source_not_identified
T-f27d8b,A-7920cc,2023-09-30,2023-10-01 23:00:00,Support,support_ticket,,,,,,,,,closed,,,urgent,113,47.0,,False,before_signup,source_not_identified
T-60706c,A-2922b6,2024-10-02,2024-10-03 03:00:00,Support,support_ticket,,,,,,,,,closed,,,urgent,136,27.0,,False,before_signup,source_not_identified
T-3a3aa1,A-3b5cd1,2023-10-21,2023-10-21 09:00:00,Support,support_ticket,,,,,,,,,closed,,,low,24,9.0,4.0,False,on_or_after_signup,source_not_identified
T-e74b9f,A-94d3da,2024-06-10,2024-06-11 12:00:00,Support,support_ticket,,,,,,,,,closed,,,low,98,36.0,3.0,False,on_or_after_signup,source_not_identified
T-dfad13,A-5b1bcd,2024-12-17,2024-12-17 05:00:00,Support,support_ticket,,,,,,,,,closed,,,urgent,143,5.0,5.0,False,on_or_after_signup,source_not_identified
T-60c481,A-5247b3,2024-07-29,2024-07-31 09:00:00,Support,support_ticket,,,,,,,,,closed,,,urgent,131,57.0,4.0,False,on_or_after_signup,source_not_identified
T-772cfe,A-e51ec7,2024-10-05,2024-10-06 21:00:00,Support,support_ticket,,,,,,,,,closed,,,high,87,45.0,5.0,False,on_or_after_signup,source_not_identified
T-187648,A-592832,2024-10-27,2024-10-28 17:00:00,Support,support_ticket,,,,,,,,,closed,,,medium,51,41.0,,False,on_or_after_signup,source_not_identified
T-48f8ab,A-dcc2f0,2023-07-20,2023-07-20 02:00:00,Support,support_ticket,,,,,,,,,closed,,,medium,107,2.0,,False,before_signup,source_not_identified
T-35ba6a,A-ab438f,2024-03-03,2024-03-03 04:00:00,Support,support_ticket,,,,,,,,,closed,,,urgent,139,4.0,3.0,False,before_signup,source_not_identified
T-5b9038,A-d922bf,2024-07-16,2024-07-16 23:00:00,Support,support_ticket,,,,,,,,,closed,,,high,7,23.0,3.0,False,on_or_after_signup,source_not_identified
T-690c29,A-c222ab,2024-12-01,2024-12-03 23:00:00,Support,support_ticket,,,,,,,,,closed,,,medium,77,71.0,5.0,False,on_or_after_signup,source_not_identified
T-3f754a,A-bb3bd4,2024-09-25,2024-09-25 14:00:00,Support,support_ticket,,,,,,,,,closed,,,urgent,36,14.0,5.0,False,on_or_after_signup,source_not_identified
T-367563,A-e61e98,2024-11-23,2024-11-23 05:00:00,Support,support_ticket,,,,,,,,,closed,,,medium,175,5.0,,False,on_or_after_signup,source_not_identified
T-0079ed,A-cc98bc,2023-06-13,2023-06-13 03:00:00,Support,support_ticket,,,,,,,,,closed,,,urgent,125,3.0,,False,on_or_after_signup,source_not_identified
T-69e92c,A-ccabf0,2023-09-27,2023-09-28 22:00:00,Support,support_ticket,,,,,,,,,closed,,,medium,114,46.0,3.0,False,before_signup,source_not_identified
T-e3d7af,A-526d93,2024-11-13,2024-11-15 06:00:00,Support,support_ticket,,,,,,,,,closed,,,low,157,54.0,,False,on_or_after_signup,source_not_identified
T-f708b2,A-bc87bc,2023-10-11,2023-10-11 11:00:00,Support,support_ticket,,,,,,,,,closed,,,low,177,11.0,3.0,False,before_signup,source_not_identified
T-b2b3fd,A-7df7a7,2024-03-19,2024-03-20 02:00:00,Support,support_ticket,,,,,,,,,closed,,,high,132,26.0,3.0,True,on_or_after_signup,source_not_identified
T-1dc468,A-4c6f11,2023-11-29,2023-11-29 20:00:00,Support,support_ticket,,,,,,,,,closed,,,urgent,14,20.0,5.0,False,on_or_after_signup,source_not_identified
T-b78a44,A-9208f0,2023-09-27,2023-09-28 08:00:00,Support,support_ticket,,,,,,,,,closed,,,medium,103,32.0,4.0,False,on_or_after_signup,source_not_identified
T-194946,A-65aeb5,2023-08-10,2023-08-11 08:00:00,Support,support_ticket,,,,,,,,,closed,,,low,173,32.0,,False,before_signup,source_not_identified
T-cbfee6,A-5247b3,2023-06-11,2023-06-13 04:00:00,Support,support_ticket,,,,,,,,,closed,,,high,173,52.0,,False,before_signup,source_not_identified
T-ea7839,A-ba6516,2024-03-17,2024-03-18 00:00:00,Support,support_ticket,,,,,,,,,closed,,,low,58,24.0,3.0,False,on_or_after_signup,source_not_identified
T-32cb13,A-1986ca,2023-06-14,2023-06-14 15:00:00,Support,support_ticket,,,,,,,,,closed,,,urgent,146,15.0,4.0,False,on_or_after_signup,source_not_identified
T-88d5fe,A-0b0d6d,2024-01-14,2024-01-15 17:00:00,Support,support_ticket,,,,,,,,,closed,,,urgent,59,41.0,,False,before_signup,source_not_identified
T-a80500,A-fce879,2023-01-16,2023-01-17 05:00:00,Support,support_ticket,,,,,,,,,closed,,,medium,74,29.0,3.0,False,before_signup,source_not_identified
T-325ab2,A-f03140,2023-09-21,2023-09-22 19:00:00,Support,support_ticket,,,,,,,,,closed,,,medium,71,43.0,,False,before_signup,source_not_identified
T-cfae4d,A-fdfc91,2023-01-27,2023-01-28 20:00:00,Support,support_ticket,,,,,,,,,closed,,,urgent,55,44.0,4.0,False,before_signup,source_not_identified
T-cc5da4,A-86cdb4,2023-08-07,2023-08-09 14:00:00,Support,support_ticket,,,,,,,,,closed,,,high,33,62.0,5.0,False,before_signup,source_not_identified
T-387b29,A-956988,2024-04-20,2024-04-21 20:00:00,Support,support_ticket,,,,,,,,,closed,,,low,83,44.0,,False,before_signup,source_not_identified
T-86268f,A-157070,2024-12-04,2024-12-06 12:00:00,Support,support_ticket,,,,,,,,,closed,,,low,176,60.0,3.0,False,on_or_after_signup,source_not_identified
T-ef99b1,A-eb1312,2023-09-04,2023-09-06 20:00:00,Support,support_ticket,,,,,,,,,closed,,,low,117,68.0,5.0,False,before_signup,source_not_identified
T-89ae7a,A-503d5a,2024-01-11,2024-01-14 00:00:00,Support,support_ticket,,,,,,,,,closed,,,high,107,72.0,5.0,False,on_or_after_signup,source_not_identified
T-7c37e5,A-8b0451,2024-12-10,2024-12-11 23:00:00,Support,support_ticket,,,,,,,,,closed,,,urgent,104,47.0,,False,on_or_after_signup,source_not_identified
T-bd64bb,A-5a92e7,2023-04-25,2023-04-27 19:00:00,Support,support_ticket,,,,,,,,,closed,,,urgent,172,67.0,5.0,False,before_signup,source_not_identified
T-6deaa1,A-5f2961,2023-06-30,2023-07-02 05:00:00,Support,support_ticket,,,,,,,,,closed,,,high,19,53.0,,False,before_signup,source_not_identified
T-1c52db,A-8e47ca,2023-01-04,2023-01-05 22:00:00,Support,support_ticket,,,,,,,,,closed,,,medium,90,46.0,,False,before_signup,source_not_identified
T-be05b0,A-396e5f,2024-08-15,2024-08-16 05:00:00,Support,support_ticket,,,,,,,,,closed,,,urgent,27,29.0,,False,before_signup,source_not_identified
T-ffd35f,A-bb1eaa,2023-10-15,2023-10-17 10:00:00,Support,support_ticket,,,,,,,,,closed,,,urgent,106,58.0,,False,before_signup,source_not_identified
T-d15fe8,A-600734,2024-03-15,2024-03-17 19:00:00,Support,support_ticket,,,,,,,,,closed,,,high,88,67.0,4.0,False,on_or_after_signup,source_not_identified
T-742fdb,A-fdfc91,2024-11-17,2024-11-17 23:00:00,Support,support_ticket,,,,,,,,,closed,,,urgent,120,23.0,3.0,False,on_or_after_signup,source_not_identified
T-b45de1,A-a7bd4b,2023-07-11,2023-07-11 11:00:00,Support,support_ticket,,,,,,,,,closed,,,high,70,11.0,4.0,False,on_or_after_signup,source_not_identified
T-0c38ce,A-bbe56f,2024-11-30,2024-12-01 03:00:00,Support,support_ticket,,,,,,,,,closed,,,urgent,79,27.0,,False,on_or_after_signup,source_not_identified
T-1f01f6,A-4bfa33,2023-12-12,2023-12-12 12:00:00,Support,support_ticket,,,,,,,,,closed,,,urgent,46,12.0,4.0,False,before_signup,source_not_identified
T-5b2010,A-038089,2024-04-18,2024-04-18 14:00:00,Support,support_ticket,,,,,,,,,closed,,,medium,149,14.0,3.0,False,on_or_after_signup,source_not_identified
T-2a5b2f,A-f92792,2024-07-03,2024-07-05 22:00:00,Support,support_ticket,,,,,,,,,closed,,,low,80,70.0,4.0,False,before_signup,source_not_identified
T-a7ce4a,A-034368,2023-07-01,2023-07-01 19:00:00,Support,support_ticket,,,,,,,,,closed,,,high,124,19.0,,False,before_signup,source_not_identified
T-d6c9b1,A-a6d261,2024-02-09,2024-02-09 01:00:00,Support,support_ticket,,,,,,,,,closed,,,high,32,1.0,5.0,False,on_or_after_signup,source_not_identified
T-8206e8,A-e43bf7,2024-06-17,2024-06-18 14:00:00,Support,support_ticket,,,,,,,,,closed,,,low,86,38.0,,False,on_or_after_signup,source_not_identified
T-fd832d,A-4ae22a,2023-02-11,2023-02-11 04:00:00,Support,support_ticket,,,,,,,,,closed,,,low,107,4.0,,False,before_signup,source_not_identified
T-3c6a06,A-c62e55,2024-02-03,2024-02-03 21:00:00,Support,support_ticket,,,,,,,,,closed,,,urgent,132,21.0,4.0,False,on_or_after_signup,source_not_identified
T-bdc427,A-56962b,2023-01-23,2023-01-25 18:00:00,Support,support_ticket,,,,,,,,,closed,,,high,79,66.0,,False,before_signup,source_not_identified
T-d4a251,A-751bd4,2023-01-10,2023-01-10 15:00:00,Support,support_ticket,,,,,,,,,closed,,,urgent,127,15.0,3.0,False,before_signup,source_not_identified
T-d57ae7,A-bf7919,2023-06-11,2023-06-11 17:00:00,Support,support_ticket,,,,,,,,,closed,,,low,110,17.0,5.0,False,before_signup,source_not_identified
T-8a7eca,A-fa3095,2023-10-24,2023-10-26 20:00:00,Support,support_ticket,,,,,,,,,closed,,,urgent,132,68.0,5.0,False,on_or_after_signup,source_not_identified
T-5df251,A-b179bf,2023-10-06,2023-10-08 04:00:00,Support,support_ticket,,,,,,,,,closed,,,high,139,52.0,,False,before_signup,source_not_identified
T-967ccc,A-acb7f7,2023-12-28,2023-12-30 02:00:00,Support,support_ticket,,,,,,,,,closed,,,urgent,144,50.0,4.0,False,before_signup,source_not_identified
T-5bd570,A-dcc3f1,2023-06-10,2023-06-12 11:00:00,Support,support_ticket,,,,,,,,,closed,,,low,95,59.0,,False,before_signup,source_not_identified
T-9b7b66,A-13466a,2023-06-24,2023-06-24 21:00:00,Support,support_ticket,,,,,,,,,closed,,,high,77,21.0,5.0,False,before_signup,source_not_identified
T-4b2c43,A-c4ea60,2024-04-07,2024-04-08 23:00:00,Support,support_ticket,,,,,,,,,closed,,,medium,83,47.0,3.0,False,on_or_after_signup,source_not_identified
T-eeae26,A-0f3e88,2023-11-24,2023-11-26 12:00:00,Support,support_ticket,,,,,,,,,closed,,,low,104,60.0,5.0,False,on_or_after_signup,source_not_identified
T-8ec963,A-bc4d48,2023-06-24,2023-06-25 19:00:00,Support,support_ticket,,,,,,,,,closed,,,high,133,43.0,3.0,False,before_signup,source_not_identified
T-c8d035,A-bf7919,2024-10-29,2024-10-29 12:00:00,Support,support_ticket,,,,,,,,,closed,,,high,53,12.0,,False,before_signup,source_not_identified
T-686725,A-993085,2024-03-23,2024-03-25 02:00:00,Support,support_ticket,,,,,,,,,closed,,,medium,78,50.0,,False,on_or_after_signup,source_not_identified
T-926c1c,A-eb7c38,2024-05-13,2024-05-14 12:00:00,Support,support_ticket,,,,,,,,,closed,,,medium,119,36.0,5.0,False,on_or_after_signup,source_not_identified
T-fcd24e,A-f1f639,2024-12-05,2024-12-05 22:00:00,Support,support_ticket,,,,,,,,,closed,,,high,27,22.0,5.0,False,on_or_after_signup,source_not_identified
T-6db04f,A-ed510f,2023-07-06,2023-07-08 12:00:00,Support,support_ticket,,,,,,,,,closed,,,urgent,46,60.0,,False,on_or_after_signup,source_not_identified
T-f0e463,A-3cc791,2023-12-04,2023-12-06 22:00:00,Support,support_ticket,,,,,,,,,closed,,,low,75,70.0,5.0,False,before_signup,source_not_identified
T-d89dd4,A-6dee43,2023-11-07,2023-11-08 17:00:00,Support,support_ticket,,,,,,,,,closed,,,urgent,64,41.0,5.0,False,on_or_after_signup,source_not_identified
T-ad83da,A-fb186e,2023-10-18,2023-10-18 21:00:00,Support,support_ticket,,,,,,,,,closed,,,urgent,91,21.0,,False,before_signup,source_not_identified
T-c8c1c0,A-f446b6,2023-07-28,2023-07-28 14:00:00,Support,support_ticket,,,,,,,,,closed,,,low,25,14.0,,False,on_or_after_signup,source_not_identified
T-8402a1,A-1e6fc3,2023-04-25,2023-04-25 08:00:00,Support,support_ticket,,,,,,,,,closed,,,low,122,8.0,,False,before_signup,source_not_identified
T-d5bbc8,A-05d3b3,2023-08-13,2023-08-13 11:00:00,Support,support_ticket,,,,,,,,,closed,,,medium,19,11.0,,False,on_or_after_signup,source_not_identified
T-d370a4,A-fd7ad3,2023-12-23,2023-12-25 06:00:00,Support,support_ticket,,,,,,,,,closed,,,urgent,118,54.0,5.0,True,before_signup,source_not_identified
T-fd84fa,A-08e34e,2023-03-16,2023-03-17 06:00:00,Support,support_ticket,,,,,,,,,closed,,,medium,170,30.0,3.0,False,before_signup,source_not_identified
T-145a95,A-6f50ae,2023-03-01,2023-03-02 10:00:00,Support,support_ticket,,,,,,,,,closed,,,medium,144,34.0,5.0,False,before_signup,source_not_identified
T-80284c,A-ce550d,2023-08-24,2023-08-26 02:00:00,Support,support_ticket,,,,,,,,,closed,,,urgent,64,50.0,3.0,False,before_signup,source_not_identified
T-0d0582,A-ee42db,2024-02-13,2024-02-15 05:00:00,Support,support_ticket,,,,,,,,,closed,,,medium,5,53.0,,False,on_or_after_signup,source_not_identified
T-b03205,A-b9eed8,2023-05-29,2023-05-30 23:00:00,Support,support_ticket,,,,,,,,,closed,,,urgent,40,47.0,3.0,False,before_signup,source_not_identified
T-935cb7,A-5f7781,2024-08-14,2024-08-16 03:00:00,Support,support_ticket,,,,,,,,,closed,,,high,21,51.0,4.0,False,before_signup,source_not_identified
T-89db4e,A-31ab9a,2023-08-31,2023-09-02 15:00:00,Support,support_ticket,,,,,,,,,closed,,,medium,132,63.0,,False,before_signup,source_not_identified
T-787a34,A-396e5f,2024-03-06,2024-03-06 12:00:00,Support,support_ticket,,,,,,,,,closed,,,high,147,12.0,,False,before_signup,source_not_identified
T-c0b6ed,A-1986ca,2024-07-27,2024-07-29 07:00:00,Support,support_ticket,,,,,,,,,closed,,,urgent,30,55.0,3.0,False,on_or_after_signup,source_not_identified
T-50b851,A-cea1f0,2023-12-26,2023-12-28 00:00:00,Support,support_ticket,,,,,,,,,closed,,,low,42,48.0,4.0,False,before_signup,source_not_identified
T-c98c9f,A-832ec2,2024-02-28,2024-02-28 20:00:00,Support,support_ticket,,,,,,,,,closed,,,medium,68,20.0,,False,on_or_after_signup,source_not_identified
T-b5f0d3,A-016043,2023-10-02,2023-10-02 20:00:00,Support,support_ticket,,,,,,,,,closed,,,high,28,20.0,4.0,False,before_signup,source_not_identified
T-699109,A-ced9aa,2024-05-14,2024-05-15 10:00:00,Support,support_ticket,,,,,,,,,closed,,,urgent,54,34.0,,False,before_signup,source_not_identified
T-9bde67,A-524364,2023-09-30,2023-10-02 11:00:00,Support,support_ticket,,,,,,,,,closed,,,high,59,59.0,4.0,False,before_signup,source_not_identified
T-fcedc6,A-5a184f,2024-04-13,2024-04-14 13:00:00,Support,support_ticket,,,,,,,,,closed,,,high,33,37.0,4.0,False,on_or_after_signup,source_not_identified
T-f7d63c,A-65a46c,2024-10-29,2024-10-30 20:00:00,Support,support_ticket,,,,,,,,,closed,,,urgent,4,44.0,4.0,False,on_or_after_signup,source_not_identified
T-d62751,A-86cdb4,2024-12-02,2024-12-02 01:00:00,Support,support_ticket,,,,,,,,,closed,,,urgent,167,1.0,,False,on_or_after_signup,source_not_identified
T-22710d,A-1b707d,2024-04-19,2024-04-21 03:00:00,Support,support_ticket,,,,,,,,,closed,,,medium,53,51.0,,False,on_or_after_signup,source_not_identified
T-8384cf,A-d922bf,2024-01-23,2024-01-23 13:00:00,Support,support_ticket,,,,,,,,,closed,,,low,95,13.0,,False,on_or_after_signup,source_not_identified
T-05fd42,A-f45426,2024-08-24,2024-08-25 14:00:00,Support,support_ticket,,,,,,,,,closed,,,urgent,38,38.0,4.0,False,on_or_after_signup,source_not_identified
T-37b102,A-0be015,2023-04-02,2023-04-03 00:00:00,Support,support_ticket,,,,,,,,,closed,,,high,133,24.0,4.0,False,before_signup,source_not_identified
T-dc51a8,A-0532a9,2024-11-24,2024-11-25 03:00:00,Support,support_ticket,,,,,,,,,closed,,,low,6,27.0,,False,on_or_after_signup,source_not_identified
T-76ee80,A-fce879,2024-07-17,2024-07-18 03:00:00,Support,support_ticket,,,,,,,,,closed,,,urgent,49,27.0,5.0,False,before_signup,source_not_identified
T-6ea0dd,A-a09355,2024-02-08,2024-02-08 04:00:00,Support,support_ticket,,,,,,,,,closed,,,low,87,4.0,4.0,False,before_signup,source_not_identified
T-7fd978,A-22d9d2,2023-12-26,2023-12-26 10:00:00,Support,support_ticket,,,,,,,,,closed,,,urgent,8,10.0,,False,before_signup,source_not_identified
T-621fb8,A-7f8241,2024-04-19,2024-04-20 12:00:00,Support,support_ticket,,,,,,,,,closed,,,medium,135,36.0,3.0,False,on_or_after_signup,source_not_identified
T-adcdc9,A-adc1f3,2023-06-12,2023-06-14 23:00:00,Support,support_ticket,,,,,,,,,closed,,,urgent,25,71.0,4.0,False,before_signup,source_not_identified
T-6d98ab,A-ced9aa,2023-12-22,2023-12-23 22:00:00,Support,support_ticket,,,,,,,,,closed,,,high,124,46.0,,False,before_signup,source_not_identified
T-1cea26,A-bcf664,2023-12-18,2023-12-20 21:00:00,Support,support_ticket,,,,,,,,,closed,,,high,169,69.0,5.0,True,on_or_after_signup,source_not_identified
T-c6dcaf,A-32fb14,2023-03-18,2023-03-20 15:00:00,Support,support_ticket,,,,,,,,,closed,,,low,24,63.0,,False,on_or_after_signup,source_not_identified
T-4bf7c6,A-463db0,2024-08-15,2024-08-15 04:00:00,Support,support_ticket,,,,,,,,,closed,,,low,171,4.0,4.0,False,before_signup,source_not_identified
T-7dfa96,A-e888d1,2023-09-12,2023-09-14 16:00:00,Support,support_ticket,,,,,,,,,closed,,,low,98,64.0,,False,on_or_after_signup,source_not_identified
T-22b4a9,A-3cc791,2024-09-18,2024-09-20 10:00:00,Support,support_ticket,,,,,,,,,closed,,,urgent,48,58.0,3.0,False,on_or_after_signup,source_not_identified
T-bf0575,A-78f02b,2023-04-10,2023-04-12 11:00:00,Support,support_ticket,,,,,,,,,closed,,,high,125,59.0,5.0,False,before_signup,source_not_identified
T-0ca62f,A-e40f45,2023-08-31,2023-09-01 05:00:00,Support,support_ticket,,,,,,,,,closed,,,urgent,114,29.0,5.0,False,before_signup,source_not_identified
T-20c0bf,A-2d4502,2023-04-23,2023-04-25 16:00:00,Support,support_ticket,,,,,,,,,closed,,,urgent,30,64.0,5.0,False,before_signup,source_not_identified
T-1c2c18,A-ed510f,2024-03-28,2024-03-30 08:00:00,Support,support_ticket,,,,,,,,,closed,,,urgent,122,56.0,,False,on_or_after_signup,source_not_identified
T-e07558,A-296d7c,2024-04-27,2024-04-27 14:00:00,Support,support_ticket,,,,,,,,,closed,,,urgent,31,14.0,3.0,False,on_or_after_signup,source_not_identified
T-d6be94,A-30b4ca,2023-05-05,2023-05-07 09:00:00,Support,support_ticket,,,,,,,,,closed,,,medium,125,57.0,4.0,False,before_signup,source_not_identified
T-e6c083,A-443b7c,2024-05-16,2024-05-17 18:00:00,Support,support_ticket,,,,,,,,,closed,,,high,81,42.0,5.0,False,before_signup,source_not_identified
T-134bb9,A-2bc93d,2024-11-23,2024-11-23 07:00:00,Support,support_ticket,,,,,,,,,closed,,,medium,44,7.0,5.0,False,on_or_after_signup,source_not_identified
T-118f13,A-19b2c8,2024-09-05,2024-09-06 08:00:00,Support,support_ticket,,,,,,,,,closed,,,high,109,32.0,5.0,False,on_or_after_signup,source_not_identified
T-956203,A-ccb686,2023-11-06,2023-11-08 19:00:00,Support,support_ticket,,,,,,,,,closed,,,high,30,67.0,4.0,False,before_signup,source_not_identified
T-2ae381,A-f3ff05,2023-07-12,2023-07-14 02:00:00,Support,support_ticket,,,,,,,,,closed,,,medium,108,50.0,3.0,False,before_signup,source_not_identified
T-897033,A-1b7577,2023-08-07,2023-08-09 15:00:00,Support,support_ticket,,,,,,,,,closed,,,urgent,157,63.0,3.0,False,before_signup,source_not_identified
T-f14a3d,A-0be015,2023-04-13,2023-04-13 13:00:00,Support,support_ticket,,,,,,,,,closed,,,urgent,123,13.0,,False,before_signup,source_not_identified
T-6bdc37,A-80eeb6,2023-07-23,2023-07-24 17:00:00,Support,support_ticket,,,,,,,,,closed,,,high,89,41.0,5.0,False,on_or_after_signup,source_not_identified
T-2fee89,A-42e5e1,2024-01-25,2024-01-26 03:00:00,Support,support_ticket,,,,,,,,,closed,,,high,124,27.0,4.0,False,before_signup,source_not_identified
T-14ab7d,A-bece89,2023-02-20,2023-02-21 01:00:00,Support,support_ticket,,,,,,,,,closed,,,medium,63,25.0,5.0,False,before_signup,source_not_identified
T-c9394b,A-427b69,2024-04-09,2024-04-09 06:00:00,Support,support_ticket,,,,,,,,,closed,,,medium,99,6.0,,False,before_signup,source_not_identified
T-7b4c85,A-5a215a,2023-07-26,2023-07-28 16:00:00,Support,support_ticket,,,,,,,,,closed,,,urgent,18,64.0,,False,before_signup,source_not_identified
T-ab2c55,A-45ce7a,2023-08-18,2023-08-19 18:00:00,Support,support_ticket,,,,,,,,,closed,,,medium,49,42.0,3.0,False,on_or_after_signup,source_not_identified
T-11b816,A-9077b0,2024-09-07,2024-09-07 02:00:00,Support,support_ticket,,,,,,,,,closed,,,urgent,180,2.0,3.0,False,on_or_after_signup,source_not_identified
T-d51f64,A-558c72,2024-08-28,2024-08-30 12:00:00,Support,support_ticket,,,,,,,,,closed,,,low,30,60.0,,False,on_or_after_signup,source_not_identified
T-675d69,A-19b2c8,2023-02-03,2023-02-04 08:00:00,Support,support_ticket,,,,,,,,,closed,,,medium,132,32.0,4.0,False,before_signup,source_not_identified
T-9a1036,A-443b7c,2023-01-24,2023-01-25 07:00:00,Support,support_ticket,,,,,,,,,closed,,,urgent,51,31.0,5.0,False,before_signup,source_not_identified
T-ba404b,A-8145a0,2023-01-06,2023-01-06 11:00:00,Support,support_ticket,,,,,,,,,closed,,,low,30,11.0,5.0,False,before_signup,source_not_identified
T-9d4edb,A-9174e0,2023-06-09,2023-06-11 05:00:00,Support,support_ticket,,,,,,,,,closed,,,low,173,53.0,,False,before_signup,source_not_identified
T-2ca992,A-3f9cc0,2024-08-17,2024-08-18 20:00:00,Support,support_ticket,,,,,,,,,closed,,,high,28,44.0,,False,on_or_after_signup,source_not_identified
T-d9cb01,A-0baac2,2024-03-23,2024-03-25 10:00:00,Support,support_ticket,,,,,,,,,closed,,,urgent,104,58.0,,False,before_signup,source_not_identified
T-3fd10a,A-bcbe98,2024-05-14,2024-05-15 15:00:00,Support,support_ticket,,,,,,,,,closed,,,high,29,39.0,,False,before_signup,source_not_identified
T-df66b4,A-425e76,2023-10-05,2023-10-08 00:00:00,Support,support_ticket,,,,,,,,,closed,,,high,160,72.0,3.0,False,on_or_after_signup,source_not_identified
T-16968a,A-e89151,2024-10-10,2024-10-11 05:00:00,Support,support_ticket,,,,,,,,,closed,,,medium,54,29.0,,False,on_or_after_signup,source_not_identified
T-a65a71,A-e89151,2024-04-01,2024-04-03 06:00:00,Support,support_ticket,,,,,,,,,closed,,,medium,43,54.0,5.0,False,on_or_after_signup,source_not_identified
T-c28542,A-d49cc5,2024-07-18,2024-07-20 04:00:00,Support,support_ticket,,,,,,,,,closed,,,medium,32,52.0,4.0,False,on_or_after_signup,source_not_identified
T-f3737d,A-1986ca,2023-05-01,2023-05-01 09:00:00,Support,support_ticket,,,,,,,,,closed,,,low,100,9.0,4.0,False,on_or_after_signup,source_not_identified
T-fb84f7,A-ce550d,2024-10-25,2024-10-27 21:00:00,Support,support_ticket,,,,,,,,,closed,,,medium,90,69.0,5.0,False,before_signup,source_not_identified
T-4db8d5,A-40a557,2024-11-24,2024-11-26 03:00:00,Support,support_ticket,,,,,,,,,closed,,,urgent,119,51.0,5.0,False,on_or_after_signup,source_not_identified
T-9fc75b,A-4c6f11,2023-12-06,2023-12-08 06:00:00,Support,support_ticket,,,,,,,,,closed,,,high,173,54.0,5.0,False,on_or_after_signup,source_not_identified
T-274882,A-3b37d9,2023-01-03,2023-01-04 08:00:00,Support,support_ticket,,,,,,,,,closed,,,medium,89,32.0,5.0,False,before_signup,source_not_identified
T-8444c1,A-69fad4,2023-09-16,2023-09-18 23:00:00,Support,support_ticket,,,,,,,,,closed,,,medium,114,71.0,4.0,False,on_or_after_signup,source_not_identified
T-d82bc4,A-157070,2023-08-25,2023-08-26 01:00:00,Support,support_ticket,,,,,,,,,closed,,,urgent,152,25.0,,True,before_signup,source_not_identified
T-604490,A-f9cc74,2024-09-13,2024-09-15 10:00:00,Support,support_ticket,,,,,,,,,closed,,,low,115,58.0,4.0,False,before_signup,source_not_identified
T-55edb1,A-b9eed8,2023-01-05,2023-01-06 06:00:00,Support,support_ticket,,,,,,,,,closed,,,medium,87,30.0,5.0,False,before_signup,source_not_identified
T-466dab,A-d82ef9,2023-03-26,2023-03-28 16:00:00,Support,support_ticket,,,,,,,,,closed,,,urgent,38,64.0,5.0,False,before_signup,source_not_identified
T-dd5960,A-f19b24,2024-01-22,2024-01-22 13:00:00,Support,support_ticket,,,,,,,,,closed,,,urgent,73,13.0,,True,on_or_after_signup,source_not_identified
T-ef33cf,A-1e1b80,2024-01-26,2024-01-27 00:00:00,Support,support_ticket,,,,,,,,,closed,,,medium,16,24.0,,False,on_or_after_signup,source_not_identified
T-d8aafb,A-fa3095,2024-10-05,2024-10-07 06:00:00,Support,support_ticket,,,,,,,,,closed,,,low,91,54.0,,False,on_or_after_signup,source_not_identified
T-a14a68,A-86fc1d,2023-08-15,2023-08-17 16:00:00,Support,support_ticket,,,,,,,,,closed,,,high,38,64.0,3.0,False,before_signup,source_not_identified
T-0e6900,A-d42431,2023-02-28,2023-03-01 06:00:00,Support,support_ticket,,,,,,,,,closed,,,medium,20,30.0,,False,before_signup,source_not_identified
T-5e66ab,A-c37601,2023-01-26,2023-01-26 19:00:00,Support,support_ticket,,,,,,,,,closed,,,urgent,180,19.0,4.0,False,before_signup,source_not_identified
T-a5e537,A-186a44,2023-04-22,2023-04-24 14:00:00,Support,support_ticket,,,,,,,,,closed,,,high,176,62.0,3.0,False,before_signup,source_not_identified
T-7e77dc,A-7cfe77,2023-12-23,2023-12-23 19:00:00,Support,support_ticket,,,,,,,,,closed,,,medium,42,19.0,,False,before_signup,source_not_identified
T-e2d68e,A-8ae3fc,2023-04-27,2023-04-29 21:00:00,Support,support_ticket,,,,,,,,,closed,,,high,14,69.0,,False,before_signup,source_not_identified
T-f6909c,A-5a92e7,2023-05-18,2023-05-19 23:00:00,Support,support_ticket,,,,,,,,,closed,,,medium,9,47.0,5.0,False,before_signup,source_not_identified
T-154975,A-313be3,2023-07-16,2023-07-17 13:00:00,Support,support_ticket,,,,,,,,,closed,,,urgent,70,37.0,,False,before_signup,source_not_identified
T-2b6bb1,A-993085,2024-02-20,2024-02-22 20:00:00,Support,support_ticket,,,,,,,,,closed,,,high,33,68.0,4.0,False,on_or_after_signup,source_not_identified
T-95452e,A-aa9511,2023-08-09,2023-08-11 09:00:00,Support,support_ticket,,,,,,,,,closed,,,urgent,61,57.0,,False,before_signup,source_not_identified
T-da0863,A-1e6fc3,2023-12-30,2023-12-30 22:00:00,Support,support_ticket,,,,,,,,,closed,,,high,2,22.0,5.0,False,on_or_after_signup,source_not_identified
T-65d099,A-e60f9d,2024-02-09,2024-02-11 22:00:00,Support,support_ticket,,,,,,,,,closed,,,urgent,81,70.0,,False,before_signup,source_not_identified
T-5ceddb,A-4d1e75,2024-07-10,2024-07-10 03:00:00,Support,support_ticket,,,,,,,,,closed,,,medium,173,3.0,4.0,False,before_signup,source_not_identified
T-4579d9,A-76fa4d,2023-06-23,2023-06-24 05:00:00,Support,support_ticket,,,,,,,,,closed,,,medium,57,29.0,5.0,False,before_signup,source_not_identified
T-4669d1,A-4ae22a,2024-03-08,2024-03-09 06:00:00,Support,support_ticket,,,,,,,,,closed,,,low,101,30.0,3.0,False,before_signup,source_not_identified
T-1acc04,A-8145a0,2023-08-08,2023-08-08 19:00:00,Support,support_ticket,,,,,,,,,closed,,,high,85,19.0,,False,on_or_after_signup,source_not_identified
T-284720,A-cc102e,2024-04-11,2024-04-11 01:00:00,Support,support_ticket,,,,,,,,,closed,,,low,93,1.0,3.0,False,before_signup,source_not_identified
T-20d740,A-8145a0,2024-02-02,2024-02-03 14:00:00,Support,support_ticket,,,,,,,,,closed,,,medium,119,38.0,,False,on_or_after_signup,source_not_identified
T-df87ef,A-67be94,2023-03-03,2023-03-05 20:00:00,Support,support_ticket,,,,,,,,,closed,,,high,7,68.0,5.0,False,before_signup,source_not_identified
T-9def1e,A-ffc04f,2023-02-23,2023-02-23 04:00:00,Support,support_ticket,,,,,,,,,closed,,,high,18,4.0,4.0,False,before_signup,source_not_identified
T-0bc38a,A-c70870,2023-07-08,2023-07-08 19:00:00,Support,support_ticket,,,,,,,,,closed,,,low,159,19.0,5.0,False,before_signup,source_not_identified
T-0de7f1,A-e7beab,2024-09-22,2024-09-23 01:00:00,Support,support_ticket,,,,,,,,,closed,,,low,172,25.0,,False,on_or_after_signup,source_not_identified
T-d4805c,A-1b9609,2023-06-22,2023-06-22 16:00:00,Support,support_ticket,,,,,,,,,closed,,,low,42,16.0,,False,before_signup,source_not_identified
T-b35070,A-39b19f,2023-04-01,2023-04-03 19:00:00,Support,support_ticket,,,,,,,,,closed,,,high,133,67.0,,False,on_or_after_signup,source_not_identified
T-73d14f,A-726cfa,2023-08-22,2023-08-24 13:00:00,Support,support_ticket,,,,,,,,,closed,,,low,142,61.0,4.0,False,on_or_after_signup,source_not_identified
T-035748,A-e98302,2023-09-25,2023-09-27 08:00:00,Support,support_ticket,,,,,,,,,closed,,,urgent,133,56.0,4.0,False,before_signup,source_not_identified
T-b918db,A-f25509,2024-05-08,2024-05-08 21:00:00,Support,support_ticket,,,,,,,,,closed,,,low,162,21.0,5.0,False,on_or_after_signup,source_not_identified
T-3cdeb2,A-600734,2024-09-09,2024-09-11 17:00:00,Support,support_ticket,,,,,,,,,closed,,,medium,88,65.0,,False,on_or_after_signup,source_not_identified
T-7309d6,A-ccabf0,2024-04-18,2024-04-19 19:00:00,Support,support_ticket,,,,,,,,,closed,,,medium,43,43.0,,False,on_or_after_signup,source_not_identified
T-2795e4,A-09316c,2024-12-20,2024-12-22 21:00:00,Support,support_ticket,,,,,,,,,closed,,,low,81,69.0,3.0,False,on_or_after_signup,source_not_identified
T-a32dd4,A-6a7c9d,2024-04-27,2024-04-28 03:00:00,Support,support_ticket,,,,,,,,,closed,,,high,13,27.0,,False,before_signup,source_not_identified
T-e41843,A-c9bb3e,2023-07-22,2023-07-23 06:00:00,Support,support_ticket,,,,,,,,,closed,,,high,119,30.0,4.0,False,before_signup,source_not_identified
T-81a9e7,A-712f1c,2024-02-27,2024-02-28 19:00:00,Support,support_ticket,,,,,,,,,closed,,,medium,108,43.0,4.0,False,on_or_after_signup,source_not_identified
T-38714f,A-fe79a5,2024-12-25,2024-12-25 07:00:00,Support,support_ticket,,,,,,,,,closed,,,high,63,7.0,,False,on_or_after_signup,source_not_identified
T-322072,A-8e47ca,2023-02-17,2023-02-18 11:00:00,Support,support_ticket,,,,,,,,,closed,,,high,130,35.0,,False,before_signup,source_not_identified
T-99b0b8,A-a0ca4e,2023-10-17,2023-10-19 11:00:00,Support,support_ticket,,,,,,,,,closed,,,low,148,59.0,3.0,False,before_signup,source_not_identified
T-98be51,A-5790f4,2024-07-07,2024-07-09 22:00:00,Support,support_ticket,,,,,,,,,closed,,,medium,13,70.0,4.0,False,before_signup,source_not_identified
T-bb7fa9,A-7f6b86,2024-09-17,2024-09-19 09:00:00,Support,support_ticket,,,,,,,,,closed,,,high,81,57.0,4.0,False,on_or_after_signup,source_not_identified
T-0a3847,A-49b828,2024-10-04,2024-10-04 09:00:00,Support,support_ticket,,,,,,,,,closed,,,medium,20,9.0,3.0,True,on_or_after_signup,source_not_identified
T-6dbff1,A-bcbe98,2024-05-27,2024-05-29 04:00:00,Support,support_ticket,,,,,,,,,closed,,,medium,11,52.0,3.0,True,before_signup,source_not_identified
T-8be779,A-139c3b,2023-10-26,2023-10-26 21:00:00,Support,support_ticket,,,,,,,,,closed,,,low,5,21.0,,False,before_signup,source_not_identified
T-791dc9,A-0aaf6e,2023-03-29,2023-03-30 20:00:00,Support,support_ticket,,,,,,,,,closed,,,low,127,44.0,,False,before_signup,source_not_identified
T-b25f66,A-f3ff05,2023-12-17,2023-12-19 03:00:00,Support,support_ticket,,,,,,,,,closed,,,low,104,51.0,4.0,False,before_signup,source_not_identified
T-992cf9,A-c9bb3e,2024-12-14,2024-12-14 16:00:00,Support,support_ticket,,,,,,,,,closed,,,medium,21,16.0,4.0,False,on_or_after_signup,source_not_identified
T-d72e3b,A-bd4708,2024-11-15,2024-11-15 05:00:00,Support,support_ticket,,,,,,,,,closed,,,medium,34,5.0,3.0,False,on_or_after_signup,source_not_identified
T-e46e71,A-9badbd,2023-10-19,2023-10-19 17:00:00,Support,support_ticket,,,,,,,,,closed,,,urgent,125,17.0,,False,before_signup,source_not_identified
T-c5ffb0,A-ce66f8,2024-05-27,2024-05-28 13:00:00,Support,support_ticket,,,,,,,,,closed,,,urgent,139,37.0,,False,on_or_after_signup,source_not_identified
T-cb3efb,A-e7beab,2023-09-16,2023-09-16 19:00:00,Support,support_ticket,,,,,,,,,closed,,,high,28,19.0,5.0,False,before_signup,source_not_identified
T-885f5b,A-4e960a,2023-08-08,2023-08-08 13:00:00,Support,support_ticket,,,,,,,,,closed,,,low,141,13.0,4.0,False,before_signup,source_not_identified
T-a45f3e,A-d792a6,2024-02-11,2024-02-12 21:00:00,Support,support_ticket,,,,,,,,,closed,,,urgent,174,45.0,4.0,False,on_or_after_signup,source_not_identified
T-e834e7,A-310452,2024-12-29,2024-12-30 00:00:00,Support,support_ticket,,,,,,,,,closed,,,medium,46,24.0,4.0,False,on_or_after_signup,source_not_identified
T-ddf662,A-5247b3,2024-01-14,2024-01-15 09:00:00,Support,support_ticket,,,,,,,,,closed,,,high,66,33.0,,False,before_signup,source_not_identified
T-210819,A-ed510f,2024-09-13,2024-09-13 11:00:00,Support,support_ticket,,,,,,,,,closed,,,medium,87,11.0,4.0,False,on_or_after_signup,source_not_identified
T-416fb5,A-b9eed8,2023-11-10,2023-11-11 00:00:00,Support,support_ticket,,,,,,,,,closed,,,medium,114,24.0,3.0,False,before_signup,source_not_identified
T-7cdb82,A-bd4513,2023-04-26,2023-04-28 23:00:00,Support,support_ticket,,,,,,,,,closed,,,medium,37,71.0,4.0,False,before_signup,source_not_identified
T-c9f3f0,A-309e54,2024-07-19,2024-07-20 02:00:00,Support,support_ticket,,,,,,,,,closed,,,high,145,26.0,,False,before_signup,source_not_identified
T-45239b,A-7f6b86,2024-10-28,2024-10-30 17:00:00,Support,support_ticket,,,,,,,,,closed,,,high,29,65.0,,False,on_or_after_signup,source_not_identified
T-a61785,A-756192,2023-04-03,2023-04-05 11:00:00,Support,support_ticket,,,,,,,,,closed,,,urgent,17,59.0,,False,before_signup,source_not_identified
T-112307,A-9badbd,2023-10-12,2023-10-14 08:00:00,Support,support_ticket,,,,,,,,,closed,,,urgent,37,56.0,5.0,False,before_signup,source_not_identified
T-8a14a4,A-ac85cd,2023-11-19,2023-11-21 13:00:00,Support,support_ticket,,,,,,,,,closed,,,medium,128,61.0,3.0,False,before_signup,source_not_identified
T-4cf1f9,A-d792a6,2024-12-29,2024-12-29 14:00:00,Support,support_ticket,,,,,,,,,closed,,,urgent,125,14.0,,False,on_or_after_signup,source_not_identified
T-ae29f6,A-9a532a,2023-09-12,2023-09-13 21:00:00,Support,support_ticket,,,,,,,,,closed,,,high,176,45.0,,False,before_signup,source_not_identified
T-a5de10,A-ce550d,2024-06-03,2024-06-04 12:00:00,Support,support_ticket,,,,,,,,,closed,,,medium,98,36.0,4.0,False,before_signup,source_not_identified
T-1ab00a,A-d922bf,2024-01-25,2024-01-27 04:00:00,Support,support_ticket,,,,,,,,,closed,,,low,30,52.0,,False,on_or_after_signup,source_not_identified
T-1b7db9,A-712533,2024-05-05,2024-05-06 16:00:00,Support,support_ticket,,,,,,,,,closed,,,low,145,40.0,5.0,False,on_or_after_signup,source_not_identified
T-2b2d2d,A-39868b,2024-01-21,2024-01-23 07:00:00,Support,support_ticket,,,,,,,,,closed,,,medium,40,55.0,3.0,False,before_signup,source_not_identified
T-66d5a0,A-671f31,2024-03-01,2024-03-01 17:00:00,Support,support_ticket,,,,,,,,,closed,,,urgent,153,17.0,,False,before_signup,source_not_identified
T-056486,A-86902e,2023-05-01,2023-05-02 10:00:00,Support,support_ticket,,,,,,,,,closed,,,medium,7,34.0,,False,before_signup,source_not_identified
T-afa224,A-bcbe98,2024-05-23,2024-05-25 10:00:00,Support,support_ticket,,,,,,,,,closed,,,urgent,1,58.0,,False,before_signup,source_not_identified
T-62614c,A-89ee83,2023-08-02,2023-08-02 11:00:00,Support,support_ticket,,,,,,,,,closed,,,urgent,32,11.0,,False,before_signup,source_not_identified
T-abeb65,A-c70870,2024-07-07,2024-07-09 07:00:00,Support,support_ticket,,,,,,,,,closed,,,low,10,55.0,,False,before_signup,source_not_identified
T-c16052,A-05d3b3,2023-09-14,2023-09-15 22:00:00,Support,support_ticket,,,,,,,,,closed,,,high,70,46.0,,False,on_or_after_signup,source_not_identified
T-5fff6a,A-9123ac,2024-08-02,2024-08-03 00:00:00,Support,support_ticket,,,,,,,,,closed,,,medium,169,24.0,,False,on_or_after_signup,source_not_identified
T-347ab6,A-cc102e,2023-05-18,2023-05-18 07:00:00,Support,support_ticket,,,,,,,,,closed,,,high,36,7.0,,False,before_signup,source_not_identified
T-3d947f,A-3932db,2023-02-27,2023-03-01 20:00:00,Support,support_ticket,,,,,,,,,closed,,,low,26,68.0,5.0,False,before_signup,source_not_identified
T-921bf4,A-f97b9a,2024-06-10,2024-06-11 03:00:00,Support,support_ticket,,,,,,,,,closed,,,medium,109,27.0,,False,on_or_after_signup,source_not_identified
T-6b831b,A-9208f0,2024-12-12,2024-12-14 19:00:00,Support,support_ticket,,,,,,,,,closed,,,low,57,67.0,3.0,False,on_or_after_signup,source_not_identified
T-c59e1a,A-40906c,2024-10-20,2024-10-21 13:00:00,Support,support_ticket,,,,,,,,,closed,,,low,127,37.0,3.0,False,on_or_after_signup,source_not_identified
T-abd0a8,A-0354fe,2024-11-30,2024-11-30 01:00:00,Support,support_ticket,,,,,,,,,closed,,,high,107,1.0,3.0,False,on_or_after_signup,source_not_identified
T-1e6dde,A-ac9111,2024-05-05,2024-05-06 16:00:00,Support,support_ticket,,,,,,,,,closed,,,urgent,89,40.0,,False,on_or_after_signup,source_not_identified
T-94b38c,A-503d5a,2023-09-28,2023-09-29 02:00:00,Support,support_ticket,,,,,,,,,closed,,,high,128,26.0,,False,before_signup,source_not_identified
T-399e29,A-bb1eaa,2024-02-25,2024-02-25 01:00:00,Support,support_ticket,,,,,,,,,closed,,,high,67,1.0,,False,before_signup,source_not_identified
T-8fd002,A-2d1036,2023-03-30,2023-04-01 00:00:00,Support,support_ticket,,,,,,,,,closed,,,low,53,48.0,4.0,False,before_signup,source_not_identified
T-7bb8d5,A-1ac5e0,2024-09-03,2024-09-04 09:00:00,Support,support_ticket,,,,,,,,,closed,,,medium,50,33.0,4.0,False,before_signup,source_not_identified
T-e062e2,A-378b99,2024-08-19,2024-08-20 15:00:00,Support,support_ticket,,,,,,,,,closed,,,high,106,39.0,3.0,False,before_signup,source_not_identified
T-880bce,A-54d94a,2024-05-16,2024-05-18 23:00:00,Support,support_ticket,,,,,,,,,closed,,,low,118,71.0,4.0,False,on_or_after_signup,source_not_identified
T-7b09d9,A-e19ff6,2024-01-09,2024-01-09 09:00:00,Support,support_ticket,,,,,,,,,closed,,,high,162,9.0,5.0,False,on_or_after_signup,source_not_identified
T-306781,A-bb3bd4,2023-12-05,2023-12-07 09:00:00,Support,support_ticket,,,,,,,,,closed,,,medium,21,57.0,,False,before_signup,source_not_identified
T-9e2480,A-328bd0,2024-08-24,2024-08-26 22:00:00,Support,support_ticket,,,,,,,,,closed,,,high,26,70.0,4.0,False,on_or_after_signup,source_not_identified
T-af5765,A-3c1a3f,2024-03-09,2024-03-09 19:00:00,Support,support_ticket,,,,,,,,,closed,,,low,44,19.0,3.0,False,on_or_after_signup,source_not_identified
T-b60d4d,A-417d2f,2024-02-01,2024-02-03 04:00:00,Support,support_ticket,,,,,,,,,closed,,,high,20,52.0,5.0,False,on_or_after_signup,source_not_identified
T-e33b60,A-c37601,2024-02-26,2024-02-28 05:00:00,Support,support_ticket,,,,,,,,,closed,,,low,23,53.0,3.0,False,before_signup,source_not_identified
T-44e08c,A-45ce7a,2024-12-14,2024-12-16 02:00:00,Support,support_ticket,,,,,,,,,closed,,,medium,101,50.0,,False,on_or_after_signup,source_not_identified
T-8c6169,A-7dacce,2023-07-14,2023-07-14 07:00:00,Support,support_ticket,,,,,,,,,closed,,,high,135,7.0,3.0,False,before_signup,source_not_identified
T-baf332,A-8145a0,2023-01-09,2023-01-09 18:00:00,Support,support_ticket,,,,,,,,,closed,,,medium,98,18.0,,False,before_signup,source_not_identified
T-e6d8dd,A-e4bf56,2024-08-10,2024-08-10 22:00:00,Support,support_ticket,,,,,,,,,closed,,,urgent,175,22.0,5.0,False,before_signup,source_not_identified
T-52a57e,A-5b051a,2024-03-24,2024-03-24 02:00:00,Support,support_ticket,,,,,,,,,closed,,,urgent,2,2.0,3.0,False,before_signup,source_not_identified
T-8f8c19,A-309e54,2023-05-30,2023-05-30 03:00:00,Support,support_ticket,,,,,,,,,closed,,,low,87,3.0,,False,before_signup,source_not_identified
T-5d46d9,A-fdfc91,2023-06-13,2023-06-13 11:00:00,Support,support_ticket,,,,,,,,,closed,,,high,148,11.0,,False,on_or_after_signup,source_not_identified
T-bc6854,A-d3c88e,2023-12-15,2023-12-17 01:00:00,Support,support_ticket,,,,,,,,,closed,,,high,98,49.0,,False,before_signup,source_not_identified
T-141b01,A-337bc1,2024-12-01,2024-12-01 19:00:00,Support,support_ticket,,,,,,,,,closed,,,medium,136,19.0,,False,on_or_after_signup,source_not_identified
T-b3739a,A-2f6a32,2023-12-27,2023-12-28 01:00:00,Support,support_ticket,,,,,,,,,closed,,,medium,139,25.0,3.0,False,before_signup,source_not_identified
T-fa0eed,A-f25509,2024-05-30,2024-06-01 01:00:00,Support,support_ticket,,,,,,,,,closed,,,high,68,49.0,,False,on_or_after_signup,source_not_identified
T-bc6799,A-9f9299,2023-04-12,2023-04-14 23:00:00,Support,support_ticket,,,,,,,,,closed,,,medium,146,71.0,,False,before_signup,source_not_identified
T-90b336,A-d26ab4,2023-09-28,2023-09-30 04:00:00,Support,support_ticket,,,,,,,,,closed,,,urgent,148,52.0,4.0,False,before_signup,source_not_identified
T-1ecc39,A-c7e58b,2024-12-01,2024-12-01 04:00:00,Support,support_ticket,,,,,,,,,closed,,,high,28,4.0,4.0,False,on_or_after_signup,source_not_identified
T-4ecb7b,A-acb7f7,2023-08-19,2023-08-21 02:00:00,Support,support_ticket,,,,,,,,,closed,,,low,98,50.0,,False,before_signup,source_not_identified
T-76c486,A-089363,2023-11-06,2023-11-07 01:00:00,Support,support_ticket,,,,,,,,,closed,,,low,153,25.0,3.0,False,on_or_after_signup,source_not_identified
T-20065b,A-1e1b80,2023-05-14,2023-05-16 09:00:00,Support,support_ticket,,,,,,,,,closed,,,high,54,57.0,4.0,False,before_signup,source_not_identified
T-161f9c,A-6c093d,2024-07-11,2024-07-12 03:00:00,Support,support_ticket,,,,,,,,,closed,,,high,6,27.0,,False,on_or_after_signup,source_not_identified
T-1e8229,A-5790f4,2023-08-21,2023-08-21 04:00:00,Support,support_ticket,,,,,,,,,closed,,,medium,3,4.0,,False,before_signup,source_not_identified
T-aac2ca,A-18793f,2023-03-04,2023-03-05 14:00:00,Support,support_ticket,,,,,,,,,closed,,,low,155,38.0,4.0,False,before_signup,source_not_identified
T-b6d936,A-cb6cc6,2024-03-11,2024-03-11 18:00:00,Support,support_ticket,,,,,,,,,closed,,,high,135,18.0,4.0,False,on_or_after_signup,source_not_identified
T-6d8b81,A-117171,2023-11-04,2023-11-05 20:00:00,Support,support_ticket,,,,,,,,,closed,,,high,52,44.0,,True,before_signup,source_not_identified
T-2006d9,A-e40f45,2023-02-16,2023-02-18 00:00:00,Support,support_ticket,,,,,,,,,closed,,,high,157,48.0,,False,before_signup,source_not_identified
T-01e321,A-3ce5b8,2024-06-01,2024-06-02 22:00:00,Support,support_ticket,,,,,,,,,closed,,,medium,80,46.0,4.0,False,on_or_after_signup,source_not_identified
T-cd5725,A-f6b2fb,2023-10-26,2023-10-29 00:00:00,Support,support_ticket,,,,,,,,,closed,,,high,155,72.0,,False,before_signup,source_not_identified
T-e727f3,A-39868b,2023-01-27,2023-01-29 12:00:00,Support,support_ticket,,,,,,,,,closed,,,medium,122,60.0,4.0,False,before_signup,source_not_identified
T-22c308,A-6f50ae,2024-08-07,2024-08-08 21:00:00,Support,support_ticket,,,,,,,,,closed,,,low,105,45.0,5.0,False,on_or_after_signup,source_not_identified
T-533b28,A-1b9609,2024-10-22,2024-10-24 17:00:00,Support,support_ticket,,,,,,,,,closed,,,high,26,65.0,,False,on_or_after_signup,source_not_identified
T-14571c,A-02fac6,2023-11-01,2023-11-02 12:00:00,Support,support_ticket,,,,,,,,,closed,,,low,176,36.0,5.0,False,on_or_after_signup,source_not_identified
T-71ab14,A-f97b9a,2023-01-31,2023-02-01 19:00:00,Support,support_ticket,,,,,,,,,closed,,,medium,39,43.0,4.0,False,before_signup,source_not_identified
T-7dca41,A-b48f73,2023-05-13,2023-05-14 22:00:00,Support,support_ticket,,,,,,,,,closed,,,low,62,46.0,,False,before_signup,source_not_identified
T-777bf4,A-0f6450,2023-01-20,2023-01-20 02:00:00,Support,support_ticket,,,,,,,,,closed,,,low,54,2.0,5.0,False,before_signup,source_not_identified
T-d5f2dd,A-0532a9,2023-06-30,2023-07-01 14:00:00,Support,support_ticket,,,,,,,,,closed,,,high,86,38.0,3.0,False,before_signup,source_not_identified
T-0fc8f9,A-fda07f,2023-11-28,2023-11-29 06:00:00,Support,support_ticket,,,,,,,,,closed,,,medium,110,30.0,3.0,False,before_signup,source_not_identified
T-db2c10,A-0aaf6e,2024-10-13,2024-10-15 11:00:00,Support,support_ticket,,,,,,,,,closed,,,low,47,59.0,5.0,False,on_or_after_signup,source_not_identified
T-89d6c4,A-40de06,2023-11-24,2023-11-24 16:00:00,Support,support_ticket,,,,,,,,,closed,,,medium,111,16.0,4.0,False,on_or_after_signup,source_not_identified
T-4c383b,A-993085,2024-12-09,2024-12-10 13:00:00,Support,support_ticket,,,,,,,,,closed,,,low,109,37.0,3.0,False,on_or_after_signup,source_not_identified
T-cce7ba,A-17939a,2024-08-14,2024-08-16 05:00:00,Support,support_ticket,,,,,,,,,closed,,,urgent,150,53.0,,False,before_signup,source_not_identified
T-2651ec,A-8e47ca,2024-02-18,2024-02-18 10:00:00,Support,support_ticket,,,,,,,,,closed,,,high,21,10.0,,False,on_or_after_signup,source_not_identified
T-673852,A-4e44e8,2024-09-15,2024-09-15 02:00:00,Support,support_ticket,,,,,,,,,closed,,,low,10,2.0,3.0,False,on_or_after_signup,source_not_identified
T-d75ceb,A-9b9fe9,2024-07-26,2024-07-27 09:00:00,Support,support_ticket,,,,,,,,,closed,,,urgent,158,33.0,3.0,False,on_or_after_signup,source_not_identified
T-49a11d,A-6c093d,2024-05-08,2024-05-09 12:00:00,Support,support_ticket,,,,,,,,,closed,,,medium,123,36.0,5.0,False,on_or_after_signup,source_not_identified
T-274cf7,A-781cc0,2024-01-28,2024-01-30 23:00:00,Support,support_ticket,,,,,,,,,closed,,,low,9,71.0,3.0,False,before_signup,source_not_identified
T-31021c,A-65a46c,2023-10-14,2023-10-16 14:00:00,Support,support_ticket,,,,,,,,,closed,,,low,116,62.0,3.0,False,before_signup,source_not_identified
T-37d585,A-0f7d77,2023-11-23,2023-11-25 04:00:00,Support,support_ticket,,,,,,,,,closed,,,high,138,52.0,5.0,False,before_signup,source_not_identified
T-d80a44,A-58b9ff,2023-02-04,2023-02-06 19:00:00,Support,support_ticket,,,,,,,,,closed,,,medium,38,67.0,,True,before_signup,source_not_identified
T-1e968e,A-484819,2023-12-10,2023-12-10 15:00:00,Support,support_ticket,,,,,,,,,closed,,,urgent,127,15.0,,False,on_or_after_signup,source_not_identified
T-e1d305,A-149a69,2023-06-16,2023-06-17 22:00:00,Support,support_ticket,,,,,,,,,closed,,,urgent,114,46.0,3.0,False,before_signup,source_not_identified
T-74d3f4,A-038089,2024-05-25,2024-05-26 17:00:00,Support,support_ticket,,,,,,,,,closed,,,low,102,41.0,,False,on_or_after_signup,source_not_identified
T-b3cd04,A-5247b3,2024-09-08,2024-09-10 16:00:00,Support,support_ticket,,,,,,,,,closed,,,medium,51,64.0,5.0,False,on_or_after_signup,source_not_identified
T-0cf3e3,A-0be015,2023-03-23,2023-03-25 18:00:00,Support,support_ticket,,,,,,,,,closed,,,medium,53,66.0,4.0,False,before_signup,source_not_identified
T-b57da5,A-65a46c,2024-06-22,2024-06-22 03:00:00,Support,support_ticket,,,,,,,,,closed,,,urgent,107,3.0,,False,on_or_after_signup,source_not_identified
T-f59d6e,A-3c1a3f,2023-09-25,2023-09-27 10:00:00,Support,support_ticket,,,,,,,,,closed,,,low,99,58.0,4.0,False,on_or_after_signup,source_not_identified
T-7772d1,A-104f1a,2024-03-26,2024-03-28 08:00:00,Support,support_ticket,,,,,,,,,closed,,,low,40,56.0,4.0,False,before_signup,source_not_identified
T-c895a0,A-5a92e7,2024-10-10,2024-10-10 22:00:00,Support,support_ticket,,,,,,,,,closed,,,medium,3,22.0,3.0,False,on_or_after_signup,source_not_identified
T-19ea5b,A-d4ac0e,2024-09-08,2024-09-08 18:00:00,Support,support_ticket,,,,,,,,,closed,,,low,15,18.0,,False,on_or_after_signup,source_not_identified
T-c8e32b,A-bc4d48,2024-01-22,2024-01-22 12:00:00,Support,support_ticket,,,,,,,,,closed,,,high,129,12.0,,False,before_signup,source_not_identified
T-3ca62f,A-3b37d9,2023-03-29,2023-03-29 16:00:00,Support,support_ticket,,,,,,,,,closed,,,urgent,103,16.0,4.0,False,on_or_after_signup,source_not_identified
T-6684a4,A-cc8c8f,2023-11-19,2023-11-19 22:00:00,Support,support_ticket,,,,,,,,,closed,,,urgent,103,22.0,3.0,False,before_signup,source_not_identified
T-d0a540,A-e5d6ab,2024-09-17,2024-09-19 06:00:00,Support,support_ticket,,,,,,,,,closed,,,high,11,54.0,,False,on_or_after_signup,source_not_identified
T-b456f1,A-c4ea60,2023-11-05,2023-11-05 05:00:00,Support,support_ticket,,,,,,,,,closed,,,low,22,5.0,5.0,False,on_or_after_signup,source_not_identified
T-79975c,A-10b8f2,2023-12-26,2023-12-28 20:00:00,Support,support_ticket,,,,,,,,,closed,,,low,116,68.0,5.0,False,on_or_after_signup,source_not_identified
T-1c3d56,A-3cc791,2024-06-16,2024-06-16 17:00:00,Support,support_ticket,,,,,,,,,closed,,,medium,151,17.0,4.0,True,on_or_after_signup,source_not_identified
T-5fc181,A-a7bd4b,2023-05-06,2023-05-07 12:00:00,Support,support_ticket,,,,,,,,,closed,,,low,109,36.0,,False,on_or_after_signup,source_not_identified
T-4220fc,A-0f6450,2023-06-06,2023-06-07 03:00:00,Support,support_ticket,,,,,,,,,closed,,,low,70,27.0,3.0,True,before_signup,source_not_identified
T-ddd1a5,A-ae052e,2023-04-02,2023-04-03 07:00:00,Support,support_ticket,,,,,,,,,closed,,,low,62,31.0,5.0,False,before_signup,source_not_identified
T-bf2ee1,A-b2af2e,2023-08-20,2023-08-20 14:00:00,Support,support_ticket,,,,,,,,,closed,,,medium,99,14.0,4.0,False,before_signup,source_not_identified
T-4a7bb7,A-6c093d,2023-02-27,2023-03-01 10:00:00,Support,support_ticket,,,,,,,,,closed,,,high,76,58.0,,True,before_signup,source_not_identified
T-ed85f6,A-05d3b3,2023-08-23,2023-08-23 14:00:00,Support,support_ticket,,,,,,,,,closed,,,medium,40,14.0,4.0,False,on_or_after_signup,source_not_identified
T-601022,A-39b19f,2024-10-04,2024-10-05 19:00:00,Support,support_ticket,,,,,,,,,closed,,,low,32,43.0,5.0,True,on_or_after_signup,source_not_identified
T-8027c4,A-66224b,2024-02-29,2024-03-01 04:00:00,Support,support_ticket,,,,,,,,,closed,,,low,113,28.0,3.0,False,before_signup,source_not_identified
T-eed292,A-bb2f49,2024-03-29,2024-03-29 18:00:00,Support,support_ticket,,,,,,,,,closed,,,low,100,18.0,,False,on_or_after_signup,source_not_identified
T-779cd9,A-b11cd0,2024-01-11,2024-01-12 21:00:00,Support,support_ticket,,,,,,,,,closed,,,low,160,45.0,,False,on_or_after_signup,source_not_identified
T-1bf8d6,A-cc102e,2023-10-31,2023-11-02 16:00:00,Support,support_ticket,,,,,,,,,closed,,,medium,130,64.0,5.0,False,before_signup,source_not_identified
T-a7d132,A-503d5a,2024-03-10,2024-03-10 19:00:00,Support,support_ticket,,,,,,,,,closed,,,low,41,19.0,,False,on_or_after_signup,source_not_identified
T-8ccee6,A-6e08f3,2023-04-07,2023-04-08 02:00:00,Support,support_ticket,,,,,,,,,closed,,,urgent,122,26.0,3.0,False,on_or_after_signup,source_not_identified
T-c8afc4,A-19b2c8,2023-11-28,2023-11-29 00:00:00,Support,support_ticket,,,,,,,,,closed,,,medium,29,24.0,5.0,False,on_or_after_signup,source_not_identified
T-cdfd31,A-1d5444,2024-12-11,2024-12-11 05:00:00,Support,support_ticket,,,,,,,,,closed,,,high,96,5.0,,False,on_or_after_signup,source_not_identified
T-13718e,A-a7bd4b,2023-07-20,2023-07-22 16:00:00,Support,support_ticket,,,,,,,,,closed,,,high,14,64.0,3.0,False,on_or_after_signup,source_not_identified
T-2c8cf7,A-940b8b,2023-09-17,2023-09-19 14:00:00,Support,support_ticket,,,,,,,,,closed,,,urgent,57,62.0,3.0,False,before_signup,source_not_identified
T-134994,A-0a62f5,2023-11-05,2023-11-07 11:00:00,Support,support_ticket,,,,,,,,,closed,,,high,153,59.0,,False,before_signup,source_not_identified
T-9f9f2d,A-4814a3,2023-11-02,2023-11-03 03:00:00,Support,support_ticket,,,,,,,,,closed,,,medium,57,27.0,,True,before_signup,source_not_identified
T-8b1e89,A-cbbe12,2024-03-21,2024-03-23 05:00:00,Support,support_ticket,,,,,,,,,closed,,,high,7,53.0,3.0,False,on_or_after_signup,source_not_identified
T-3804b6,A-e98302,2023-06-28,2023-06-28 03:00:00,Support,support_ticket,,,,,,,,,closed,,,high,40,3.0,5.0,False,before_signup,source_not_identified
T-862af5,A-e7beab,2023-03-01,2023-03-01 02:00:00,Support,support_ticket,,,,,,,,,closed,,,low,139,2.0,5.0,False,before_signup,source_not_identified
T-09eea1,A-328bd0,2024-02-18,2024-02-19 16:00:00,Support,support_ticket,,,,,,,,,closed,,,medium,106,40.0,4.0,False,on_or_after_signup,source_not_identified
T-e00e0a,A-6e7827,2024-11-17,2024-11-19 19:00:00,Support,support_ticket,,,,,,,,,closed,,,medium,81,67.0,4.0,False,on_or_after_signup,source_not_identified
T-7d8c37,A-94d3da,2024-08-06,2024-08-06 14:00:00,Support,support_ticket,,,,,,,,,closed,,,low,4,14.0,5.0,False,on_or_after_signup,source_not_identified
T-e4b581,A-ef84cf,2024-11-02,2024-11-02 16:00:00,Support,support_ticket,,,,,,,,,closed,,,low,11,16.0,4.0,True,on_or_after_signup,source_not_identified
T-21da91,A-b9f5b1,2024-08-09,2024-08-10 08:00:00,Support,support_ticket,,,,,,,,,closed,,,low,121,32.0,3.0,False,on_or_after_signup,source_not_identified
T-09e88f,A-bb2f49,2023-01-28,2023-01-28 14:00:00,Support,support_ticket,,,,,,,,,closed,,,urgent,45,14.0,4.0,False,before_signup,source_not_identified
T-0854a1,A-0354fe,2024-04-11,2024-04-13 14:00:00,Support,support_ticket,,,,,,,,,closed,,,high,78,62.0,,False,before_signup,source_not_identified
T-f932f6,A-ef84cf,2023-08-07,2023-08-07 03:00:00,Support,support_ticket,,,,,,,,,closed,,,urgent,91,3.0,4.0,False,before_signup,source_not_identified
T-ca7d9e,A-20736a,2024-12-14,2024-12-15 16:00:00,Support,support_ticket,,,,,,,,,closed,,,high,145,40.0,3.0,False,on_or_after_signup,source_not_identified
T-c2e25a,A-50bb9f,2023-08-12,2023-08-12 16:00:00,Support,support_ticket,,,,,,,,,closed,,,medium,142,16.0,5.0,False,before_signup,source_not_identified
T-f7e86b,A-10b8da,2023-09-23,2023-09-24 00:00:00,Support,support_ticket,,,,,,,,,closed,,,high,32,24.0,4.0,False,on_or_after_signup,source_not_identified
T-6a7af3,A-d49cc5,2024-05-15,2024-05-15 05:00:00,Support,support_ticket,,,,,,,,,closed,,,urgent,134,5.0,5.0,False,on_or_after_signup,source_not_identified
T-b65657,A-f92792,2024-11-24,2024-11-24 20:00:00,Support,support_ticket,,,,,,,,,closed,,,medium,84,20.0,,False,on_or_after_signup,source_not_identified
T-7df5b2,A-b78bf8,2024-12-01,2024-12-01 06:00:00,Support,support_ticket,,,,,,,,,closed,,,medium,161,6.0,5.0,False,on_or_after_signup,source_not_identified
T-30fb5e,A-34ea2f,2023-12-20,2023-12-20 11:00:00,Support,support_ticket,,,,,,,,,closed,,,low,158,11.0,3.0,False,before_signup,source_not_identified
T-0cd0f4,A-f6b2fb,2023-01-26,2023-01-27 16:00:00,Support,support_ticket,,,,,,,,,closed,,,high,56,40.0,,False,before_signup,source_not_identified
T-72295c,A-ad64c6,2024-04-20,2024-04-20 04:00:00,Support,support_ticket,,,,,,,,,closed,,,medium,60,4.0,,False,on_or_after_signup,source_not_identified
T-bf6b9b,A-35083d,2023-10-02,2023-10-04 04:00:00,Support,support_ticket,,,,,,,,,closed,,,high,87,52.0,5.0,False,on_or_after_signup,source_not_identified
T-d7ff1e,A-558c72,2024-05-03,2024-05-05 23:00:00,Support,support_ticket,,,,,,,,,closed,,,urgent,91,71.0,4.0,False,on_or_after_signup,source_not_identified
T-a2760f,A-68f37c,2023-11-02,2023-11-02 02:00:00,Support,support_ticket,,,,,,,,,closed,,,medium,169,2.0,,False,on_or_after_signup,source_not_identified
T-4cc0d7,A-558c72,2023-09-08,2023-09-10 12:00:00,Support,support_ticket,,,,,,,,,closed,,,medium,113,60.0,5.0,True,on_or_after_signup,source_not_identified
T-6b7933,A-b7ef83,2024-01-24,2024-01-25 04:00:00,Support,support_ticket,,,,,,,,,closed,,,urgent,88,28.0,4.0,False,before_signup,source_not_identified
T-9703b6,A-7df7a7,2023-07-04,2023-07-04 08:00:00,Support,support_ticket,,,,,,,,,closed,,,urgent,142,8.0,4.0,False,on_or_after_signup,source_not_identified
T-f10d70,A-fda07f,2024-09-01,2024-09-01 06:00:00,Support,support_ticket,,,,,,,,,closed,,,high,3,6.0,4.0,False,on_or_after_signup,source_not_identified
T-f09f22,A-ef84cf,2024-10-27,2024-10-29 14:00:00,Support,support_ticket,,,,,,,,,closed,,,urgent,54,62.0,5.0,False,on_or_after_signup,source_not_identified
T-5ab106,A-f97b9a,2024-11-14,2024-11-15 19:00:00,Support,support_ticket,,,,,,,,,closed,,,low,45,43.0,,False,on_or_after_signup,source_not_identified
T-d67e21,A-4814a3,2023-05-31,2023-05-31 12:00:00,Support,support_ticket,,,,,,,,,closed,,,low,150,12.0,,False,before_signup,source_not_identified
T-39910e,A-019782,2024-09-09,2024-09-09 10:00:00,Support,support_ticket,,,,,,,,,closed,,,urgent,166,10.0,,False,on_or_after_signup,source_not_identified
T-0e1c0e,A-69b156,2024-07-06,2024-07-08 16:00:00,Support,support_ticket,,,,,,,,,closed,,,high,161,64.0,5.0,False,on_or_after_signup,source_not_identified
T-e496a8,A-117171,2024-08-22,2024-08-22 22:00:00,Support,support_ticket,,,,,,,,,closed,,,medium,34,22.0,,False,before_signup,source_not_identified
T-1dbfc1,A-c42f1f,2023-01-08,2023-01-10 22:00:00,Support,support_ticket,,,,,,,,,closed,,,high,67,70.0,,False,before_signup,source_not_identified
T-de489a,A-692f18,2024-07-28,2024-07-30 07:00:00,Support,support_ticket,,,,,,,,,closed,,,high,96,55.0,5.0,False,on_or_after_signup,source_not_identified
T-fd80a1,A-bcbe98,2023-09-24,2023-09-26 01:00:00,Support,support_ticket,,,,,,,,,closed,,,urgent,122,49.0,,False,before_signup,source_not_identified
T-0e39f9,A-726cfa,2024-08-05,2024-08-05 09:00:00,Support,support_ticket,,,,,,,,,closed,,,high,93,9.0,4.0,False,on_or_after_signup,source_not_identified
T-027331,A-474ad4,2024-05-03,2024-05-03 18:00:00,Support,support_ticket,,,,,,,,,closed,,,medium,76,18.0,5.0,False,on_or_after_signup,source_not_identified
T-324459,A-51ec1b,2023-08-20,2023-08-22 10:00:00,Support,support_ticket,,,,,,,,,closed,,,high,105,58.0,5.0,False,before_signup,source_not_identified
T-2b0805,A-202b67,2024-07-28,2024-07-29 11:00:00,Support,support_ticket,,,,,,,,,closed,,,urgent,179,35.0,,False,on_or_after_signup,source_not_identified
T-1f5562,A-86902e,2023-01-25,2023-01-27 17:00:00,Support,support_ticket,,,,,,,,,closed,,,medium,69,65.0,,False,before_signup,source_not_identified
T-c2a8c2,A-779e4e,2023-07-11,2023-07-11 15:00:00,Support,support_ticket,,,,,,,,,closed,,,urgent,86,15.0,5.0,False,on_or_after_signup,source_not_identified
T-dbe987,A-463db0,2023-02-22,2023-02-24 21:00:00,Support,support_ticket,,,,,,,,,closed,,,medium,25,69.0,,False,before_signup,source_not_identified
T-17b048,A-443b7c,2023-08-23,2023-08-24 00:00:00,Support,support_ticket,,,,,,,,,closed,,,urgent,44,24.0,3.0,False,before_signup,source_not_identified
T-d3ac82,A-f17767,2023-03-13,2023-03-15 13:00:00,Support,support_ticket,,,,,,,,,closed,,,high,88,61.0,,True,on_or_after_signup,source_not_identified
T-3716d2,A-e61e98,2023-10-17,2023-10-19 23:00:00,Support,support_ticket,,,,,,,,,closed,,,medium,127,71.0,5.0,False,before_signup,source_not_identified
T-c16096,A-e08cd3,2024-12-26,2024-12-28 09:00:00,Support,support_ticket,,,,,,,,,closed,,,urgent,148,57.0,4.0,False,on_or_after_signup,source_not_identified
T-07968b,A-068fc6,2023-04-04,2023-04-06 14:00:00,Support,support_ticket,,,,,,,,,closed,,,low,123,62.0,,False,before_signup,source_not_identified
T-c6d16e,A-00bed1,2024-03-13,2024-03-14 04:00:00,Support,support_ticket,,,,,,,,,closed,,,urgent,107,28.0,4.0,False,on_or_after_signup,source_not_identified
T-0088b7,A-ce550d,2024-05-15,2024-05-17 17:00:00,Support,support_ticket,,,,,,,,,closed,,,medium,173,65.0,3.0,True,before_signup,source_not_identified
T-3a75b1,A-3be56b,2024-02-13,2024-02-15 12:00:00,Support,support_ticket,,,,,,,,,closed,,,low,61,60.0,4.0,False,on_or_after_signup,source_not_identified
T-6a99e2,A-c42f1f,2024-09-28,2024-09-30 00:00:00,Support,support_ticket,,,,,,,,,closed,,,low,37,48.0,5.0,False,on_or_after_signup,source_not_identified
T-646e6d,A-019782,2024-12-01,2024-12-01 10:00:00,Support,support_ticket,,,,,,,,,closed,,,urgent,48,10.0,3.0,False,on_or_after_signup,source_not_identified
T-e81350,A-cea1f0,2024-09-02,2024-09-04 01:00:00,Support,support_ticket,,,,,,,,,closed,,,urgent,172,49.0,5.0,False,on_or_after_signup,source_not_identified
T-866db3,A-f446b6,2023-12-20,2023-12-20 22:00:00,Support,support_ticket,,,,,,,,,closed,,,low,106,22.0,4.0,False,on_or_after_signup,source_not_identified
T-faf9c4,A-40a557,2023-07-19,2023-07-19 21:00:00,Support,support_ticket,,,,,,,,,closed,,,low,143,21.0,,False,before_signup,source_not_identified
T-b475e9,A-f51f16,2023-04-23,2023-04-23 15:00:00,Support,support_ticket,,,,,,,,,closed,,,urgent,109,15.0,,False,before_signup,source_not_identified
T-911d71,A-dcc3f1,2024-03-20,2024-03-21 16:00:00,Support,support_ticket,,,,,,,,,closed,,,urgent,3,40.0,3.0,False,on_or_after_signup,source_not_identified
T-861a59,A-3b37d9,2024-09-23,2024-09-24 04:00:00,Support,support_ticket,,,,,,,,,closed,,,medium,39,28.0,,False,on_or_after_signup,source_not_identified
T-ad1e6e,A-503d5a,2023-11-06,2023-11-08 10:00:00,Support,support_ticket,,,,,,,,,closed,,,medium,116,58.0,,False,on_or_after_signup,source_not_identified
T-8132dc,A-474ad4,2023-09-13,2023-09-14 09:00:00,Support,support_ticket,,,,,,,,,closed,,,urgent,11,33.0,,False,before_signup,source_not_identified
T-ad077a,A-6dee43,2023-10-16,2023-10-17 00:00:00,Support,support_ticket,,,,,,,,,closed,,,urgent,12,24.0,3.0,False,on_or_after_signup,source_not_identified
T-09f4bd,A-ce66f8,2023-09-11,2023-09-12 10:00:00,Support,support_ticket,,,,,,,,,closed,,,medium,75,34.0,3.0,False,on_or_after_signup,source_not_identified
T-cd1aee,A-1ac5e0,2023-08-05,2023-08-05 06:00:00,Support,support_ticket,,,,,,,,,closed,,,high,99,6.0,3.0,False,before_signup,source_not_identified
T-ff778b,A-9badbd,2024-10-12,2024-10-12 16:00:00,Support,support_ticket,,,,,,,,,closed,,,low,47,16.0,,False,on_or_after_signup,source_not_identified
T-3090a7,A-f19409,2023-03-09,2023-03-09 05:00:00,Support,support_ticket,,,,,,,,,closed,,,medium,175,5.0,,False,before_signup,source_not_identified
T-e67195,A-3ce5b8,2024-10-25,2024-10-27 02:00:00,Support,support_ticket,,,,,,,,,closed,,,low,156,50.0,3.0,False,on_or_after_signup,source_not_identified
T-0c9932,A-eb2fdc,2023-10-18,2023-10-18 16:00:00,Support,support_ticket,,,,,,,,,closed,,,medium,50,16.0,5.0,False,before_signup,source_not_identified
T-b88fe0,A-34ea2f,2023-11-08,2023-11-08 07:00:00,Support,support_ticket,,,,,,,,,closed,,,medium,42,7.0,,False,before_signup,source_not_identified
T-e63e72,A-396e5f,2024-06-02,2024-06-02 21:00:00,Support,support_ticket,,,,,,,,,closed,,,high,125,21.0,,False,before_signup,source_not_identified
T-ae7b6e,A-4e44e8,2023-02-18,2023-02-18 21:00:00,Support,support_ticket,,,,,,,,,closed,,,urgent,45,21.0,3.0,False,before_signup,source_not_identified
T-963409,A-5a92e7,2023-04-01,2023-04-01 17:00:00,Support,support_ticket,,,,,,,,,closed,,,urgent,127,17.0,4.0,False,before_signup,source_not_identified
T-7faf10,A-600734,2023-09-01,2023-09-03 04:00:00,Support,support_ticket,,,,,,,,,closed,,,medium,79,52.0,,False,before_signup,source_not_identified
T-b9f162,A-20736a,2024-12-01,2024-12-03 09:00:00,Support,support_ticket,,,,,,,,,closed,,,high,131,57.0,4.0,False,on_or_after_signup,source_not_identified
T-29acb7,A-68f37c,2023-05-07,2023-05-07 21:00:00,Support,support_ticket,,,,,,,,,closed,,,urgent,76,21.0,,False,before_signup,source_not_identified
T-1a05b7,A-2446e3,2024-02-08,2024-02-08 06:00:00,Support,support_ticket,,,,,,,,,closed,,,urgent,111,6.0,3.0,False,on_or_after_signup,source_not_identified
T-202a0d,A-17939a,2023-12-30,2023-12-31 10:00:00,Support,support_ticket,,,,,,,,,closed,,,medium,7,34.0,,False,before_signup,source_not_identified
T-c44351,A-4d1e75,2024-04-29,2024-04-30 03:00:00,Support,support_ticket,,,,,,,,,closed,,,medium,24,27.0,4.0,False,before_signup,source_not_identified
T-5c1ed6,A-de58ca,2023-05-08,2023-05-08 12:00:00,Support,support_ticket,,,,,,,,,closed,,,low,148,12.0,3.0,False,on_or_after_signup,source_not_identified
T-e2e929,A-b07b56,2023-04-30,2023-05-01 04:00:00,Support,support_ticket,,,,,,,,,closed,,,high,43,28.0,3.0,False,before_signup,source_not_identified
T-99e0a1,A-378b99,2023-12-01,2023-12-02 04:00:00,Support,support_ticket,,,,,,,,,closed,,,low,110,28.0,,False,before_signup,source_not_identified
T-ffc8ec,A-43a9e3,2024-06-26,2024-06-27 11:00:00,Support,support_ticket,,,,,,,,,closed,,,medium,41,35.0,3.0,False,on_or_after_signup,source_not_identified
T-12b388,A-0354fe,2024-11-07,2024-11-07 15:00:00,Support,support_ticket,,,,,,,,,closed,,,medium,14,15.0,,False,on_or_after_signup,source_not_identified
T-3b6d69,A-ba6516,2024-06-24,2024-06-26 12:00:00,Support,support_ticket,,,,,,,,,closed,,,medium,90,60.0,4.0,False,on_or_after_signup,source_not_identified
T-dd2674,A-3932db,2024-01-28,2024-01-28 19:00:00,Support,support_ticket,,,,,,,,,closed,,,high,158,19.0,5.0,False,on_or_after_signup,source_not_identified
T-ae22ba,A-bb3bd4,2023-10-14,2023-10-14 03:00:00,Support,support_ticket,,,,,,,,,closed,,,low,178,3.0,4.0,False,before_signup,source_not_identified
T-34421f,A-02fac6,2024-05-18,2024-05-18 16:00:00,Support,support_ticket,,,,,,,,,closed,,,high,179,16.0,3.0,False,on_or_after_signup,source_not_identified
T-1018b1,A-1619f8,2024-02-12,2024-02-12 20:00:00,Support,support_ticket,,,,,,,,,closed,,,medium,89,20.0,,False,before_signup,source_not_identified
T-474619,A-139c3b,2023-10-08,2023-10-08 03:00:00,Support,support_ticket,,,,,,,,,closed,,,medium,88,3.0,5.0,False,before_signup,source_not_identified
T-f925c6,A-425e76,2023-02-14,2023-02-14 16:00:00,Support,support_ticket,,,,,,,,,closed,,,high,162,16.0,4.0,True,before_signup,source_not_identified
T-b6633c,A-02fac6,2024-02-18,2024-02-19 10:00:00,Support,support_ticket,,,,,,,,,closed,,,urgent,107,34.0,,False,on_or_after_signup,source_not_identified
T-7ddfa5,A-977ca0,2023-09-30,2023-10-02 08:00:00,Support,support_ticket,,,,,,,,,closed,,,high,117,56.0,,False,on_or_after_signup,source_not_identified
T-0a1945,A-798a3f,2024-10-30,2024-10-30 07:00:00,Support,support_ticket,,,,,,,,,closed,,,urgent,34,7.0,4.0,False,on_or_after_signup,source_not_identified
T-5dbf5b,A-7cfe77,2023-03-15,2023-03-16 14:00:00,Support,support_ticket,,,,,,,,,closed,,,high,154,38.0,3.0,False,before_signup,source_not_identified
T-ecf597,A-d42431,2023-01-29,2023-01-29 10:00:00,Support,support_ticket,,,,,,,,,closed,,,high,174,10.0,3.0,False,before_signup,source_not_identified
T-cb2104,A-fb186e,2023-06-03,2023-06-03 09:00:00,Support,support_ticket,,,,,,,,,closed,,,low,6,9.0,5.0,False,before_signup,source_not_identified
T-235e0a,A-ce66f8,2023-05-17,2023-05-19 22:00:00,Support,support_ticket,,,,,,,,,closed,,,medium,107,70.0,,False,before_signup,source_not_identified
T-9369c9,A-e351e1,2024-08-18,2024-08-19 17:00:00,Support,support_ticket,,,,,,,,,closed,,,urgent,51,41.0,3.0,False,before_signup,source_not_identified
T-86a1f6,A-bb2f49,2024-01-20,2024-01-21 11:00:00,Support,support_ticket,,,,,,,,,closed,,,high,162,35.0,4.0,False,on_or_after_signup,source_not_identified
T-1ba73b,A-e40f45,2023-11-20,2023-11-20 03:00:00,Support,support_ticket,,,,,,,,,closed,,,medium,75,3.0,3.0,False,before_signup,source_not_identified
T-c863f8,A-94f8c9,2023-11-12,2023-11-14 21:00:00,Support,support_ticket,,,,,,,,,closed,,,low,141,69.0,5.0,False,before_signup,source_not_identified
T-1ea354,A-ae052e,2023-12-07,2023-12-07 12:00:00,Support,support_ticket,,,,,,,,,closed,,,urgent,48,12.0,,False,on_or_after_signup,source_not_identified
T-611c1e,A-8e47ca,2023-03-09,2023-03-09 04:00:00,Support,support_ticket,,,,,,,,,closed,,,high,17,4.0,3.0,False,before_signup,source_not_identified
T-6047ed,A-c45b23,2024-04-23,2024-04-25 13:00:00,Support,support_ticket,,,,,,,,,closed,,,high,25,61.0,,False,on_or_after_signup,source_not_identified
T-47ef6b,A-712426,2023-10-17,2023-10-17 01:00:00,Support,support_ticket,,,,,,,,,closed,,,medium,43,1.0,,False,before_signup,source_not_identified
T-2e8d9d,A-9ee962,2023-04-15,2023-04-15 08:00:00,Support,support_ticket,,,,,,,,,closed,,,low,31,8.0,,False,on_or_after_signup,source_not_identified
T-c400c4,A-7f6b86,2023-05-18,2023-05-18 15:00:00,Support,support_ticket,,,,,,,,,closed,,,high,39,15.0,,False,before_signup,source_not_identified
T-520606,A-43a9e3,2023-01-15,2023-01-15 15:00:00,Support,support_ticket,,,,,,,,,closed,,,urgent,89,15.0,5.0,False,before_signup,source_not_identified
T-3f5174,A-a7bd4b,2024-06-07,2024-06-08 18:00:00,Support,support_ticket,,,,,,,,,closed,,,high,98,42.0,3.0,False,on_or_after_signup,source_not_identified
T-3a9f01,A-038089,2023-10-10,2023-10-12 13:00:00,Support,support_ticket,,,,,,,,,closed,,,urgent,32,61.0,3.0,False,before_signup,source_not_identified
T-91bbd1,A-427b69,2024-05-06,2024-05-08 09:00:00,Support,support_ticket,,,,,,,,,closed,,,urgent,120,57.0,3.0,False,before_signup,source_not_identified
T-72bc99,A-ff3c73,2023-03-08,2023-03-08 05:00:00,Support,support_ticket,,,,,,,,,closed,,,urgent,116,5.0,4.0,False,on_or_after_signup,source_not_identified
T-f29fb2,A-186a44,2024-03-30,2024-04-01 05:00:00,Support,support_ticket,,,,,,,,,closed,,,medium,103,53.0,,False,on_or_after_signup,source_not_identified
T-a01218,A-075038,2023-03-18,2023-03-20 02:00:00,Support,support_ticket,,,,,,,,,closed,,,high,104,50.0,3.0,False,before_signup,source_not_identified
T-463295,A-3a7284,2023-02-14,2023-02-16 13:00:00,Support,support_ticket,,,,,,,,,closed,,,urgent,152,61.0,3.0,False,before_signup,source_not_identified
T-464084,A-1f0636,2024-04-27,2024-04-29 12:00:00,Support,support_ticket,,,,,,,,,closed,,,high,82,60.0,4.0,False,on_or_after_signup,source_not_identified
T-2188d7,A-f5641b,2023-05-31,2023-05-31 04:00:00,Support,support_ticket,,,,,,,,,closed,,,urgent,46,4.0,3.0,False,before_signup,source_not_identified
T-474315,A-bb3bd4,2024-03-01,2024-03-02 17:00:00,Support,support_ticket,,,,,,,,,closed,,,urgent,139,41.0,4.0,False,on_or_after_signup,source_not_identified
T-9bb199,A-af0cd2,2024-04-23,2024-04-25 21:00:00,Support,support_ticket,,,,,,,,,closed,,,urgent,152,69.0,,False,on_or_after_signup,source_not_identified
T-bd38ae,A-5a184f,2023-09-25,2023-09-25 05:00:00,Support,support_ticket,,,,,,,,,closed,,,medium,38,5.0,4.0,False,on_or_after_signup,source_not_identified
T-6e3b72,A-3b5cd1,2023-01-27,2023-01-27 03:00:00,Support,support_ticket,,,,,,,,,closed,,,medium,22,3.0,,False,before_signup,source_not_identified
T-be97e7,A-7d514c,2024-03-20,2024-03-20 05:00:00,Support,support_ticket,,,,,,,,,closed,,,low,87,5.0,5.0,False,on_or_after_signup,source_not_identified
T-5ceae7,A-92a3af,2024-06-13,2024-06-14 07:00:00,Support,support_ticket,,,,,,,,,closed,,,high,10,31.0,3.0,False,before_signup,source_not_identified
T-b4c569,A-b48f73,2023-11-06,2023-11-06 01:00:00,Support,support_ticket,,,,,,,,,closed,,,high,4,1.0,5.0,False,before_signup,source_not_identified
T-095fc4,A-9208f0,2023-03-01,2023-03-02 16:00:00,Support,support_ticket,,,,,,,,,closed,,,urgent,100,40.0,,False,before_signup,source_not_identified
T-e6b94b,A-7cfe77,2024-10-12,2024-10-13 23:00:00,Support,support_ticket,,,,,,,,,closed,,,low,143,47.0,3.0,False,on_or_after_signup,source_not_identified
T-832df9,A-88c6ca,2023-02-26,2023-02-28 08:00:00,Support,support_ticket,,,,,,,,,closed,,,urgent,12,56.0,,False,before_signup,source_not_identified
T-0ceebb,A-72799b,2024-09-06,2024-09-08 07:00:00,Support,support_ticket,,,,,,,,,closed,,,high,104,55.0,5.0,False,on_or_after_signup,source_not_identified
T-e6ff26,A-4e960a,2024-12-08,2024-12-08 20:00:00,Support,support_ticket,,,,,,,,,closed,,,urgent,130,20.0,,False,on_or_after_signup,source_not_identified
T-69f219,A-9289f6,2024-12-16,2024-12-18 16:00:00,Support,support_ticket,,,,,,,,,closed,,,high,26,64.0,,False,on_or_after_signup,source_not_identified
T-688401,A-1e1b80,2024-03-30,2024-03-31 10:00:00,Support,support_ticket,,,,,,,,,closed,,,high,94,34.0,3.0,False,on_or_after_signup,source_not_identified
T-7620e2,A-54ecc2,2023-07-28,2023-07-29 09:00:00,Support,support_ticket,,,,,,,,,closed,,,high,129,33.0,,False,on_or_after_signup,source_not_identified
T-10020f,A-3932db,2023-08-24,2023-08-25 04:00:00,Support,support_ticket,,,,,,,,,closed,,,urgent,71,28.0,,False,before_signup,source_not_identified
T-a2eb91,A-4c56c9,2024-01-12,2024-01-14 10:00:00,Support,support_ticket,,,,,,,,,closed,,,medium,136,58.0,,False,on_or_after_signup,source_not_identified
T-57fa50,A-104f1a,2023-05-25,2023-05-27 05:00:00,Support,support_ticket,,,,,,,,,closed,,,high,118,53.0,5.0,False,before_signup,source_not_identified
T-b9b80b,A-afa505,2024-06-24,2024-06-26 09:00:00,Support,support_ticket,,,,,,,,,closed,,,urgent,49,57.0,3.0,True,on_or_after_signup,source_not_identified
T-dd1f11,A-bcbe98,2024-09-16,2024-09-17 10:00:00,Support,support_ticket,,,,,,,,,closed,,,medium,71,34.0,,False,on_or_after_signup,source_not_identified
T-c46a1b,A-86cdb4,2023-11-07,2023-11-08 07:00:00,Support,support_ticket,,,,,,,,,closed,,,medium,119,31.0,5.0,False,before_signup,source_not_identified
T-7048cb,A-adc1f3,2023-03-10,2023-03-10 01:00:00,Support,support_ticket,,,,,,,,,closed,,,low,41,1.0,3.0,False,before_signup,source_not_identified
T-65bdba,A-8ae05d,2023-08-06,2023-08-07 23:00:00,Support,support_ticket,,,,,,,,,closed,,,high,48,47.0,4.0,False,before_signup,source_not_identified
T-da9797,A-bc87bc,2024-10-01,2024-10-02 21:00:00,Support,support_ticket,,,,,,,,,closed,,,high,160,45.0,3.0,False,on_or_after_signup,source_not_identified
T-c786ff,A-c222ab,2024-12-26,2024-12-27 15:00:00,Support,support_ticket,,,,,,,,,closed,,,urgent,152,39.0,,False,on_or_after_signup,source_not_identified
T-f39a06,A-96e141,2024-03-07,2024-03-09 22:00:00,Support,support_ticket,,,,,,,,,closed,,,medium,58,70.0,,False,on_or_after_signup,source_not_identified
T-5a8cb8,A-9affe6,2024-08-19,2024-08-21 16:00:00,Support,support_ticket,,,,,,,,,closed,,,low,51,64.0,,False,on_or_after_signup,source_not_identified
T-580c71,A-068fc6,2023-04-15,2023-04-15 09:00:00,Support,support_ticket,,,,,,,,,closed,,,urgent,156,9.0,,False,before_signup,source_not_identified
T-2a19c6,A-52dd88,2023-12-14,2023-12-17 00:00:00,Support,support_ticket,,,,,,,,,closed,,,low,111,72.0,,False,on_or_after_signup,source_not_identified
T-836ae9,A-410e86,2023-12-22,2023-12-24 22:00:00,Support,support_ticket,,,,,,,,,closed,,,low,130,70.0,,False,before_signup,source_not_identified
T-895101,A-37f969,2024-04-12,2024-04-12 05:00:00,Support,support_ticket,,,,,,,,,closed,,,urgent,19,5.0,,False,on_or_after_signup,source_not_identified
T-203b1e,A-69b156,2024-06-12,2024-06-14 00:00:00,Support,support_ticket,,,,,,,,,closed,,,high,92,48.0,4.0,False,on_or_after_signup,source_not_identified
T-6da9bc,A-396e5f,2024-12-10,2024-12-12 12:00:00,Support,support_ticket,,,,,,,,,closed,,,high,49,60.0,4.0,True,on_or_after_signup,source_not_identified
T-0d73d3,A-ef84cf,2024-03-11,2024-03-13 11:00:00,Support,support_ticket,,,,,,,,,closed,,,low,143,59.0,,False,on_or_after_signup,source_not_identified
T-0f0bde,A-e888d1,2024-09-24,2024-09-26 03:00:00,Support,support_ticket,,,,,,,,,closed,,,medium,168,51.0,4.0,False,on_or_after_signup,source_not_identified
T-b14d75,A-7641d3,2023-03-08,2023-03-10 04:00:00,Support,support_ticket,,,,,,,,,closed,,,medium,115,52.0,5.0,True,on_or_after_signup,source_not_identified
T-8580fd,A-3a5ad8,2023-06-09,2023-06-11 02:00:00,Support,support_ticket,,,,,,,,,closed,,,urgent,149,50.0,,False,before_signup,source_not_identified
T-52fdaf,A-e08cd3,2023-04-21,2023-04-23 03:00:00,Support,support_ticket,,,,,,,,,closed,,,urgent,23,51.0,3.0,False,before_signup,source_not_identified
T-0648e6,A-0e966d,2024-12-01,2024-12-01 12:00:00,Support,support_ticket,,,,,,,,,closed,,,low,113,12.0,4.0,False,on_or_after_signup,source_not_identified
T-d93bf8,A-32728c,2023-01-25,2023-01-26 16:00:00,Support,support_ticket,,,,,,,,,closed,,,medium,51,40.0,3.0,False,on_or_after_signup,source_not_identified
T-718543,A-f03140,2023-01-28,2023-01-30 17:00:00,Support,support_ticket,,,,,,,,,closed,,,urgent,46,65.0,3.0,False,before_signup,source_not_identified
T-a61271,A-05d3b3,2024-11-03,2024-11-05 16:00:00,Support,support_ticket,,,,,,,,,closed,,,urgent,3,64.0,,False,on_or_after_signup,source_not_identified
T-0766ec,A-e351e1,2024-12-29,2024-12-29 05:00:00,Support,support_ticket,,,,,,,,,closed,,,low,100,5.0,3.0,False,on_or_after_signup,source_not_identified
T-738fd8,A-7920cc,2024-03-15,2024-03-15 05:00:00,Support,support_ticket,,,,,,,,,closed,,,low,94,5.0,3.0,False,on_or_after_signup,source_not_identified
T-3b09c6,A-49b828,2023-11-04,2023-11-05 02:00:00,Support,support_ticket,,,,,,,,,closed,,,medium,93,26.0,,False,on_or_after_signup,source_not_identified
T-946568,A-e40f45,2023-01-02,2023-01-03 03:00:00,Support,support_ticket,,,,,,,,,closed,,,medium,24,27.0,,False,before_signup,source_not_identified
T-1d4ad7,A-0be015,2024-01-04,2024-01-06 20:00:00,Support,support_ticket,,,,,,,,,closed,,,urgent,44,68.0,4.0,False,before_signup,source_not_identified
T-69bbea,A-02fac6,2023-03-03,2023-03-03 16:00:00,Support,support_ticket,,,,,,,,,closed,,,medium,43,16.0,,False,before_signup,source_not_identified
T-b0f248,A-0be015,2024-11-26,2024-11-27 22:00:00,Support,support_ticket,,,,,,,,,closed,,,high,122,46.0,,False,on_or_after_signup,source_not_identified
T-676fdf,A-7920cc,2024-10-04,2024-10-05 02:00:00,Support,support_ticket,,,,,,,,,closed,,,medium,122,26.0,,False,on_or_after_signup,source_not_identified
T-80fc65,A-d82ef9,2024-10-08,2024-10-10 13:00:00,Support,support_ticket,,,,,,,,,closed,,,low,116,61.0,,True,on_or_after_signup,source_not_identified
T-7e129c,A-df10db,2023-12-04,2023-12-06 20:00:00,Support,support_ticket,,,,,,,,,closed,,,medium,46,68.0,3.0,True,on_or_after_signup,source_not_identified
T-a0545c,A-484819,2024-04-26,2024-04-26 06:00:00,Support,support_ticket,,,,,,,,,closed,,,medium,152,6.0,,False,on_or_after_signup,source_not_identified
T-2c4195,A-ffc04f,2024-01-08,2024-01-08 08:00:00,Support,support_ticket,,,,,,,,,closed,,,low,175,8.0,5.0,False,before_signup,source_not_identified
T-9fcefd,A-659280,2023-04-17,2023-04-17 02:00:00,Support,support_ticket,,,,,,,,,closed,,,low,91,2.0,4.0,False,before_signup,source_not_identified
T-c752b7,A-e36807,2024-09-20,2024-09-20 13:00:00,Support,support_ticket,,,,,,,,,closed,,,high,145,13.0,5.0,False,on_or_after_signup,source_not_identified
T-7c0dc3,A-b20d99,2023-08-08,2023-08-10 12:00:00,Support,support_ticket,,,,,,,,,closed,,,medium,32,60.0,4.0,False,before_signup,source_not_identified
T-5cf4eb,A-ce550d,2024-06-15,2024-06-15 18:00:00,Support,support_ticket,,,,,,,,,closed,,,high,169,18.0,4.0,False,before_signup,source_not_identified
T-b4957a,A-8ae3fc,2024-03-06,2024-03-06 02:00:00,Support,support_ticket,,,,,,,,,closed,,,urgent,73,2.0,,False,before_signup,source_not_identified
T-4a1a56,A-4e631b,2023-09-04,2023-09-05 05:00:00,Support,support_ticket,,,,,,,,,closed,,,urgent,86,29.0,,False,before_signup,source_not_identified
T-07694c,A-9779ad,2023-06-14,2023-06-14 09:00:00,Support,support_ticket,,,,,,,,,closed,,,high,96,9.0,,False,before_signup,source_not_identified
T-113483,A-1e50e0,2024-10-29,2024-10-29 22:00:00,Support,support_ticket,,,,,,,,,closed,,,urgent,116,22.0,,False,on_or_after_signup,source_not_identified
T-fc3f98,A-6f8ad2,2023-07-12,2023-07-14 02:00:00,Support,support_ticket,,,,,,,,,closed,,,urgent,17,50.0,4.0,False,before_signup,source_not_identified
T-466cea,A-ced9aa,2023-11-23,2023-11-23 10:00:00,Support,support_ticket,,,,,,,,,closed,,,medium,70,10.0,,False,before_signup,source_not_identified
T-8caacd,A-eb7c38,2023-08-16,2023-08-16 05:00:00,Support,support_ticket,,,,,,,,,closed,,,urgent,56,5.0,,False,before_signup,source_not_identified
T-87f0f2,A-425e76,2024-02-18,2024-02-20 22:00:00,Support,support_ticket,,,,,,,,,closed,,,medium,164,70.0,3.0,False,on_or_after_signup,source_not_identified
T-5df8d7,A-a6d261,2024-12-05,2024-12-07 01:00:00,Support,support_ticket,,,,,,,,,closed,,,medium,3,49.0,4.0,False,on_or_after_signup,source_not_identified
T-7098db,A-117171,2024-12-12,2024-12-14 01:00:00,Support,support_ticket,,,,,,,,,closed,,,low,95,49.0,4.0,False,on_or_after_signup,source_not_identified
T-39076a,A-b7724f,2024-01-22,2024-01-23 04:00:00,Support,support_ticket,,,,,,,,,closed,,,urgent,15,28.0,3.0,False,on_or_after_signup,source_not_identified
T-ddcfa7,A-40906c,2024-05-26,2024-05-26 06:00:00,Support,support_ticket,,,,,,,,,closed,,,medium,84,6.0,3.0,False,on_or_after_signup,source_not_identified
T-4f2be5,A-3ce5b8,2023-04-07,2023-04-08 21:00:00,Support,support_ticket,,,,,,,,,closed,,,medium,137,45.0,5.0,False,before_signup,source_not_identified
T-91aaf3,A-e1462e,2023-04-18,2023-04-20 19:00:00,Support,support_ticket,,,,,,,,,closed,,,high,122,67.0,4.0,False,on_or_after_signup,source_not_identified
T-39b9b3,A-779e4e,2023-03-24,2023-03-24 23:00:00,Support,support_ticket,,,,,,,,,closed,,,urgent,86,23.0,,False,on_or_after_signup,source_not_identified
T-3c3935,A-c1e51e,2023-01-29,2023-01-30 02:00:00,Support,support_ticket,,,,,,,,,closed,,,urgent,15,26.0,3.0,False,before_signup,source_not_identified
T-7ff36c,A-0cc442,2023-04-28,2023-04-28 22:00:00,Support,support_ticket,,,,,,,,,closed,,,medium,11,22.0,,False,before_signup,source_not_identified
T-153c4f,A-297a2d,2024-05-14,2024-05-16 07:00:00,Support,support_ticket,,,,,,,,,closed,,,high,9,55.0,,False,on_or_after_signup,source_not_identified
T-2b9ac2,A-cbbe12,2023-06-30,2023-07-02 20:00:00,Support,support_ticket,,,,,,,,,closed,,,low,163,68.0,5.0,False,on_or_after_signup,source_not_identified
T-59dfb0,A-82861f,2024-12-18,2024-12-20 11:00:00,Support,support_ticket,,,,,,,,,closed,,,medium,24,59.0,3.0,False,on_or_after_signup,source_not_identified
T-ef9608,A-2bc93d,2023-05-28,2023-05-28 17:00:00,Support,support_ticket,,,,,,,,,closed,,,urgent,112,17.0,4.0,False,on_or_after_signup,source_not_identified
T-77dffb,A-ee42db,2023-12-18,2023-12-18 11:00:00,Support,support_ticket,,,,,,,,,closed,,,medium,80,11.0,3.0,False,on_or_after_signup,source_not_identified
T-77064e,A-cab532,2024-03-28,2024-03-29 08:00:00,Support,support_ticket,,,,,,,,,closed,,,low,175,32.0,4.0,False,on_or_after_signup,source_not_identified
T-762eff,A-0f6450,2023-04-24,2023-04-25 04:00:00,Support,support_ticket,,,,,,,,,closed,,,low,46,28.0,3.0,False,before_signup,source_not_identified
T-584792,A-d82ef9,2023-10-15,2023-10-17 03:00:00,Support,support_ticket,,,,,,,,,closed,,,low,121,51.0,4.0,False,before_signup,source_not_identified
T-a67c6a,A-40de06,2024-02-18,2024-02-20 07:00:00,Support,support_ticket,,,,,,,,,closed,,,urgent,24,55.0,,False,on_or_after_signup,source_not_identified
T-0ebaee,A-659280,2024-03-05,2024-03-05 02:00:00,Support,support_ticket,,,,,,,,,closed,,,medium,178,2.0,,False,on_or_after_signup,source_not_identified
T-d035ff,A-86902e,2024-03-13,2024-03-15 06:00:00,Support,support_ticket,,,,,,,,,closed,,,urgent,22,54.0,,False,on_or_after_signup,source_not_identified
T-9e0fbe,A-42b791,2023-12-12,2023-12-13 14:00:00,Support,support_ticket,,,,,,,,,closed,,,urgent,34,38.0,3.0,False,before_signup,source_not_identified
T-48a7e1,A-0baac2,2024-06-30,2024-07-01 20:00:00,Support,support_ticket,,,,,,,,,closed,,,low,79,44.0,,False,on_or_after_signup,source_not_identified
T-7dfcbc,A-ac9111,2023-06-21,2023-06-21 20:00:00,Support,support_ticket,,,,,,,,,closed,,,urgent,94,20.0,5.0,False,before_signup,source_not_identified
T-011d44,A-dfbd31,2024-03-29,2024-03-29 13:00:00,Support,support_ticket,,,,,,,,,closed,,,low,159,13.0,4.0,False,on_or_after_signup,source_not_identified
T-371908,A-d49cc5,2024-04-13,2024-04-13 07:00:00,Support,support_ticket,,,,,,,,,closed,,,low,53,7.0,,False,on_or_after_signup,source_not_identified
T-bc73ad,A-fd7ad3,2024-10-08,2024-10-09 21:00:00,Support,support_ticket,,,,,,,,,closed,,,low,103,45.0,5.0,False,before_signup,source_not_identified
T-2d7007,A-bd4708,2024-12-13,2024-12-15 03:00:00,Support,support_ticket,,,,,,,,,closed,,,high,176,51.0,,False,on_or_after_signup,source_not_identified
T-1e7cbe,A-bb3bd4,2023-07-10,2023-07-11 01:00:00,Support,support_ticket,,,,,,,,,closed,,,high,158,25.0,,False,before_signup,source_not_identified
T-eaf4bf,A-f446b6,2023-07-26,2023-07-27 23:00:00,Support,support_ticket,,,,,,,,,closed,,,urgent,114,47.0,5.0,False,on_or_after_signup,source_not_identified
T-885cc0,A-798a3f,2024-05-11,2024-05-11 10:00:00,Support,support_ticket,,,,,,,,,closed,,,high,33,10.0,5.0,False,on_or_after_signup,source_not_identified
T-4e6353,A-ffc04f,2024-05-13,2024-05-14 05:00:00,Support,support_ticket,,,,,,,,,closed,,,low,123,29.0,,False,before_signup,source_not_identified
T-73bcc4,A-d27f50,2024-05-01,2024-05-02 11:00:00,Support,support_ticket,,,,,,,,,closed,,,medium,108,35.0,5.0,False,before_signup,source_not_identified
T-882ab9,A-65c341,2023-07-23,2023-07-24 10:00:00,Support,support_ticket,,,,,,,,,closed,,,high,90,34.0,,False,before_signup,source_not_identified
T-88c429,A-700ade,2024-11-03,2024-11-04 02:00:00,Support,support_ticket,,,,,,,,,closed,,,urgent,22,26.0,,False,on_or_after_signup,source_not_identified
T-70430b,A-856b1e,2023-03-25,2023-03-26 01:00:00,Support,support_ticket,,,,,,,,,closed,,,low,8,25.0,,False,before_signup,source_not_identified
T-36a591,A-18793f,2023-12-09,2023-12-10 21:00:00,Support,support_ticket,,,,,,,,,closed,,,low,99,45.0,3.0,False,before_signup,source_not_identified
T-016d69,A-f97b9a,2023-03-18,2023-03-19 19:00:00,Support,support_ticket,,,,,,,,,closed,,,high,85,43.0,,False,before_signup,source_not_identified
T-2a5b67,A-118d55,2023-07-24,2023-07-25 13:00:00,Support,support_ticket,,,,,,,,,closed,,,medium,47,37.0,5.0,False,before_signup,source_not_identified
T-7976e4,A-50f3f7,2023-06-17,2023-06-19 22:00:00,Support,support_ticket,,,,,,,,,closed,,,medium,31,70.0,5.0,False,before_signup,source_not_identified
T-d1973c,A-0532a9,2023-03-11,2023-03-13 07:00:00,Support,support_ticket,,,,,,,,,closed,,,low,88,55.0,,False,before_signup,source_not_identified
T-9dc012,A-fda07f,2023-09-24,2023-09-24 12:00:00,Support,support_ticket,,,,,,,,,closed,,,high,2,12.0,,False,before_signup,source_not_identified
T-d2dda8,A-81edc3,2023-07-01,2023-07-02 05:00:00,Support,support_ticket,,,,,,,,,closed,,,high,75,29.0,3.0,False,before_signup,source_not_identified
T-c01944,A-c37cab,2024-03-28,2024-03-29 18:00:00,Support,support_ticket,,,,,,,,,closed,,,medium,146,42.0,3.0,False,before_signup,source_not_identified
T-84745f,A-c16cf7,2023-01-20,2023-01-21 13:00:00,Support,support_ticket,,,,,,,,,closed,,,medium,165,37.0,,False,before_signup,source_not_identified
T-46f3a5,A-7c4956,2024-12-22,2024-12-22 11:00:00,Support,support_ticket,,,,,,,,,closed,,,low,64,11.0,,False,on_or_after_signup,source_not_identified
T-575b7e,A-e351e1,2023-10-05,2023-10-05 20:00:00,Support,support_ticket,,,,,,,,,closed,,,low,9,20.0,5.0,False,before_signup,source_not_identified
T-2e8ffa,A-56962b,2023-08-15,2023-08-15 05:00:00,Support,support_ticket,,,,,,,,,closed,,,medium,153,5.0,,False,before_signup,source_not_identified
T-e65eaf,A-5b1bcd,2024-09-06,2024-09-07 19:00:00,Support,support_ticket,,,,,,,,,closed,,,urgent,14,43.0,,False,on_or_after_signup,source_not_identified
T-d23384,A-600734,2023-09-03,2023-09-05 21:00:00,Support,support_ticket,,,,,,,,,closed,,,high,74,69.0,4.0,False,before_signup,source_not_identified
T-c512cd,A-86cdb4,2024-11-07,2024-11-07 05:00:00,Support,support_ticket,,,,,,,,,closed,,,high,81,5.0,3.0,False,on_or_after_signup,source_not_identified
T-13a6c8,A-b44e3e,2023-12-27,2023-12-27 10:00:00,Support,support_ticket,,,,,,,,,closed,,,urgent,119,10.0,4.0,False,before_signup,source_not_identified
T-c53a87,A-10b8da,2023-02-19,2023-02-20 13:00:00,Support,support_ticket,,,,,,,,,closed,,,high,105,37.0,,False,before_signup,source_not_identified
T-accc3f,A-53f4e3,2024-01-20,2024-01-21 12:00:00,Support,support_ticket,,,,,,,,,closed,,,urgent,55,36.0,4.0,False,before_signup,source_not_identified
T-4d9add,A-6965e1,2023-08-12,2023-08-12 18:00:00,Support,support_ticket,,,,,,,,,closed,,,high,155,18.0,3.0,False,before_signup,source_not_identified
T-391128,A-0dbdc6,2023-09-11,2023-09-13 22:00:00,Support,support_ticket,,,,,,,,,closed,,,medium,92,70.0,,False,on_or_after_signup,source_not_identified
T-02ebc4,A-0354fe,2023-01-20,2023-01-20 02:00:00,Support,support_ticket,,,,,,,,,closed,,,low,78,2.0,5.0,False,before_signup,source_not_identified
T-95e4c4,A-484819,2024-02-24,2024-02-26 12:00:00,Support,support_ticket,,,,,,,,,closed,,,low,176,60.0,4.0,False,on_or_after_signup,source_not_identified
T-2859a9,A-c1e51e,2024-10-29,2024-10-31 16:00:00,Support,support_ticket,,,,,,,,,closed,,,urgent,59,64.0,3.0,False,on_or_after_signup,source_not_identified
T-80caf3,A-7641d3,2023-02-21,2023-02-23 07:00:00,Support,support_ticket,,,,,,,,,closed,,,urgent,123,55.0,,False,on_or_after_signup,source_not_identified
T-fc38c0,A-a1b80b,2023-01-21,2023-01-22 12:00:00,Support,support_ticket,,,,,,,,,closed,,,low,107,36.0,3.0,False,before_signup,source_not_identified
T-d1454f,A-68f37c,2024-09-12,2024-09-12 17:00:00,Support,support_ticket,,,,,,,,,closed,,,medium,42,17.0,4.0,False,on_or_after_signup,source_not_identified
T-f79198,A-0f7d77,2023-11-30,2023-12-01 01:00:00,Support,support_ticket,,,,,,,,,closed,,,medium,17,25.0,,False,before_signup,source_not_identified
T-2f8785,A-cdf020,2023-12-26,2023-12-26 02:00:00,Support,support_ticket,,,,,,,,,closed,,,low,121,2.0,5.0,False,on_or_after_signup,source_not_identified
T-c961eb,A-f9cc74,2024-12-09,2024-12-11 02:00:00,Support,support_ticket,,,,,,,,,closed,,,medium,26,50.0,3.0,False,on_or_after_signup,source_not_identified
T-5d144c,A-462d45,2023-09-18,2023-09-19 00:00:00,Support,support_ticket,,,,,,,,,closed,,,urgent,43,24.0,,False,before_signup,source_not_identified
T-bb236d,A-cd458b,2024-06-25,2024-06-26 21:00:00,Support,support_ticket,,,,,,,,,closed,,,urgent,61,45.0,5.0,False,on_or_after_signup,source_not_identified
T-4616b9,A-17939a,2024-02-06,2024-02-08 18:00:00,Support,support_ticket,,,,,,,,,closed,,,high,105,66.0,5.0,False,before_signup,source_not_identified
T-149155,A-5b4ebb,2024-01-02,2024-01-02 11:00:00,Support,support_ticket,,,,,,,,,closed,,,medium,17,11.0,,False,before_signup,source_not_identified
T-2ef7b5,A-a1bbb6,2023-10-27,2023-10-27 01:00:00,Support,support_ticket,,,,,,,,,closed,,,high,168,1.0,,False,on_or_after_signup,source_not_identified
T-b8a88e,A-94c3cd,2023-03-20,2023-03-22 07:00:00,Support,support_ticket,,,,,,,,,closed,,,medium,175,55.0,4.0,False,before_signup,source_not_identified
T-e0928c,A-cbbe12,2023-09-04,2023-09-04 19:00:00,Support,support_ticket,,,,,,,,,closed,,,urgent,26,19.0,4.0,False,on_or_after_signup,source_not_identified
T-86e8cc,A-ced9aa,2023-07-20,2023-07-20 17:00:00,Support,support_ticket,,,,,,,,,closed,,,low,147,17.0,,False,before_signup,source_not_identified
T-1070ee,A-bb1eaa,2023-10-04,2023-10-06 03:00:00,Support,support_ticket,,,,,,,,,closed,,,urgent,178,51.0,,False,before_signup,source_not_identified
T-c5474d,A-00cac8,2023-06-06,2023-06-08 17:00:00,Support,support_ticket,,,,,,,,,closed,,,urgent,149,65.0,,False,before_signup,source_not_identified
T-3c2ede,A-a1bbb6,2023-08-24,2023-08-24 16:00:00,Support,support_ticket,,,,,,,,,closed,,,high,147,16.0,4.0,False,on_or_after_signup,source_not_identified
T-e18407,A-3b5cd1,2024-12-21,2024-12-23 12:00:00,Support,support_ticket,,,,,,,,,closed,,,urgent,92,60.0,,False,on_or_after_signup,source_not_identified
T-804db5,A-9f0b68,2024-12-09,2024-12-11 02:00:00,Support,support_ticket,,,,,,,,,closed,,,high,122,50.0,,False,on_or_after_signup,source_not_identified
T-ebcbc7,A-7e0a10,2023-09-02,2023-09-02 11:00:00,Support,support_ticket,,,,,,,,,closed,,,urgent,41,11.0,3.0,False,before_signup,source_not_identified
T-b95195,A-cdf020,2023-07-11,2023-07-13 21:00:00,Support,support_ticket,,,,,,,,,closed,,,medium,28,69.0,,False,before_signup,source_not_identified
T-326fb6,A-1f559b,2023-06-28,2023-06-29 08:00:00,Support,support_ticket,,,,,,,,,closed,,,high,142,32.0,4.0,False,before_signup,source_not_identified
T-4013e1,A-5b4ebb,2023-02-19,2023-02-21 22:00:00,Support,support_ticket,,,,,,,,,closed,,,low,18,70.0,5.0,False,before_signup,source_not_identified
T-99dba7,A-dcc3f1,2024-05-01,2024-05-02 20:00:00,Support,support_ticket,,,,,,,,,closed,,,low,126,44.0,4.0,False,on_or_after_signup,source_not_identified
T-cbc3ab,A-1f7acb,2023-01-20,2023-01-22 17:00:00,Support,support_ticket,,,,,,,,,closed,,,high,155,65.0,5.0,False,before_signup,source_not_identified
T-2354bb,A-d26ab4,2023-08-30,2023-08-31 23:00:00,Support,support_ticket,,,,,,,,,closed,,,medium,72,47.0,,False,before_signup,source_not_identified
T-4e07bf,A-600734,2023-10-29,2023-10-29 14:00:00,Support,support_ticket,,,,,,,,,closed,,,urgent,123,14.0,3.0,False,before_signup,source_not_identified
T-c39af4,A-149a69,2024-10-19,2024-10-21 17:00:00,Support,support_ticket,,,,,,,,,closed,,,low,59,65.0,,False,on_or_after_signup,source_not_identified
T-4ebe83,A-6e7827,2024-09-25,2024-09-26 11:00:00,Support,support_ticket,,,,,,,,,closed,,,low,86,35.0,3.0,False,on_or_after_signup,source_not_identified
T-00f542,A-158f4e,2024-04-18,2024-04-19 00:00:00,Support,support_ticket,,,,,,,,,closed,,,medium,83,24.0,5.0,False,on_or_after_signup,source_not_identified
T-75271b,A-751bd4,2023-10-22,2023-10-22 19:00:00,Support,support_ticket,,,,,,,,,closed,,,medium,101,19.0,,False,before_signup,source_not_identified
T-dfd61e,A-b2af2e,2024-01-09,2024-01-11 17:00:00,Support,support_ticket,,,,,,,,,closed,,,low,91,65.0,4.0,False,before_signup,source_not_identified
T-a56288,A-4a267b,2023-06-22,2023-06-22 05:00:00,Support,support_ticket,,,,,,,,,closed,,,high,25,5.0,5.0,False,before_signup,source_not_identified
T-f45502,A-781cc0,2024-08-17,2024-08-19 16:00:00,Support,support_ticket,,,,,,,,,closed,,,high,120,64.0,5.0,False,before_signup,source_not_identified
T-3bc756,A-a0ca4e,2023-04-24,2023-04-24 10:00:00,Support,support_ticket,,,,,,,,,closed,,,low,129,10.0,4.0,True,before_signup,source_not_identified
T-eb6b8e,A-02cd81,2024-07-10,2024-07-10 09:00:00,Support,support_ticket,,,,,,,,,closed,,,high,99,9.0,4.0,True,on_or_after_signup,source_not_identified
T-d8ba4b,A-ffc04f,2023-11-12,2023-11-12 01:00:00,Support,support_ticket,,,,,,,,,closed,,,medium,17,1.0,5.0,False,before_signup,source_not_identified
T-01c405,A-c16b88,2023-03-15,2023-03-16 12:00:00,Support,support_ticket,,,,,,,,,closed,,,medium,121,36.0,,False,before_signup,source_not_identified
T-e6d7c6,A-c58f49,2024-08-13,2024-08-13 13:00:00,Support,support_ticket,,,,,,,,,closed,,,medium,95,13.0,5.0,False,on_or_after_signup,source_not_identified
T-0f7d84,A-a6d261,2024-10-27,2024-10-29 00:00:00,Support,support_ticket,,,,,,,,,closed,,,medium,81,48.0,,False,on_or_after_signup,source_not_identified
T-ca8cb0,A-2b9d3e,2024-03-12,2024-03-13 04:00:00,Support,support_ticket,,,,,,,,,closed,,,low,127,28.0,5.0,False,on_or_after_signup,source_not_identified
T-5d7ef5,A-9ee962,2024-02-11,2024-02-13 16:00:00,Support,support_ticket,,,,,,,,,closed,,,high,23,64.0,4.0,False,on_or_after_signup,source_not_identified
T-b1720e,A-bb1486,2023-08-27,2023-08-27 13:00:00,Support,support_ticket,,,,,,,,,closed,,,high,118,13.0,,False,before_signup,source_not_identified
T-78fcb1,A-39868b,2024-01-02,2024-01-02 18:00:00,Support,support_ticket,,,,,,,,,closed,,,urgent,16,18.0,5.0,False,before_signup,source_not_identified
T-3b9fea,A-f97b9a,2023-09-16,2023-09-16 05:00:00,Support,support_ticket,,,,,,,,,closed,,,low,58,5.0,,False,on_or_after_signup,source_not_identified
T-5df3d2,A-c42f1f,2024-04-05,2024-04-06 13:00:00,Support,support_ticket,,,,,,,,,closed,,,high,97,37.0,,False,before_signup,source_not_identified
T-8206d0,A-9bfc9f,2024-09-23,2024-09-24 23:00:00,Support,support_ticket,,,,,,,,,closed,,,urgent,21,47.0,,False,on_or_after_signup,source_not_identified
T-fa1316,A-712426,2024-05-18,2024-05-20 12:00:00,Support,support_ticket,,,,,,,,,closed,,,low,169,60.0,4.0,False,before_signup,source_not_identified
T-ac52cc,A-87aa7b,2024-03-19,2024-03-19 01:00:00,Support,support_ticket,,,,,,,,,closed,,,medium,64,1.0,,False,before_signup,source_not_identified
T-e8ac58,A-1ac5e0,2023-01-10,2023-01-11 21:00:00,Support,support_ticket,,,,,,,,,closed,,,medium,21,45.0,5.0,False,before_signup,source_not_identified
T-cddf95,A-bcf87c,2024-01-09,2024-01-11 22:00:00,Support,support_ticket,,,,,,,,,closed,,,medium,40,70.0,3.0,False,before_signup,source_not_identified
T-f0aca7,A-1b9609,2024-04-22,2024-04-24 14:00:00,Support,support_ticket,,,,,,,,,closed,,,urgent,74,62.0,3.0,False,on_or_after_signup,source_not_identified
T-c6ee94,A-f446b6,2024-11-25,2024-11-25 18:00:00,Support,support_ticket,,,,,,,,,closed,,,high,127,18.0,,True,on_or_after_signup,source_not_identified
T-9e6b9a,A-39868b,2023-06-10,2023-06-12 02:00:00,Support,support_ticket,,,,,,,,,closed,,,high,144,50.0,,False,before_signup,source_not_identified
T-b04488,A-d40bf7,2024-11-03,2024-11-03 14:00:00,Support,support_ticket,,,,,,,,,closed,,,urgent,80,14.0,5.0,False,before_signup,source_not_identified
T-2b0275,A-22f2df,2024-06-14,2024-06-16 09:00:00,Support,support_ticket,,,,,,,,,closed,,,high,49,57.0,,False,before_signup,source_not_identified
T-49f7fa,A-68f37c,2024-04-20,2024-04-20 18:00:00,Support,support_ticket,,,,,,,,,closed,,,high,139,18.0,,False,on_or_after_signup,source_not_identified
T-6676f9,A-3d957b,2024-03-05,2024-03-07 05:00:00,Support,support_ticket,,,,,,,,,closed,,,high,40,53.0,3.0,False,before_signup,source_not_identified
T-820846,A-180abf,2024-07-30,2024-07-30 10:00:00,Support,support_ticket,,,,,,,,,closed,,,medium,44,10.0,,False,on_or_after_signup,source_not_identified
T-d66f0f,A-8b25f2,2023-12-03,2023-12-05 04:00:00,Support,support_ticket,,,,,,,,,closed,,,medium,15,52.0,5.0,False,before_signup,source_not_identified
T-4486bf,A-1619f8,2024-11-11,2024-11-12 23:00:00,Support,support_ticket,,,,,,,,,closed,,,urgent,152,47.0,,False,on_or_after_signup,source_not_identified
T-b51da1,A-354f12,2023-08-03,2023-08-05 18:00:00,Support,support_ticket,,,,,,,,,closed,,,low,104,66.0,,False,before_signup,source_not_identified
T-e34acc,A-9bfc9f,2023-08-24,2023-08-25 03:00:00,Support,support_ticket,,,,,,,,,closed,,,low,30,27.0,3.0,False,before_signup,source_not_identified
T-8d5902,A-e61e98,2023-07-01,2023-07-02 15:00:00,Support,support_ticket,,,,,,,,,closed,,,medium,58,39.0,5.0,False,before_signup,source_not_identified
T-7d878f,A-54d94a,2024-07-19,2024-07-21 19:00:00,Support,support_ticket,,,,,,,,,closed,,,medium,18,67.0,3.0,False,on_or_after_signup,source_not_identified
T-508c6e,A-151c9a,2024-06-01,2024-06-01 23:00:00,Support,support_ticket,,,,,,,,,closed,,,medium,176,23.0,3.0,False,on_or_after_signup,source_not_identified
T-233db8,A-a0ca4e,2023-10-03,2023-10-04 10:00:00,Support,support_ticket,,,,,,,,,closed,,,low,133,34.0,3.0,False,before_signup,source_not_identified
T-e112be,A-34ea2f,2023-11-03,2023-11-04 16:00:00,Support,support_ticket,,,,,,,,,closed,,,urgent,74,40.0,4.0,False,before_signup,source_not_identified
T-d6e90f,A-e4bf56,2024-03-22,2024-03-24 21:00:00,Support,support_ticket,,,,,,,,,closed,,,urgent,142,69.0,3.0,False,before_signup,source_not_identified
T-f97a8b,A-0e966d,2024-09-11,2024-09-11 22:00:00,Support,support_ticket,,,,,,,,,closed,,,medium,100,22.0,5.0,True,on_or_after_signup,source_not_identified
T-ed09ab,A-94d3da,2024-12-27,2024-12-28 01:00:00,Support,support_ticket,,,,,,,,,closed,,,high,130,25.0,,False,on_or_after_signup,source_not_identified
T-2537ea,A-5a3eb9,2023-04-15,2023-04-16 16:00:00,Support,support_ticket,,,,,,,,,closed,,,high,71,40.0,,False,before_signup,source_not_identified
T-17884a,A-104f1a,2023-08-07,2023-08-08 10:00:00,Support,support_ticket,,,,,,,,,closed,,,medium,38,34.0,3.0,False,before_signup,source_not_identified
T-2d3ea5,A-e4bf56,2024-08-27,2024-08-28 02:00:00,Support,support_ticket,,,,,,,,,closed,,,urgent,124,26.0,,False,before_signup,source_not_identified
T-4d29dc,A-5a92e7,2023-01-04,2023-01-05 01:00:00,Support,support_ticket,,,,,,,,,closed,,,urgent,147,25.0,,False,before_signup,source_not_identified
T-273811,A-029f69,2023-06-23,2023-06-25 01:00:00,Support,support_ticket,,,,,,,,,closed,,,low,85,49.0,,False,before_signup,source_not_identified
T-ce9e96,A-7a0d69,2024-04-25,2024-04-25 22:00:00,Support,support_ticket,,,,,,,,,closed,,,high,22,22.0,5.0,False,before_signup,source_not_identified
T-d3a975,A-3ce5b8,2023-10-08,2023-10-09 10:00:00,Support,support_ticket,,,,,,,,,closed,,,urgent,169,34.0,3.0,False,on_or_after_signup,source_not_identified
T-2e98ad,A-854864,2023-09-14,2023-09-16 06:00:00,Support,support_ticket,,,,,,,,,closed,,,medium,90,54.0,5.0,False,before_signup,source_not_identified
T-d6da92,A-2d1036,2024-11-30,2024-11-30 07:00:00,Support,support_ticket,,,,,,,,,closed,,,urgent,83,7.0,5.0,False,on_or_after_signup,source_not_identified
T-7b5fdd,A-5a184f,2023-06-28,2023-06-28 04:00:00,Support,support_ticket,,,,,,,,,closed,,,low,56,4.0,5.0,False,on_or_after_signup,source_not_identified
T-629f53,A-37f969,2023-12-29,2023-12-29 19:00:00,Support,support_ticket,,,,,,,,,closed,,,low,176,19.0,,True,on_or_after_signup,source_not_identified
T-f367ef,A-c7ffc2,2023-10-12,2023-10-14 15:00:00,Support,support_ticket,,,,,,,,,closed,,,low,143,63.0,,False,on_or_after_signup,source_not_identified
T-2b2a49,A-39b19f,2024-06-04,2024-06-05 04:00:00,Support,support_ticket,,,,,,,,,closed,,,medium,174,28.0,,False,on_or_after_signup,source_not_identified
T-e6e80e,A-ffc04f,2023-06-23,2023-06-23 21:00:00,Support,support_ticket,,,,,,,,,closed,,,urgent,21,21.0,,False,before_signup,source_not_identified
T-df5e8e,A-b48f73,2023-06-22,2023-06-23 15:00:00,Support,support_ticket,,,,,,,,,closed,,,high,40,39.0,3.0,False,before_signup,source_not_identified
T-bf2cc6,A-e2cd1b,2023-05-12,2023-05-13 08:00:00,Support,support_ticket,,,,,,,,,closed,,,high,162,32.0,3.0,False,before_signup,source_not_identified
T-b43b6a,A-4ae22a,2024-08-09,2024-08-09 09:00:00,Support,support_ticket,,,,,,,,,closed,,,urgent,10,9.0,,False,on_or_after_signup,source_not_identified
T-d553b7,A-39b19f,2023-08-06,2023-08-07 01:00:00,Support,support_ticket,,,,,,,,,closed,,,low,5,25.0,4.0,False,on_or_after_signup,source_not_identified
T-0313d4,A-ad64c6,2024-11-04,2024-11-06 04:00:00,Support,support_ticket,,,,,,,,,closed,,,medium,173,52.0,,False,on_or_after_signup,source_not_identified
T-8d4cd3,A-f25509,2023-07-13,2023-07-15 20:00:00,Support,support_ticket,,,,,,,,,closed,,,high,169,68.0,,False,before_signup,source_not_identified
T-67350b,A-8adedc,2024-08-19,2024-08-19 18:00:00,Support,support_ticket,,,,,,,,,closed,,,low,19,18.0,,False,on_or_after_signup,source_not_identified
T-81c410,A-3f9cc0,2023-12-07,2023-12-09 08:00:00,Support,support_ticket,,,,,,,,,closed,,,urgent,138,56.0,,False,before_signup,source_not_identified
T-e6e1ba,A-d922bf,2023-05-28,2023-05-29 17:00:00,Support,support_ticket,,,,,,,,,closed,,,medium,146,41.0,,True,before_signup,source_not_identified
T-91edfc,A-92a3af,2024-03-30,2024-04-01 09:00:00,Support,support_ticket,,,,,,,,,closed,,,medium,68,57.0,,True,before_signup,source_not_identified
T-51cf8c,A-fe79a5,2023-05-25,2023-05-25 07:00:00,Support,support_ticket,,,,,,,,,closed,,,medium,123,7.0,5.0,False,before_signup,source_not_identified
T-ea95ef,A-751c58,2023-02-07,2023-02-08 08:00:00,Support,support_ticket,,,,,,,,,closed,,,medium,147,32.0,4.0,False,before_signup,source_not_identified
T-10ac61,A-2d4502,2024-05-02,2024-05-02 02:00:00,Support,support_ticket,,,,,,,,,closed,,,urgent,171,2.0,5.0,False,on_or_after_signup,source_not_identified
T-902d96,A-76fa4d,2024-12-27,2024-12-29 11:00:00,Support,support_ticket,,,,,,,,,closed,,,high,147,59.0,4.0,False,on_or_after_signup,source_not_identified
T-317894,A-0651a4,2024-04-20,2024-04-20 01:00:00,Support,support_ticket,,,,,,,,,closed,,,high,135,1.0,3.0,False,before_signup,source_not_identified
T-4e9902,A-42b791,2023-06-22,2023-06-22 13:00:00,Support,support_ticket,,,,,,,,,closed,,,high,162,13.0,5.0,False,before_signup,source_not_identified
T-2d6f9d,A-fabe19,2023-05-23,2023-05-24 08:00:00,Support,support_ticket,,,,,,,,,closed,,,urgent,63,32.0,,False,before_signup,source_not_identified
T-21a62a,A-bc4d48,2024-09-20,2024-09-20 09:00:00,Support,support_ticket,,,,,,,,,closed,,,medium,104,9.0,5.0,False,on_or_after_signup,source_not_identified
T-435417,A-02cd81,2024-02-02,2024-02-02 06:00:00,Support,support_ticket,,,,,,,,,closed,,,urgent,44,6.0,5.0,False,before_signup,source_not_identified
T-f0ad1e,A-940b8b,2023-07-14,2023-07-14 15:00:00,Support,support_ticket,,,,,,,,,closed,,,low,164,15.0,5.0,False,before_signup,source_not_identified
T-9a49dd,A-3ce5b8,2023-05-08,2023-05-09 18:00:00,Support,support_ticket,,,,,,,,,closed,,,high,65,42.0,4.0,False,before_signup,source_not_identified
T-20d400,A-c9bb3e,2023-10-14,2023-10-15 11:00:00,Support,support_ticket,,,,,,,,,closed,,,high,169,35.0,,False,before_signup,source_not_identified
T-437e48,A-9174e0,2024-10-30,2024-10-31 01:00:00,Support,support_ticket,,,,,,,,,closed,,,urgent,161,25.0,5.0,False,before_signup,source_not_identified
T-1948cd,A-bc87bc,2023-11-10,2023-11-12 03:00:00,Support,support_ticket,,,,,,,,,closed,,,medium,28,51.0,,False,before_signup,source_not_identified
T-b9ca29,A-e98302,2024-08-28,2024-08-30 16:00:00,Support,support_ticket,,,,,,,,,closed,,,low,37,64.0,4.0,False,on_or_after_signup,source_not_identified
T-f9f1f5,A-e19ff6,2023-04-21,2023-04-23 03:00:00,Support,support_ticket,,,,,,,,,closed,,,high,109,51.0,4.0,False,before_signup,source_not_identified
T-437b2d,A-95b24a,2023-11-06,2023-11-07 09:00:00,Support,support_ticket,,,,,,,,,closed,,,high,12,33.0,3.0,False,on_or_after_signup,source_not_identified
T-12a7d7,A-80eeb6,2023-08-02,2023-08-02 02:00:00,Support,support_ticket,,,,,,,,,closed,,,low,59,2.0,3.0,False,on_or_after_signup,source_not_identified
T-99ec8e,A-f9cc74,2024-11-14,2024-11-16 15:00:00,Support,support_ticket,,,,,,,,,closed,,,low,129,63.0,3.0,False,on_or_after_signup,source_not_identified
T-cb95ef,A-c4ea60,2023-02-16,2023-02-18 10:00:00,Support,support_ticket,,,,,,,,,closed,,,low,74,58.0,3.0,False,before_signup,source_not_identified
T-27d929,A-10b8f2,2023-11-10,2023-11-12 11:00:00,Support,support_ticket,,,,,,,,,closed,,,urgent,26,59.0,5.0,False,on_or_after_signup,source_not_identified
T-6faf48,A-7c83a1,2024-04-21,2024-04-21 03:00:00,Support,support_ticket,,,,,,,,,closed,,,high,82,3.0,5.0,False,before_signup,source_not_identified
T-7b5e96,A-b9eed8,2024-09-29,2024-09-29 23:00:00,Support,support_ticket,,,,,,,,,closed,,,high,162,23.0,4.0,False,on_or_after_signup,source_not_identified
T-cc3d2a,A-b11cd0,2024-01-31,2024-01-31 07:00:00,Support,support_ticket,,,,,,,,,closed,,,medium,104,7.0,,False,on_or_after_signup,source_not_identified
T-99abf9,A-2edab2,2023-07-31,2023-07-31 01:00:00,Support,support_ticket,,,,,,,,,closed,,,high,135,1.0,3.0,False,before_signup,source_not_identified
T-9eecab,A-f3ff05,2023-07-17,2023-07-18 03:00:00,Support,support_ticket,,,,,,,,,closed,,,high,122,27.0,,False,before_signup,source_not_identified
T-276a05,A-c37cab,2023-10-17,2023-10-19 14:00:00,Support,support_ticket,,,,,,,,,closed,,,high,144,62.0,3.0,True,before_signup,source_not_identified
T-1e080e,A-712426,2024-08-04,2024-08-04 15:00:00,Support,support_ticket,,,,,,,,,closed,,,urgent,66,15.0,5.0,False,before_signup,source_not_identified
T-da9234,A-7da956,2024-04-20,2024-04-21 11:00:00,Support,support_ticket,,,,,,,,,closed,,,medium,112,35.0,5.0,False,before_signup,source_not_identified
T-a6cf94,A-1b707d,2024-10-18,2024-10-19 08:00:00,Support,support_ticket,,,,,,,,,closed,,,medium,160,32.0,,False,on_or_after_signup,source_not_identified
T-78ed7c,A-b07346,2024-08-13,2024-08-15 22:00:00,Support,support_ticket,,,,,,,,,closed,,,high,31,70.0,4.0,False,before_signup,source_not_identified
T-82f258,A-ff3c73,2023-03-19,2023-03-21 18:00:00,Support,support_ticket,,,,,,,,,closed,,,medium,79,66.0,3.0,False,on_or_after_signup,source_not_identified
T-256979,A-038089,2023-04-02,2023-04-02 09:00:00,Support,support_ticket,,,,,,,,,closed,,,low,96,9.0,,False,before_signup,source_not_identified
T-8e9bd1,A-1f7acb,2024-06-27,2024-06-29 22:00:00,Support,support_ticket,,,,,,,,,closed,,,medium,131,70.0,5.0,False,on_or_after_signup,source_not_identified
T-544625,A-a8b49c,2023-09-23,2023-09-26 00:00:00,Support,support_ticket,,,,,,,,,closed,,,low,105,72.0,4.0,False,before_signup,source_not_identified
T-298948,A-fdfc91,2024-02-06,2024-02-08 05:00:00,Support,support_ticket,,,,,,,,,closed,,,urgent,105,53.0,4.0,False,on_or_after_signup,source_not_identified
T-21611f,A-82861f,2023-01-27,2023-01-28 05:00:00,Support,support_ticket,,,,,,,,,closed,,,low,19,29.0,3.0,False,before_signup,source_not_identified
T-24643b,A-d922bf,2024-02-21,2024-02-21 02:00:00,Support,support_ticket,,,,,,,,,closed,,,low,130,2.0,3.0,False,on_or_after_signup,source_not_identified
T-2708ab,A-96e141,2023-11-07,2023-11-07 08:00:00,Support,support_ticket,,,,,,,,,closed,,,medium,42,8.0,4.0,False,on_or_after_signup,source_not_identified
T-5e7096,A-44dc83,2023-10-18,2023-10-19 23:00:00,Support,support_ticket,,,,,,,,,closed,,,low,35,47.0,,False,before_signup,source_not_identified
T-7ba83f,A-ffc04f,2023-02-01,2023-02-02 23:00:00,Support,support_ticket,,,,,,,,,closed,,,high,47,47.0,4.0,False,before_signup,source_not_identified
T-e14078,A-e2cd1b,2023-04-27,2023-04-27 02:00:00,Support,support_ticket,,,,,,,,,closed,,,urgent,16,2.0,,False,before_signup,source_not_identified
T-f2e96f,A-96e141,2023-04-24,2023-04-24 17:00:00,Support,support_ticket,,,,,,,,,closed,,,urgent,130,17.0,,False,before_signup,source_not_identified
T-519a0a,A-f5641b,2024-08-09,2024-08-11 14:00:00,Support,support_ticket,,,,,,,,,closed,,,medium,132,62.0,,False,on_or_after_signup,source_not_identified
T-dca519,A-ce66f8,2024-09-14,2024-09-14 07:00:00,Support,support_ticket,,,,,,,,,closed,,,urgent,47,7.0,,False,on_or_after_signup,source_not_identified
T-b9e44a,A-1ac5e0,2023-06-10,2023-06-12 14:00:00,Support,support_ticket,,,,,,,,,closed,,,medium,13,62.0,,False,before_signup,source_not_identified
T-17e8e9,A-7c6b6b,2023-09-03,2023-09-04 09:00:00,Support,support_ticket,,,,,,,,,closed,,,high,63,33.0,5.0,False,before_signup,source_not_identified
T-82ae01,A-49b828,2023-06-03,2023-06-03 06:00:00,Support,support_ticket,,,,,,,,,closed,,,medium,150,6.0,4.0,False,on_or_after_signup,source_not_identified
T-e51e43,A-4e960a,2023-04-30,2023-04-30 13:00:00,Support,support_ticket,,,,,,,,,closed,,,low,41,13.0,5.0,False,before_signup,source_not_identified
T-45e6da,A-1e6fc3,2024-03-08,2024-03-09 09:00:00,Support,support_ticket,,,,,,,,,closed,,,low,120,33.0,3.0,False,on_or_after_signup,source_not_identified
T-b5aa6f,A-7c83a1,2023-02-14,2023-02-15 20:00:00,Support,support_ticket,,,,,,,,,closed,,,low,85,44.0,4.0,False,before_signup,source_not_identified
T-93a37f,A-95b24a,2023-08-08,2023-08-08 09:00:00,Support,support_ticket,,,,,,,,,closed,,,high,74,9.0,,False,on_or_after_signup,source_not_identified
T-6e76a6,A-625d0b,2023-09-17,2023-09-18 13:00:00,Support,support_ticket,,,,,,,,,closed,,,urgent,141,37.0,,False,before_signup,source_not_identified
T-09dd85,A-fd7ad3,2023-02-06,2023-02-06 14:00:00,Support,support_ticket,,,,,,,,,closed,,,low,12,14.0,3.0,False,before_signup,source_not_identified
T-1cd0a4,A-35083d,2024-06-25,2024-06-27 06:00:00,Support,support_ticket,,,,,,,,,closed,,,low,61,54.0,5.0,False,on_or_after_signup,source_not_identified
T-d5ea25,A-9289f6,2024-10-14,2024-10-16 11:00:00,Support,support_ticket,,,,,,,,,closed,,,low,56,59.0,5.0,False,on_or_after_signup,source_not_identified
T-a4d85c,A-0f6450,2023-04-03,2023-04-05 08:00:00,Support,support_ticket,,,,,,,,,closed,,,medium,37,56.0,3.0,False,before_signup,source_not_identified
T-db00f6,A-c1e51e,2024-08-13,2024-08-14 08:00:00,Support,support_ticket,,,,,,,,,closed,,,urgent,101,32.0,3.0,False,before_signup,source_not_identified
T-6c817f,A-6da850,2023-08-01,2023-08-03 23:00:00,Support,support_ticket,,,,,,,,,closed,,,urgent,69,71.0,,False,before_signup,source_not_identified
T-1bcdb6,A-cbd1a3,2024-06-28,2024-06-28 03:00:00,Support,support_ticket,,,,,,,,,closed,,,medium,12,3.0,4.0,False,before_signup,source_not_identified
T-c475b2,A-712533,2024-10-29,2024-10-29 23:00:00,Support,support_ticket,,,,,,,,,closed,,,high,76,23.0,4.0,False,on_or_after_signup,source_not_identified
T-a3df20,A-39ddf4,2024-03-09,2024-03-11 20:00:00,Support,support_ticket,,,,,,,,,closed,,,high,118,68.0,,False,before_signup,source_not_identified
T-7214d0,A-443f6f,2024-09-06,2024-09-06 13:00:00,Support,support_ticket,,,,,,,,,closed,,,urgent,42,13.0,5.0,False,before_signup,source_not_identified
T-4cc9eb,A-bc87bc,2024-12-29,2024-12-31 19:00:00,Support,support_ticket,,,,,,,,,closed,,,low,46,67.0,5.0,False,on_or_after_signup,source_not_identified
T-c1ca2b,A-7920cc,2023-06-18,2023-06-19 09:00:00,Support,support_ticket,,,,,,,,,closed,,,low,150,33.0,5.0,False,before_signup,source_not_identified
T-9f48ae,A-22d9d2,2024-01-22,2024-01-22 19:00:00,Support,support_ticket,,,,,,,,,closed,,,medium,87,19.0,5.0,False,before_signup,source_not_identified
T-63aaba,A-241e75,2023-09-07,2023-09-08 16:00:00,Support,support_ticket,,,,,,,,,closed,,,medium,21,40.0,,False,before_signup,source_not_identified
T-bb3cde,A-bbc346,2023-06-09,2023-06-11 02:00:00,Support,support_ticket,,,,,,,,,closed,,,urgent,128,50.0,4.0,False,before_signup,source_not_identified
T-4336b6,A-ed510f,2024-06-22,2024-06-24 09:00:00,Support,support_ticket,,,,,,,,,closed,,,low,19,57.0,,False,on_or_after_signup,source_not_identified
T-c30ac0,A-2f6a32,2024-05-06,2024-05-08 09:00:00,Support,support_ticket,,,,,,,,,closed,,,medium,5,57.0,4.0,False,before_signup,source_not_identified
T-a80aac,A-443b7c,2023-06-18,2023-06-19 11:00:00,Support,support_ticket,,,,,,,,,closed,,,medium,12,35.0,,False,before_signup,source_not_identified
T-37c256,A-856b1e,2024-01-11,2024-01-13 17:00:00,Support,support_ticket,,,,,,,,,closed,,,low,133,65.0,,False,on_or_after_signup,source_not_identified
T-334013,A-3be56b,2023-07-17,2023-07-19 17:00:00,Support,support_ticket,,,,,,,,,closed,,,medium,96,65.0,4.0,False,before_signup,source_not_identified
T-970159,A-e888d1,2024-02-09,2024-02-10 22:00:00,Support,support_ticket,,,,,,,,,closed,,,urgent,95,46.0,,True,on_or_after_signup,source_not_identified
T-ded4a8,A-0a282f,2024-05-03,2024-05-05 00:00:00,Support,support_ticket,,,,,,,,,closed,,,urgent,35,48.0,5.0,False,before_signup,source_not_identified
T-9f7253,A-883b7d,2023-06-23,2023-06-23 17:00:00,Support,support_ticket,,,,,,,,,closed,,,urgent,144,17.0,4.0,False,before_signup,source_not_identified
T-0a9b1f,A-9208f0,2023-01-27,2023-01-27 19:00:00,Support,support_ticket,,,,,,,,,closed,,,medium,166,19.0,,True,before_signup,source_not_identified
T-fa88e4,A-95b24a,2024-03-14,2024-03-14 08:00:00,Support,support_ticket,,,,,,,,,closed,,,high,122,8.0,5.0,False,on_or_after_signup,source_not_identified
T-665175,A-883b7d,2024-12-01,2024-12-01 21:00:00,Support,support_ticket,,,,,,,,,closed,,,urgent,13,21.0,3.0,False,on_or_after_signup,source_not_identified
T-2ca24a,A-42e5e1,2024-05-22,2024-05-22 18:00:00,Support,support_ticket,,,,,,,,,closed,,,high,51,18.0,4.0,False,before_signup,source_not_identified
T-7bc25b,A-337bc1,2023-08-10,2023-08-10 21:00:00,Support,support_ticket,,,,,,,,,closed,,,medium,7,21.0,4.0,False,on_or_after_signup,source_not_identified
T-df171c,A-09540c,2024-02-24,2024-02-25 05:00:00,Support,support_ticket,,,,,,,,,closed,,,high,72,29.0,4.0,False,on_or_after_signup,source_not_identified
T-ed6cdf,A-977ca0,2023-06-02,2023-06-05 00:00:00,Support,support_ticket,,,,,,,,,closed,,,medium,100,72.0,,False,on_or_after_signup,source_not_identified
T-07f485,A-55f257,2024-06-03,2024-06-05 05:00:00,Support,support_ticket,,,,,,,,,closed,,,urgent,150,53.0,5.0,False,on_or_after_signup,source_not_identified
T-09825e,A-dbc825,2024-09-30,2024-09-30 22:00:00,Support,support_ticket,,,,,,,,,closed,,,urgent,34,22.0,,False,on_or_after_signup,source_not_identified
T-bc2607,A-39b19f,2024-08-06,2024-08-08 17:00:00,Support,support_ticket,,,,,,,,,closed,,,high,155,65.0,5.0,False,on_or_after_signup,source_not_identified
T-df9fc9,A-43a9e3,2023-03-24,2023-03-26 16:00:00,Support,support_ticket,,,,,,,,,closed,,,urgent,90,64.0,4.0,False,before_signup,source_not_identified
T-f9ca4b,A-8ed5dd,2023-06-03,2023-06-03 21:00:00,Support,support_ticket,,,,,,,,,closed,,,low,180,21.0,5.0,False,before_signup,source_not_identified
T-8d4c7f,A-f446b6,2023-10-31,2023-11-02 07:00:00,Support,support_ticket,,,,,,,,,closed,,,urgent,68,55.0,,False,on_or_after_signup,source_not_identified
T-a9fa22,A-9a532a,2023-05-04,2023-05-06 22:00:00,Support,support_ticket,,,,,,,,,closed,,,low,81,70.0,,False,before_signup,source_not_identified
T-216c7c,A-fa3095,2024-06-27,2024-06-28 02:00:00,Support,support_ticket,,,,,,,,,closed,,,low,71,26.0,5.0,False,on_or_after_signup,source_not_identified
T-650a6d,A-fe79a5,2023-04-10,2023-04-12 18:00:00,Support,support_ticket,,,,,,,,,closed,,,high,26,66.0,5.0,False,before_signup,source_not_identified
T-b01917,A-625d0b,2023-12-24,2023-12-26 16:00:00,Support,support_ticket,,,,,,,,,closed,,,high,135,64.0,,False,before_signup,source_not_identified
T-b154de,A-600734,2023-04-16,2023-04-18 23:00:00,Support,support_ticket,,,,,,,,,closed,,,urgent,57,71.0,,True,before_signup,source_not_identified
T-8ece2f,A-9123ac,2024-09-09,2024-09-09 03:00:00,Support,support_ticket,,,,,,,,,closed,,,urgent,102,3.0,5.0,False,on_or_after_signup,source_not_identified
T-e12097,A-86fc1d,2024-08-03,2024-08-04 02:00:00,Support,support_ticket,,,,,,,,,closed,,,urgent,29,26.0,5.0,False,on_or_after_signup,source_not_identified
T-9e1726,A-5fe118,2023-07-25,2023-07-25 19:00:00,Support,support_ticket,,,,,,,,,closed,,,urgent,26,19.0,4.0,False,before_signup,source_not_identified
T-e45d87,A-296d7c,2024-07-08,2024-07-09 04:00:00,Support,support_ticket,,,,,,,,,closed,,,low,139,28.0,5.0,False,on_or_after_signup,source_not_identified
T-4da38c,A-42e5e1,2023-06-05,2023-06-06 18:00:00,Support,support_ticket,,,,,,,,,closed,,,low,69,42.0,4.0,False,before_signup,source_not_identified
T-4fd4ae,A-e7beab,2023-10-19,2023-10-21 06:00:00,Support,support_ticket,,,,,,,,,closed,,,low,110,54.0,,False,before_signup,source_not_identified
T-10a089,A-9c18c4,2024-04-22,2024-04-24 08:00:00,Support,support_ticket,,,,,,,,,closed,,,high,165,56.0,,False,on_or_after_signup,source_not_identified
T-73db23,A-89ee83,2023-01-26,2023-01-27 05:00:00,Support,support_ticket,,,,,,,,,closed,,,urgent,146,29.0,,False,before_signup,source_not_identified
T-ebb149,A-0baac2,2024-09-14,2024-09-15 16:00:00,Support,support_ticket,,,,,,,,,closed,,,high,154,40.0,5.0,False,on_or_after_signup,source_not_identified
T-6b1dfe,A-832ec2,2024-04-14,2024-04-14 04:00:00,Support,support_ticket,,,,,,,,,closed,,,high,87,4.0,4.0,True,on_or_after_signup,source_not_identified
T-418d3f,A-e98302,2023-06-29,2023-06-29 16:00:00,Support,support_ticket,,,,,,,,,closed,,,medium,84,16.0,4.0,False,before_signup,source_not_identified
T-22724b,A-94c3cd,2024-08-17,2024-08-19 13:00:00,Support,support_ticket,,,,,,,,,closed,,,high,145,61.0,3.0,False,on_or_after_signup,source_not_identified
T-57b938,A-dfbd31,2023-07-22,2023-07-24 17:00:00,Support,support_ticket,,,,,,,,,closed,,,high,145,65.0,,False,before_signup,source_not_identified
T-9ce175,A-82d8a6,2024-03-05,2024-03-05 11:00:00,Support,support_ticket,,,,,,,,,closed,,,medium,164,11.0,,False,before_signup,source_not_identified
T-1173d2,A-7641d3,2024-12-14,2024-12-15 20:00:00,Support,support_ticket,,,,,,,,,closed,,,high,88,44.0,3.0,False,on_or_after_signup,source_not_identified
T-fbc3c3,A-65a46c,2023-03-17,2023-03-18 15:00:00,Support,support_ticket,,,,,,,,,closed,,,urgent,51,39.0,,False,before_signup,source_not_identified
T-383e2b,A-86fc1d,2024-12-24,2024-12-24 17:00:00,Support,support_ticket,,,,,,,,,closed,,,urgent,140,17.0,,False,on_or_after_signup,source_not_identified
T-8cb85f,A-d82ef9,2023-05-07,2023-05-07 10:00:00,Support,support_ticket,,,,,,,,,closed,,,urgent,34,10.0,4.0,False,before_signup,source_not_identified
T-2b566c,A-cbd1a3,2024-09-08,2024-09-10 22:00:00,Support,support_ticket,,,,,,,,,closed,,,medium,167,70.0,,False,before_signup,source_not_identified
T-f93d8a,A-e83938,2023-12-23,2023-12-23 08:00:00,Support,support_ticket,,,,,,,,,closed,,,medium,41,8.0,,False,on_or_after_signup,source_not_identified
T-1374f5,A-6f50ae,2024-10-18,2024-10-19 02:00:00,Support,support_ticket,,,,,,,,,closed,,,medium,59,26.0,4.0,False,on_or_after_signup,source_not_identified
T-4adbf1,A-149a69,2023-03-22,2023-03-24 05:00:00,Support,support_ticket,,,,,,,,,closed,,,urgent,169,53.0,,False,before_signup,source_not_identified
T-67bfa4,A-eb7fac,2024-04-23,2024-04-24 13:00:00,Support,support_ticket,,,,,,,,,closed,,,urgent,75,37.0,4.0,False,on_or_after_signup,source_not_identified
T-9f2d91,A-2e3bad,2024-09-20,2024-09-20 18:00:00,Support,support_ticket,,,,,,,,,closed,,,low,110,18.0,,False,on_or_after_signup,source_not_identified
T-320686,A-7c5768,2023-03-10,2023-03-10 08:00:00,Support,support_ticket,,,,,,,,,closed,,,high,170,8.0,5.0,False,before_signup,source_not_identified
T-a838f4,A-e36807,2024-05-22,2024-05-24 21:00:00,Support,support_ticket,,,,,,,,,closed,,,medium,159,69.0,4.0,False,on_or_after_signup,source_not_identified
T-d9f5fb,A-ab438f,2024-06-28,2024-06-30 15:00:00,Support,support_ticket,,,,,,,,,closed,,,urgent,86,63.0,4.0,False,before_signup,source_not_identified
T-4dc68c,A-1f0ac7,2024-04-12,2024-04-12 14:00:00,Support,support_ticket,,,,,,,,,closed,,,low,174,14.0,,False,on_or_after_signup,source_not_identified
T-5ef304,A-faa28c,2024-01-18,2024-01-19 20:00:00,Support,support_ticket,,,,,,,,,closed,,,low,139,44.0,4.0,False,before_signup,source_not_identified
T-cfec7f,A-089363,2023-08-22,2023-08-22 21:00:00,Support,support_ticket,,,,,,,,,closed,,,medium,75,21.0,4.0,False,on_or_after_signup,source_not_identified
T-9b3a8d,A-f1f639,2024-04-21,2024-04-21 21:00:00,Support,support_ticket,,,,,,,,,closed,,,urgent,90,21.0,4.0,False,on_or_after_signup,source_not_identified
T-706e49,A-5b1bcd,2024-03-16,2024-03-18 10:00:00,Support,support_ticket,,,,,,,,,closed,,,low,124,58.0,,False,on_or_after_signup,source_not_identified
T-a9e396,A-8adedc,2023-03-28,2023-03-30 06:00:00,Support,support_ticket,,,,,,,,,closed,,,low,124,54.0,,False,before_signup,source_not_identified
T-9df65f,A-c42f1f,2024-06-29,2024-06-30 12:00:00,Support,support_ticket,,,,,,,,,closed,,,urgent,8,36.0,,False,before_signup,source_not_identified
T-0e9c68,A-3d957b,2023-10-31,2023-11-01 21:00:00,Support,support_ticket,,,,,,,,,closed,,,urgent,125,45.0,,False,before_signup,source_not_identified
T-ff4462,A-702032,2024-07-23,2024-07-23 03:00:00,Support,support_ticket,,,,,,,,,closed,,,high,140,3.0,,False,on_or_after_signup,source_not_identified
T-e8df78,A-e83938,2024-12-01,2024-12-01 03:00:00,Support,support_ticket,,,,,,,,,closed,,,low,52,3.0,3.0,False,on_or_after_signup,source_not_identified
T-082788,A-00bed1,2023-12-14,2023-12-14 06:00:00,Support,support_ticket,,,,,,,,,closed,,,urgent,174,6.0,,False,on_or_after_signup,source_not_identified
T-41c4aa,A-f45426,2023-10-31,2023-10-31 11:00:00,Support,support_ticket,,,,,,,,,closed,,,low,144,11.0,,False,before_signup,source_not_identified
T-559617,A-69b156,2023-07-15,2023-07-15 20:00:00,Support,support_ticket,,,,,,,,,closed,,,high,30,20.0,,False,before_signup,source_not_identified
T-91b90d,A-e08cd3,2024-12-26,2024-12-26 17:00:00,Support,support_ticket,,,,,,,,,closed,,,high,109,17.0,4.0,False,on_or_after_signup,source_not_identified
T-9f53ca,A-1b9609,2024-01-23,2024-01-24 05:00:00,Support,support_ticket,,,,,,,,,closed,,,high,157,29.0,,False,on_or_after_signup,source_not_identified
T-aba492,A-3793ee,2023-09-14,2023-09-14 09:00:00,Support,support_ticket,,,,,,,,,closed,,,low,36,9.0,,False,on_or_after_signup,source_not_identified
T-b1c40d,A-139c3b,2023-04-05,2023-04-05 13:00:00,Support,support_ticket,,,,,,,,,closed,,,low,37,13.0,4.0,False,before_signup,source_not_identified
T-b68fa5,A-e08cd3,2023-10-13,2023-10-13 11:00:00,Support,support_ticket,,,,,,,,,closed,,,medium,101,11.0,,False,before_signup,source_not_identified
T-13b65c,A-e43bf7,2024-04-24,2024-04-24 18:00:00,Support,support_ticket,,,,,,,,,closed,,,urgent,135,18.0,5.0,True,on_or_after_signup,source_not_identified
T-2c42d0,A-e693b6,2023-07-06,2023-07-06 01:00:00,Support,support_ticket,,,,,,,,,closed,,,urgent,144,1.0,3.0,False,on_or_after_signup,source_not_identified
T-583d4d,A-df1e44,2023-05-12,2023-05-13 14:00:00,Support,support_ticket,,,,,,,,,closed,,,medium,91,38.0,5.0,False,before_signup,source_not_identified
T-19c13c,A-fdfc91,2023-04-27,2023-04-27 13:00:00,Support,support_ticket,,,,,,,,,closed,,,urgent,177,13.0,,False,before_signup,source_not_identified
T-671909,A-310452,2023-05-05,2023-05-07 10:00:00,Support,support_ticket,,,,,,,,,closed,,,medium,60,58.0,5.0,False,before_signup,source_not_identified
T-cdecbd,A-9c18c4,2024-12-08,2024-12-08 12:00:00,Support,support_ticket,,,,,,,,,closed,,,low,133,12.0,3.0,False,on_or_after_signup,source_not_identified
T-8934e8,A-92a3af,2024-04-22,2024-04-24 23:00:00,Support,support_ticket,,,,,,,,,closed,,,medium,49,71.0,,False,before_signup,source_not_identified
T-9d9a08,A-66224b,2024-03-22,2024-03-24 18:00:00,Support,support_ticket,,,,,,,,,closed,,,urgent,105,66.0,3.0,False,before_signup,source_not_identified
T-27d2a6,A-fda07f,2024-04-21,2024-04-22 07:00:00,Support,support_ticket,,,,,,,,,closed,,,low,102,31.0,,False,before_signup,source_not_identified
T-f5bee9,A-c16cf7,2023-07-18,2023-07-20 03:00:00,Support,support_ticket,,,,,,,,,closed,,,low,124,51.0,3.0,False,before_signup,source_not_identified
T-4f404a,A-bb1486,2024-03-07,2024-03-07 02:00:00,Support,support_ticket,,,,,,,,,closed,,,high,115,2.0,,False,before_signup,source_not_identified
T-454d17,A-b3fe05,2023-09-01,2023-09-01 17:00:00,Support,support_ticket,,,,,,,,,closed,,,urgent,90,17.0,3.0,False,before_signup,source_not_identified
T-61208e,A-2789e3,2024-10-09,2024-10-11 19:00:00,Support,support_ticket,,,,,,,,,closed,,,medium,3,67.0,4.0,False,on_or_after_signup,source_not_identified
T-3e18cf,A-35083d,2024-09-27,2024-09-29 12:00:00,Support,support_ticket,,,,,,,,,closed,,,high,152,60.0,,False,on_or_after_signup,source_not_identified
T-ead922,A-86902e,2024-06-03,2024-06-03 06:00:00,Support,support_ticket,,,,,,,,,closed,,,urgent,16,6.0,5.0,False,on_or_after_signup,source_not_identified
T-da4f37,A-69b156,2024-09-01,2024-09-01 09:00:00,Support,support_ticket,,,,,,,,,closed,,,low,161,9.0,4.0,False,on_or_after_signup,source_not_identified
T-0e6a8b,A-b44e3e,2024-06-23,2024-06-25 23:00:00,Support,support_ticket,,,,,,,,,closed,,,medium,66,71.0,4.0,False,on_or_after_signup,source_not_identified
T-a1bceb,A-3a7284,2023-09-24,2023-09-25 17:00:00,Support,support_ticket,,,,,,,,,closed,,,high,105,41.0,,False,before_signup,source_not_identified
T-57367e,A-b3fe05,2024-12-06,2024-12-08 15:00:00,Support,support_ticket,,,,,,,,,closed,,,high,39,63.0,,False,on_or_after_signup,source_not_identified
T-0aeed3,A-e5d6ab,2024-06-27,2024-06-28 00:00:00,Support,support_ticket,,,,,,,,,closed,,,low,151,24.0,,False,on_or_after_signup,source_not_identified
T-60c7c9,A-02fac6,2023-10-17,2023-10-18 04:00:00,Support,support_ticket,,,,,,,,,closed,,,low,45,28.0,,False,on_or_after_signup,source_not_identified
T-c67fd7,A-d3c88e,2024-06-28,2024-06-30 05:00:00,Support,support_ticket,,,,,,,,,closed,,,urgent,30,53.0,,False,before_signup,source_not_identified
T-2521f4,A-812c5b,2024-08-28,2024-08-28 14:00:00,Support,support_ticket,,,,,,,,,closed,,,urgent,13,14.0,,False,on_or_after_signup,source_not_identified
T-2066b3,A-80eeb6,2023-05-19,2023-05-21 02:00:00,Support,support_ticket,,,,,,,,,closed,,,urgent,87,50.0,3.0,True,on_or_after_signup,source_not_identified
T-47940c,A-a865bd,2024-11-22,2024-11-23 18:00:00,Support,support_ticket,,,,,,,,,closed,,,medium,34,42.0,3.0,False,on_or_after_signup,source_not_identified
T-c17382,A-9f0b68,2024-05-10,2024-05-10 04:00:00,Support,support_ticket,,,,,,,,,closed,,,urgent,89,4.0,3.0,False,on_or_after_signup,source_not_identified
T-574fcf,A-09540c,2023-03-25,2023-03-26 03:00:00,Support,support_ticket,,,,,,,,,closed,,,medium,106,27.0,5.0,False,before_signup,source_not_identified
T-baea58,A-6e08f3,2024-08-22,2024-08-23 23:00:00,Support,support_ticket,,,,,,,,,closed,,,low,152,47.0,4.0,False,on_or_after_signup,source_not_identified
T-136b9e,A-e4144b,2023-05-06,2023-05-08 06:00:00,Support,support_ticket,,,,,,,,,closed,,,high,164,54.0,,False,before_signup,source_not_identified
T-14733a,A-0b0d6d,2023-05-06,2023-05-06 16:00:00,Support,support_ticket,,,,,,,,,closed,,,high,155,16.0,5.0,True,before_signup,source_not_identified
T-2fc301,A-7c4956,2024-06-10,2024-06-10 11:00:00,Support,support_ticket,,,,,,,,,closed,,,high,102,11.0,4.0,False,on_or_after_signup,source_not_identified
T-5f7300,A-54d94a,2024-07-25,2024-07-27 11:00:00,Support,support_ticket,,,,,,,,,closed,,,medium,117,59.0,,False,on_or_after_signup,source_not_identified
T-d84002,A-1619f8,2023-02-16,2023-02-18 11:00:00,Support,support_ticket,,,,,,,,,closed,,,low,2,59.0,5.0,False,before_signup,source_not_identified
T-d85104,A-f9cc74,2024-06-18,2024-06-18 23:00:00,Support,support_ticket,,,,,,,,,closed,,,low,151,23.0,5.0,False,before_signup,source_not_identified
T-b6eb59,A-0532a9,2024-09-07,2024-09-07 17:00:00,Support,support_ticket,,,,,,,,,closed,,,medium,4,17.0,,False,before_signup,source_not_identified
T-6c4112,A-bece89,2024-02-27,2024-02-28 20:00:00,Support,support_ticket,,,,,,,,,closed,,,urgent,56,44.0,,False,on_or_after_signup,source_not_identified
T-da4869,A-342303,2023-09-11,2023-09-11 12:00:00,Support,support_ticket,,,,,,,,,closed,,,medium,79,12.0,5.0,False,before_signup,source_not_identified
T-81b73d,A-ccc747,2023-01-28,2023-01-30 13:00:00,Support,support_ticket,,,,,,,,,closed,,,medium,9,61.0,,False,before_signup,source_not_identified
T-a6e8f4,A-751c58,2024-02-16,2024-02-18 20:00:00,Support,support_ticket,,,,,,,,,closed,,,low,172,68.0,4.0,False,before_signup,source_not_identified
T-6b989d,A-328bd0,2024-09-06,2024-09-08 17:00:00,Support,support_ticket,,,,,,,,,closed,,,high,49,65.0,,False,on_or_after_signup,source_not_identified
T-2694cc,A-2ebb4b,2023-07-03,2023-07-05 03:00:00,Support,support_ticket,,,,,,,,,closed,,,high,124,51.0,3.0,False,on_or_after_signup,source_not_identified
T-60bb06,A-417d2f,2024-11-20,2024-11-22 08:00:00,Support,support_ticket,,,,,,,,,closed,,,low,144,56.0,,False,on_or_after_signup,source_not_identified
T-e733d2,A-c1dfe1,2023-05-09,2023-05-11 05:00:00,Support,support_ticket,,,,,,,,,closed,,,low,133,53.0,,False,before_signup,source_not_identified
T-1103cb,A-40906c,2024-08-01,2024-08-01 05:00:00,Support,support_ticket,,,,,,,,,closed,,,low,113,5.0,5.0,False,on_or_after_signup,source_not_identified
T-7a5dca,A-d792a6,2023-11-02,2023-11-04 19:00:00,Support,support_ticket,,,,,,,,,closed,,,high,28,67.0,,False,on_or_after_signup,source_not_identified
T-9b4be2,A-1b7577,2024-04-08,2024-04-09 18:00:00,Support,support_ticket,,,,,,,,,closed,,,low,112,42.0,5.0,False,before_signup,source_not_identified
T-4d5634,A-13466a,2024-11-04,2024-11-06 23:00:00,Support,support_ticket,,,,,,,,,closed,,,medium,76,71.0,3.0,True,on_or_after_signup,source_not_identified
T-06d051,A-cc1d8d,2024-01-24,2024-01-24 01:00:00,Support,support_ticket,,,,,,,,,closed,,,medium,94,1.0,,False,before_signup,source_not_identified
T-f62fdf,A-854864,2023-02-24,2023-02-24 12:00:00,Support,support_ticket,,,,,,,,,closed,,,high,23,12.0,4.0,False,before_signup,source_not_identified
T-f255e4,A-40a557,2023-01-08,2023-01-09 05:00:00,Support,support_ticket,,,,,,,,,closed,,,medium,146,29.0,3.0,False,before_signup,source_not_identified
T-fad580,A-410e86,2023-12-04,2023-12-06 09:00:00,Support,support_ticket,,,,,,,,,closed,,,low,103,57.0,3.0,False,before_signup,source_not_identified
T-1dd5b9,A-1b7577,2023-08-08,2023-08-08 02:00:00,Support,support_ticket,,,,,,,,,closed,,,high,74,2.0,,False,before_signup,source_not_identified
T-7d4d61,A-4f18f0,2024-06-11,2024-06-13 23:00:00,Support,support_ticket,,,,,,,,,closed,,,urgent,75,71.0,5.0,False,on_or_after_signup,source_not_identified
T-659542,A-443f6f,2024-03-18,2024-03-18 13:00:00,Support,support_ticket,,,,,,,,,closed,,,low,167,13.0,4.0,False,before_signup,source_not_identified
T-742d41,A-149a69,2024-09-27,2024-09-27 09:00:00,Support,support_ticket,,,,,,,,,closed,,,medium,63,9.0,5.0,False,before_signup,source_not_identified
T-b72962,A-410e86,2024-04-25,2024-04-27 13:00:00,Support,support_ticket,,,,,,,,,closed,,,medium,128,61.0,,False,before_signup,source_not_identified
T-fb779c,A-5b1bcd,2024-04-09,2024-04-11 19:00:00,Support,support_ticket,,,,,,,,,closed,,,urgent,89,67.0,4.0,False,on_or_after_signup,source_not_identified
T-b43d8e,A-3cc791,2024-12-09,2024-12-09 20:00:00,Support,support_ticket,,,,,,,,,closed,,,low,84,20.0,,False,on_or_after_signup,source_not_identified
T-204881,A-671f31,2024-07-24,2024-07-25 04:00:00,Support,support_ticket,,,,,,,,,closed,,,urgent,80,28.0,5.0,False,before_signup,source_not_identified
T-3d5a91,A-bb1eaa,2024-09-12,2024-09-12 06:00:00,Support,support_ticket,,,,,,,,,closed,,,urgent,78,6.0,5.0,False,on_or_after_signup,source_not_identified
T-3aa7e7,A-69b156,2024-02-28,2024-02-29 09:00:00,Support,support_ticket,,,,,,,,,closed,,,low,96,33.0,,False,on_or_after_signup,source_not_identified
T-c195e0,A-075038,2024-10-15,2024-10-16 13:00:00,Support,support_ticket,,,,,,,,,closed,,,high,4,37.0,3.0,False,on_or_after_signup,source_not_identified
T-7dc53f,A-8b25f2,2024-02-04,2024-02-04 19:00:00,Support,support_ticket,,,,,,,,,closed,,,low,86,19.0,3.0,False,before_signup,source_not_identified
T-1b9c71,A-f03140,2023-02-11,2023-02-13 04:00:00,Support,support_ticket,,,,,,,,,closed,,,high,79,52.0,,False,before_signup,source_not_identified
T-921d17,A-eb2fdc,2023-05-23,2023-05-24 00:00:00,Support,support_ticket,,,,,,,,,closed,,,low,50,24.0,4.0,False,before_signup,source_not_identified
T-16a224,A-4437e4,2024-07-05,2024-07-06 13:00:00,Support,support_ticket,,,,,,,,,closed,,,medium,134,37.0,,False,on_or_after_signup,source_not_identified
T-95e4a6,A-4a4c2d,2024-11-15,2024-11-16 20:00:00,Support,support_ticket,,,,,,,,,closed,,,high,128,44.0,5.0,False,on_or_after_signup,source_not_identified
T-c014ff,A-40de06,2023-03-21,2023-03-23 02:00:00,Support,support_ticket,,,,,,,,,closed,,,low,68,50.0,,False,before_signup,source_not_identified
T-ca352f,A-22d9d2,2024-04-24,2024-04-25 07:00:00,Support,support_ticket,,,,,,,,,closed,,,high,140,31.0,4.0,False,on_or_after_signup,source_not_identified
T-83656f,A-117171,2023-12-19,2023-12-20 10:00:00,Support,support_ticket,,,,,,,,,closed,,,low,33,34.0,4.0,False,before_signup,source_not_identified
T-863c07,A-34d880,2023-04-07,2023-04-08 18:00:00,Support,support_ticket,,,,,,,,,closed,,,urgent,12,42.0,3.0,False,before_signup,source_not_identified
T-aeb97e,A-922109,2023-05-15,2023-05-15 01:00:00,Support,support_ticket,,,,,,,,,closed,,,medium,151,1.0,,False,before_signup,source_not_identified
T-56fa73,A-2e3bad,2023-05-03,2023-05-05 23:00:00,Support,support_ticket,,,,,,,,,closed,,,low,49,71.0,4.0,False,before_signup,source_not_identified
T-519f79,A-702032,2024-07-09,2024-07-09 13:00:00,Support,support_ticket,,,,,,,,,closed,,,low,176,13.0,3.0,False,on_or_after_signup,source_not_identified
T-5b3664,A-751c58,2024-08-05,2024-08-05 08:00:00,Support,support_ticket,,,,,,,,,closed,,,low,60,8.0,,False,on_or_after_signup,source_not_identified
T-db5a57,A-66224b,2024-10-17,2024-10-18 22:00:00,Support,support_ticket,,,,,,,,,closed,,,high,43,46.0,5.0,False,before_signup,source_not_identified
T-b52bf0,A-855a48,2023-11-03,2023-11-04 10:00:00,Support,support_ticket,,,,,,,,,closed,,,high,157,34.0,4.0,False,before_signup,source_not_identified
T-3b9875,A-4a267b,2024-05-09,2024-05-11 04:00:00,Support,support_ticket,,,,,,,,,closed,,,urgent,168,52.0,,False,on_or_after_signup,source_not_identified
T-ba77b3,A-bc87bc,2023-10-31,2023-11-01 00:00:00,Support,support_ticket,,,,,,,,,closed,,,high,136,24.0,,False,before_signup,source_not_identified
T-762c9d,A-86902e,2024-05-11,2024-05-12 07:00:00,Support,support_ticket,,,,,,,,,closed,,,high,118,31.0,,False,on_or_after_signup,source_not_identified
T-4b2bf5,A-e7a1e2,2024-03-31,2024-04-01 21:00:00,Support,support_ticket,,,,,,,,,closed,,,low,37,45.0,4.0,False,before_signup,source_not_identified
T-49e4f6,A-a45270,2024-10-22,2024-10-24 09:00:00,Support,support_ticket,,,,,,,,,closed,,,high,46,57.0,4.0,False,on_or_after_signup,source_not_identified
T-5bca42,A-0532a9,2023-02-11,2023-02-11 18:00:00,Support,support_ticket,,,,,,,,,closed,,,low,62,18.0,,False,before_signup,source_not_identified
T-a2a84a,A-d792a6,2023-03-30,2023-03-31 21:00:00,Support,support_ticket,,,,,,,,,closed,,,medium,36,45.0,4.0,False,on_or_after_signup,source_not_identified
T-53a3f9,A-2e4581,2024-12-10,2024-12-10 19:00:00,Support,support_ticket,,,,,,,,,closed,,,high,118,19.0,,False,on_or_after_signup,source_not_identified
T-dc9ef3,A-139c3b,2023-06-21,2023-06-23 16:00:00,Support,support_ticket,,,,,,,,,closed,,,urgent,63,64.0,,False,before_signup,source_not_identified
T-3830ca,A-5c9849,2024-01-31,2024-02-02 01:00:00,Support,support_ticket,,,,,,,,,closed,,,urgent,7,49.0,,False,before_signup,source_not_identified
T-c18da8,A-7f6b86,2024-07-19,2024-07-19 02:00:00,Support,support_ticket,,,,,,,,,closed,,,high,91,2.0,,False,on_or_after_signup,source_not_identified
T-4630ac,A-67be94,2023-07-20,2023-07-21 09:00:00,Support,support_ticket,,,,,,,,,closed,,,urgent,47,33.0,,False,on_or_after_signup,source_not_identified
T-d65b5b,A-328bd0,2024-03-06,2024-03-07 23:00:00,Support,support_ticket,,,,,,,,,closed,,,medium,103,47.0,3.0,False,on_or_after_signup,source_not_identified
T-539103,A-65a46c,2023-06-19,2023-06-21 20:00:00,Support,support_ticket,,,,,,,,,closed,,,urgent,134,68.0,3.0,False,before_signup,source_not_identified
T-2b8a81,A-9affe6,2023-07-05,2023-07-07 02:00:00,Support,support_ticket,,,,,,,,,closed,,,urgent,12,50.0,3.0,False,on_or_after_signup,source_not_identified
T-8416bb,A-9affe6,2024-02-20,2024-02-22 12:00:00,Support,support_ticket,,,,,,,,,closed,,,high,165,60.0,,False,on_or_after_signup,source_not_identified
T-42efc2,A-2e3bad,2024-01-08,2024-01-08 23:00:00,Support,support_ticket,,,,,,,,,closed,,,high,159,23.0,,False,on_or_after_signup,source_not_identified
T-0171b1,A-4a4c2d,2024-05-09,2024-05-11 06:00:00,Support,support_ticket,,,,,,,,,closed,,,high,153,54.0,4.0,False,on_or_after_signup,source_not_identified
T-93c07c,A-17939a,2024-08-01,2024-08-01 08:00:00,Support,support_ticket,,,,,,,,,closed,,,low,152,8.0,4.0,False,before_signup,source_not_identified
T-6ba61d,A-484819,2024-08-15,2024-08-17 18:00:00,Support,support_ticket,,,,,,,,,closed,,,high,165,66.0,,False,on_or_after_signup,source_not_identified
T-d466fd,A-65c341,2024-05-06,2024-05-06 02:00:00,Support,support_ticket,,,,,,,,,closed,,,high,122,2.0,,False,on_or_after_signup,source_not_identified
T-04c2d4,A-0dbdc6,2023-08-15,2023-08-16 13:00:00,Support,support_ticket,,,,,,,,,closed,,,low,86,37.0,,False,on_or_after_signup,source_not_identified
T-a6af13,A-84ebe4,2024-12-02,2024-12-03 11:00:00,Support,support_ticket,,,,,,,,,closed,,,low,149,35.0,,False,on_or_after_signup,source_not_identified
T-aacbf9,A-7920cc,2023-10-17,2023-10-18 19:00:00,Support,support_ticket,,,,,,,,,closed,,,medium,160,43.0,,False,before_signup,source_not_identified
T-ede109,A-de24d5,2023-01-31,2023-02-02 21:00:00,Support,support_ticket,,,,,,,,,closed,,,medium,165,69.0,,False,before_signup,source_not_identified
T-578a17,A-5790f4,2024-02-21,2024-02-24 00:00:00,Support,support_ticket,,,,,,,,,closed,,,low,133,72.0,,True,before_signup,source_not_identified
T-10521d,A-8ae3fc,2024-02-20,2024-02-21 04:00:00,Support,support_ticket,,,,,,,,,closed,,,urgent,110,28.0,3.0,False,before_signup,source_not_identified
T-6816fd,A-d4ac0e,2024-10-23,2024-10-23 16:00:00,Support,support_ticket,,,,,,,,,closed,,,medium,28,16.0,3.0,False,on_or_after_signup,source_not_identified
T-5d5c80,A-684255,2024-04-12,2024-04-12 10:00:00,Support,support_ticket,,,,,,,,,closed,,,urgent,153,10.0,4.0,False,before_signup,source_not_identified
T-454c29,A-c43359,2023-03-14,2023-03-15 22:00:00,Support,support_ticket,,,,,,,,,closed,,,urgent,176,46.0,,False,before_signup,source_not_identified
T-6bfc83,A-bc87bc,2023-12-26,2023-12-28 01:00:00,Support,support_ticket,,,,,,,,,closed,,,urgent,59,49.0,4.0,False,before_signup,source_not_identified
T-74476f,A-bb3bd4,2023-05-22,2023-05-24 05:00:00,Support,support_ticket,,,,,,,,,closed,,,low,145,53.0,,False,before_signup,source_not_identified
T-a89311,A-44dc83,2023-11-07,2023-11-09 17:00:00,Support,support_ticket,,,,,,,,,closed,,,urgent,93,65.0,4.0,False,before_signup,source_not_identified
T-b9e950,A-bd4708,2023-10-12,2023-10-12 11:00:00,Support,support_ticket,,,,,,,,,closed,,,low,151,11.0,4.0,False,before_signup,source_not_identified
T-c4a1cf,A-1e1b80,2024-05-16,2024-05-17 19:00:00,Support,support_ticket,,,,,,,,,closed,,,urgent,59,43.0,3.0,False,on_or_after_signup,source_not_identified
T-5b26fc,A-fd9422,2024-03-30,2024-03-31 06:00:00,Support,support_ticket,,,,,,,,,closed,,,medium,47,30.0,3.0,False,before_signup,source_not_identified
T-82577a,A-56962b,2024-02-19,2024-02-19 13:00:00,Support,support_ticket,,,,,,,,,closed,,,low,117,13.0,,False,before_signup,source_not_identified
T-116765,A-c4ea60,2024-05-23,2024-05-23 20:00:00,Support,support_ticket,,,,,,,,,closed,,,urgent,65,20.0,4.0,False,on_or_after_signup,source_not_identified
T-2ac4b6,A-779e4e,2023-07-09,2023-07-09 22:00:00,Support,support_ticket,,,,,,,,,closed,,,low,36,22.0,3.0,False,on_or_after_signup,source_not_identified
T-bdc16a,A-9077b0,2023-03-01,2023-03-03 03:00:00,Support,support_ticket,,,,,,,,,closed,,,high,53,51.0,5.0,False,before_signup,source_not_identified
T-d03843,A-883b7d,2024-01-25,2024-01-25 18:00:00,Support,support_ticket,,,,,,,,,closed,,,urgent,14,18.0,,False,before_signup,source_not_identified
T-17f85e,A-bece89,2024-02-24,2024-02-25 11:00:00,Support,support_ticket,,,,,,,,,closed,,,urgent,133,35.0,3.0,False,on_or_after_signup,source_not_identified
T-ce4793,A-40906c,2024-11-01,2024-11-03 18:00:00,Support,support_ticket,,,,,,,,,closed,,,urgent,60,66.0,4.0,False,on_or_after_signup,source_not_identified
T-c7e31c,A-3cc791,2024-07-09,2024-07-11 06:00:00,Support,support_ticket,,,,,,,,,closed,,,high,179,54.0,,False,on_or_after_signup,source_not_identified
T-d3800a,A-5a3eb9,2023-07-04,2023-07-05 03:00:00,Support,support_ticket,,,,,,,,,closed,,,urgent,49,27.0,,False,before_signup,source_not_identified
T-50cda9,A-700ade,2024-03-01,2024-03-01 17:00:00,Support,support_ticket,,,,,,,,,closed,,,urgent,117,17.0,5.0,False,before_signup,source_not_identified
T-ee1ef3,A-b11cd0,2024-10-08,2024-10-10 18:00:00,Support,support_ticket,,,,,,,,,closed,,,medium,141,66.0,3.0,False,on_or_after_signup,source_not_identified
T-0aca85,A-8bde0c,2024-07-08,2024-07-08 13:00:00,Support,support_ticket,,,,,,,,,closed,,,medium,153,13.0,4.0,False,before_signup,source_not_identified
T-22968c,A-0cc442,2023-05-23,2023-05-24 07:00:00,Support,support_ticket,,,,,,,,,closed,,,low,21,31.0,,False,before_signup,source_not_identified
T-f0ac4b,A-4437e4,2024-01-17,2024-01-19 08:00:00,Support,support_ticket,,,,,,,,,closed,,,high,15,56.0,3.0,True,on_or_after_signup,source_not_identified
T-f660fd,A-526d93,2024-02-21,2024-02-23 15:00:00,Support,support_ticket,,,,,,,,,closed,,,urgent,161,63.0,,False,before_signup,source_not_identified
T-772188,A-fda07f,2024-08-03,2024-08-03 10:00:00,Support,support_ticket,,,,,,,,,closed,,,urgent,68,10.0,5.0,False,before_signup,source_not_identified
T-b181e3,A-65c341,2023-10-26,2023-10-28 21:00:00,Support,support_ticket,,,,,,,,,closed,,,urgent,25,69.0,,False,before_signup,source_not_identified
T-d01651,A-7988d1,2023-11-28,2023-11-30 04:00:00,Support,support_ticket,,,,,,,,,closed,,,urgent,61,52.0,5.0,False,before_signup,source_not_identified
T-2422ea,A-526d93,2024-04-14,2024-04-16 15:00:00,Support,support_ticket,,,,,,,,,closed,,,high,49,63.0,4.0,False,on_or_after_signup,source_not_identified
T-7929a5,A-c16b88,2024-04-09,2024-04-11 08:00:00,Support,support_ticket,,,,,,,,,closed,,,high,158,56.0,3.0,False,on_or_after_signup,source_not_identified
T-34db33,A-625d0b,2024-11-19,2024-11-21 05:00:00,Support,support_ticket,,,,,,,,,closed,,,medium,21,53.0,,False,on_or_after_signup,source_not_identified
T-e58f06,A-7f4db3,2024-06-08,2024-06-09 05:00:00,Support,support_ticket,,,,,,,,,closed,,,high,155,29.0,3.0,True,on_or_after_signup,source_not_identified
T-5ed6b6,A-d42431,2023-09-28,2023-09-28 10:00:00,Support,support_ticket,,,,,,,,,closed,,,urgent,176,10.0,,False,before_signup,source_not_identified
T-e9516d,A-1986ca,2023-04-03,2023-04-04 00:00:00,Support,support_ticket,,,,,,,,,closed,,,urgent,107,24.0,,False,on_or_after_signup,source_not_identified
T-0016ab,A-560d27,2023-03-30,2023-04-01 19:00:00,Support,support_ticket,,,,,,,,,closed,,,medium,58,67.0,3.0,False,before_signup,source_not_identified
T-f4724a,A-068fc6,2023-09-21,2023-09-22 22:00:00,Support,support_ticket,,,,,,,,,closed,,,urgent,104,46.0,4.0,False,on_or_after_signup,source_not_identified
T-9b56ac,A-69b156,2024-08-20,2024-08-20 22:00:00,Support,support_ticket,,,,,,,,,closed,,,medium,156,22.0,3.0,False,on_or_after_signup,source_not_identified
T-699684,A-c42f1f,2024-01-30,2024-02-01 09:00:00,Support,support_ticket,,,,,,,,,closed,,,medium,140,57.0,4.0,False,before_signup,source_not_identified
T-cd31c2,A-0651a4,2023-07-21,2023-07-22 23:00:00,Support,support_ticket,,,,,,,,,closed,,,high,9,47.0,,False,before_signup,source_not_identified
T-133e5c,A-17939a,2023-08-16,2023-08-18 23:00:00,Support,support_ticket,,,,,,,,,closed,,,urgent,85,71.0,4.0,False,before_signup,source_not_identified
T-afb7aa,A-f45426,2023-05-02,2023-05-02 02:00:00,Support,support_ticket,,,,,,,,,closed,,,urgent,25,2.0,,False,before_signup,source_not_identified
T-b91fc6,A-d922bf,2023-09-01,2023-09-04 00:00:00,Support,support_ticket,,,,,,,,,closed,,,high,175,72.0,4.0,False,before_signup,source_not_identified
T-cbdb70,A-f1f639,2023-11-12,2023-11-12 15:00:00,Support,support_ticket,,,,,,,,,closed,,,medium,167,15.0,,False,on_or_after_signup,source_not_identified
T-87b6c4,A-716841,2023-07-01,2023-07-02 13:00:00,Support,support_ticket,,,,,,,,,closed,,,medium,119,37.0,,False,before_signup,source_not_identified
T-d9e61f,A-b54c01,2023-05-20,2023-05-22 07:00:00,Support,support_ticket,,,,,,,,,closed,,,low,48,55.0,,False,before_signup,source_not_identified
T-5b0a56,A-78f02b,2024-07-24,2024-07-26 20:00:00,Support,support_ticket,,,,,,,,,closed,,,medium,42,68.0,,False,before_signup,source_not_identified
T-e7c6b3,A-51ec1b,2023-11-28,2023-11-29 04:00:00,Support,support_ticket,,,,,,,,,closed,,,medium,171,28.0,5.0,False,on_or_after_signup,source_not_identified
T-016258,A-ed510f,2023-06-15,2023-06-17 03:00:00,Support,support_ticket,,,,,,,,,closed,,,low,48,51.0,,False,on_or_after_signup,source_not_identified
T-7935c3,A-d4e0d4,2023-11-30,2023-12-02 08:00:00,Support,support_ticket,,,,,,,,,closed,,,low,114,56.0,5.0,False,before_signup,source_not_identified
T-f7a0c0,A-544d0a,2024-04-19,2024-04-21 02:00:00,Support,support_ticket,,,,,,,,,closed,,,urgent,35,50.0,3.0,True,before_signup,source_not_identified
T-288bdf,A-038089,2023-12-21,2023-12-22 15:00:00,Support,support_ticket,,,,,,,,,closed,,,high,102,39.0,5.0,False,on_or_after_signup,source_not_identified
T-ccab6b,A-adc1f3,2023-01-23,2023-01-25 22:00:00,Support,support_ticket,,,,,,,,,closed,,,high,129,70.0,,False,before_signup,source_not_identified
T-a3d4db,A-0aaf6e,2023-02-09,2023-02-09 12:00:00,Support,support_ticket,,,,,,,,,closed,,,medium,38,12.0,,False,before_signup,source_not_identified
T-61605e,A-671f31,2023-05-30,2023-05-31 01:00:00,Support,support_ticket,,,,,,,,,closed,,,medium,68,25.0,4.0,False,before_signup,source_not_identified
T-63500c,A-bc4d48,2023-09-06,2023-09-08 15:00:00,Support,support_ticket,,,,,,,,,closed,,,high,4,63.0,3.0,False,before_signup,source_not_identified
T-0ae05a,A-7cfe77,2023-04-14,2023-04-14 01:00:00,Support,support_ticket,,,,,,,,,closed,,,medium,38,1.0,,False,before_signup,source_not_identified
T-6a8698,A-117171,2023-09-14,2023-09-14 13:00:00,Support,support_ticket,,,,,,,,,closed,,,medium,59,13.0,3.0,False,before_signup,source_not_identified
T-00b930,A-bbe56f,2024-10-09,2024-10-09 23:00:00,Support,support_ticket,,,,,,,,,closed,,,high,179,23.0,4.0,False,on_or_after_signup,source_not_identified
T-a289f8,A-2446e3,2024-05-09,2024-05-12 00:00:00,Support,support_ticket,,,,,,,,,closed,,,medium,55,72.0,5.0,False,on_or_after_signup,source_not_identified
T-65b231,A-a6d261,2023-09-11,2023-09-13 14:00:00,Support,support_ticket,,,,,,,,,closed,,,low,137,62.0,5.0,True,before_signup,source_not_identified
T-4f5aab,A-186a44,2024-06-08,2024-06-08 19:00:00,Support,support_ticket,,,,,,,,,closed,,,high,35,19.0,4.0,False,on_or_after_signup,source_not_identified
T-67eb6f,A-712f1c,2024-08-09,2024-08-11 03:00:00,Support,support_ticket,,,,,,,,,closed,,,urgent,46,51.0,,False,on_or_after_signup,source_not_identified
T-87a53c,A-2d4502,2023-03-25,2023-03-25 13:00:00,Support,support_ticket,,,,,,,,,closed,,,medium,45,13.0,,False,before_signup,source_not_identified
T-1c81a5,A-1f7acb,2023-04-18,2023-04-19 18:00:00,Support,support_ticket,,,,,,,,,closed,,,high,40,42.0,5.0,False,before_signup,source_not_identified
T-de8424,A-f1f639,2023-12-29,2023-12-29 03:00:00,Support,support_ticket,,,,,,,,,closed,,,low,19,3.0,,False,on_or_after_signup,source_not_identified
T-ec6d18,A-4e0e85,2024-09-30,2024-10-02 08:00:00,Support,support_ticket,,,,,,,,,closed,,,high,110,56.0,5.0,False,on_or_after_signup,source_not_identified
T-699941,A-7d514c,2024-03-28,2024-03-29 19:00:00,Support,support_ticket,,,,,,,,,closed,,,urgent,23,43.0,,False,on_or_after_signup,source_not_identified
T-1e5e13,A-249769,2024-07-24,2024-07-24 16:00:00,Support,support_ticket,,,,,,,,,closed,,,high,180,16.0,3.0,False,on_or_after_signup,source_not_identified
T-687ec1,A-0dbdc6,2024-10-10,2024-10-12 12:00:00,Support,support_ticket,,,,,,,,,closed,,,high,65,60.0,5.0,False,on_or_after_signup,source_not_identified
T-88702a,A-50f3f7,2023-01-06,2023-01-06 16:00:00,Support,support_ticket,,,,,,,,,closed,,,high,13,16.0,,False,before_signup,source_not_identified
T-3196fb,A-dfbd31,2024-10-25,2024-10-25 18:00:00,Support,support_ticket,,,,,,,,,closed,,,high,68,18.0,,False,on_or_after_signup,source_not_identified
T-4e7b8f,A-e51ec7,2023-06-08,2023-06-10 03:00:00,Support,support_ticket,,,,,,,,,closed,,,medium,94,51.0,,False,before_signup,source_not_identified
T-0652b3,A-cbbe12,2024-09-18,2024-09-18 23:00:00,Support,support_ticket,,,,,,,,,closed,,,urgent,53,23.0,5.0,False,on_or_after_signup,source_not_identified
T-c50b96,A-149a69,2023-03-02,2023-03-03 07:00:00,Support,support_ticket,,,,,,,,,closed,,,urgent,141,31.0,,False,before_signup,source_not_identified
T-220f5a,A-7c5768,2024-04-11,2024-04-13 14:00:00,Support,support_ticket,,,,,,,,,closed,,,urgent,61,62.0,,False,on_or_after_signup,source_not_identified
T-399dc3,A-462d45,2024-12-15,2024-12-16 05:00:00,Support,support_ticket,,,,,,,,,closed,,,medium,127,29.0,,False,on_or_after_signup,source_not_identified
T-73a01a,A-2789e3,2024-12-22,2024-12-23 09:00:00,Support,support_ticket,,,,,,,,,closed,,,medium,140,33.0,,False,on_or_after_signup,source_not_identified
T-f07874,A-cb5333,2023-09-06,2023-09-06 20:00:00,Support,support_ticket,,,,,,,,,closed,,,urgent,89,20.0,,False,before_signup,source_not_identified
T-d8b95c,A-82861f,2024-03-29,2024-03-29 06:00:00,Support,support_ticket,,,,,,,,,closed,,,urgent,5,6.0,4.0,False,before_signup,source_not_identified
T-88d958,A-4c6f11,2023-06-18,2023-06-20 12:00:00,Support,support_ticket,,,,,,,,,closed,,,urgent,2,60.0,3.0,False,before_signup,source_not_identified
T-fa61ed,A-5c046d,2024-03-08,2024-03-08 13:00:00,Support,support_ticket,,,,,,,,,closed,,,low,128,13.0,3.0,False,before_signup,source_not_identified
T-0b025f,A-c37cab,2024-02-15,2024-02-16 03:00:00,Support,support_ticket,,,,,,,,,closed,,,high,87,27.0,5.0,False,before_signup,source_not_identified
T-8ab508,A-0f7d77,2023-07-27,2023-07-27 13:00:00,Support,support_ticket,,,,,,,,,closed,,,high,82,13.0,,False,before_signup,source_not_identified
T-be7c14,A-34ea2f,2024-10-09,2024-10-10 01:00:00,Support,support_ticket,,,,,,,,,closed,,,low,77,25.0,,False,on_or_after_signup,source_not_identified
T-217098,A-2d1036,2024-06-17,2024-06-19 02:00:00,Support,support_ticket,,,,,,,,,closed,,,low,8,50.0,5.0,False,on_or_after_signup,source_not_identified
T-80157c,A-6f50ae,2024-11-02,2024-11-04 01:00:00,Support,support_ticket,,,,,,,,,closed,,,urgent,46,49.0,,False,on_or_after_signup,source_not_identified
T-67c060,A-883b7d,2024-10-22,2024-10-23 19:00:00,Support,support_ticket,,,,,,,,,closed,,,low,72,43.0,3.0,False,on_or_after_signup,source_not_identified
T-d3b3e1,A-de24d5,2023-03-13,2023-03-13 09:00:00,Support,support_ticket,,,,,,,,,closed,,,medium,152,9.0,,False,before_signup,source_not_identified
T-c79d58,A-463db0,2024-12-24,2024-12-26 01:00:00,Support,support_ticket,,,,,,,,,closed,,,medium,32,49.0,4.0,False,on_or_after_signup,source_not_identified
T-4f391f,A-86fc1d,2024-04-15,2024-04-15 09:00:00,Support,support_ticket,,,,,,,,,closed,,,high,59,9.0,,False,before_signup,source_not_identified
T-fa6044,A-f1f639,2023-09-26,2023-09-26 19:00:00,Support,support_ticket,,,,,,,,,closed,,,high,124,19.0,5.0,False,on_or_after_signup,source_not_identified
T-617256,A-6843f2,2023-12-25,2023-12-25 12:00:00,Support,support_ticket,,,,,,,,,closed,,,medium,134,12.0,3.0,False,before_signup,source_not_identified
T-81da6c,A-337bc1,2024-11-21,2024-11-22 13:00:00,Support,support_ticket,,,,,,,,,closed,,,high,78,37.0,3.0,False,on_or_after_signup,source_not_identified
T-637137,A-2b9d3e,2023-08-28,2023-08-29 09:00:00,Support,support_ticket,,,,,,,,,closed,,,high,68,33.0,,False,on_or_after_signup,source_not_identified
T-837699,A-751bd4,2024-02-22,2024-02-22 21:00:00,Support,support_ticket,,,,,,,,,closed,,,urgent,174,21.0,5.0,True,before_signup,source_not_identified
T-2748bc,A-0e966d,2024-01-16,2024-01-18 13:00:00,Support,support_ticket,,,,,,,,,closed,,,high,73,61.0,,False,before_signup,source_not_identified
T-538074,A-6a4e2d,2024-04-20,2024-04-20 22:00:00,Support,support_ticket,,,,,,,,,closed,,,low,156,22.0,4.0,False,on_or_after_signup,source_not_identified
T-7480c9,A-4f18f0,2023-01-05,2023-01-06 07:00:00,Support,support_ticket,,,,,,,,,closed,,,low,39,31.0,,False,before_signup,source_not_identified
T-0d0fed,A-ff79f2,2023-12-30,2023-12-31 13:00:00,Support,support_ticket,,,,,,,,,closed,,,medium,29,37.0,,False,before_signup,source_not_identified
T-a64b83,A-f97b9a,2023-04-19,2023-04-19 02:00:00,Support,support_ticket,,,,,,,,,closed,,,urgent,121,2.0,4.0,False,before_signup,source_not_identified
T-563a64,A-b9f5b1,2023-08-20,2023-08-21 01:00:00,Support,support_ticket,,,,,,,,,closed,,,medium,15,25.0,3.0,False,on_or_after_signup,source_not_identified
T-2cb775,A-e351e1,2024-10-04,2024-10-04 02:00:00,Support,support_ticket,,,,,,,,,closed,,,low,101,2.0,4.0,False,on_or_after_signup,source_not_identified
T-c83359,A-9208f0,2023-07-17,2023-07-17 20:00:00,Support,support_ticket,,,,,,,,,closed,,,low,25,20.0,3.0,False,on_or_after_signup,source_not_identified
T-47a586,A-c43359,2023-09-10,2023-09-10 02:00:00,Support,support_ticket,,,,,,,,,closed,,,high,43,2.0,4.0,False,before_signup,source_not_identified
T-948932,A-afa505,2023-03-14,2023-03-15 12:00:00,Support,support_ticket,,,,,,,,,closed,,,low,116,36.0,,False,before_signup,source_not_identified
T-87bb00,A-c70870,2024-08-18,2024-08-19 00:00:00,Support,support_ticket,,,,,,,,,closed,,,medium,62,24.0,3.0,False,before_signup,source_not_identified
T-fd629f,A-dcc3f1,2024-08-23,2024-08-23 17:00:00,Support,support_ticket,,,,,,,,,closed,,,high,52,17.0,,False,on_or_after_signup,source_not_identified
T-04dbe2,A-22d9d2,2024-07-16,2024-07-16 14:00:00,Support,support_ticket,,,,,,,,,closed,,,urgent,25,14.0,,False,on_or_after_signup,source_not_identified
T-b55b60,A-659280,2024-08-25,2024-08-25 22:00:00,Support,support_ticket,,,,,,,,,closed,,,low,50,22.0,5.0,False,on_or_after_signup,source_not_identified
T-0721f7,A-a1b80b,2024-07-25,2024-07-26 12:00:00,Support,support_ticket,,,,,,,,,closed,,,low,15,36.0,5.0,False,on_or_after_signup,source_not_identified
T-394a48,A-296d7c,2023-05-14,2023-05-16 19:00:00,Support,support_ticket,,,,,,,,,closed,,,low,170,67.0,,False,before_signup,source_not_identified
T-9d7afa,A-86fc1d,2024-03-16,2024-03-16 19:00:00,Support,support_ticket,,,,,,,,,closed,,,urgent,30,19.0,,False,before_signup,source_not_identified
T-207054,A-331424,2023-03-30,2023-03-31 05:00:00,Support,support_ticket,,,,,,,,,closed,,,medium,43,29.0,,False,before_signup,source_not_identified
T-f8e692,A-ed510f,2023-07-18,2023-07-19 02:00:00,Support,support_ticket,,,,,,,,,closed,,,low,110,26.0,4.0,False,on_or_after_signup,source_not_identified
T-80126f,A-94d3da,2024-11-23,2024-11-23 16:00:00,Support,support_ticket,,,,,,,,,closed,,,urgent,52,16.0,3.0,False,on_or_after_signup,source_not_identified
T-bcd0eb,A-b3fe05,2023-04-12,2023-04-13 23:00:00,Support,support_ticket,,,,,,,,,closed,,,high,173,47.0,3.0,False,before_signup,source_not_identified
T-53266e,A-337bc1,2024-05-03,2024-05-05 05:00:00,Support,support_ticket,,,,,,,,,closed,,,high,30,53.0,5.0,True,on_or_after_signup,source_not_identified
T-2e22ae,A-69b156,2023-02-11,2023-02-12 04:00:00,Support,support_ticket,,,,,,,,,closed,,,high,8,28.0,,False,before_signup,source_not_identified
T-c42d1d,A-fd9422,2024-12-22,2024-12-24 04:00:00,Support,support_ticket,,,,,,,,,closed,,,urgent,79,52.0,4.0,False,on_or_after_signup,source_not_identified
T-3ec5db,A-8ed5dd,2023-05-20,2023-05-22 00:00:00,Support,support_ticket,,,,,,,,,closed,,,urgent,84,48.0,3.0,False,before_signup,source_not_identified
T-55400f,A-84ebe4,2024-12-20,2024-12-20 05:00:00,Support,support_ticket,,,,,,,,,closed,,,medium,133,5.0,4.0,False,on_or_after_signup,source_not_identified
T-32884f,A-18793f,2023-08-09,2023-08-10 20:00:00,Support,support_ticket,,,,,,,,,closed,,,high,5,44.0,5.0,False,before_signup,source_not_identified
T-9b7861,A-c16101,2023-08-29,2023-08-30 13:00:00,Support,support_ticket,,,,,,,,,closed,,,high,23,37.0,5.0,False,before_signup,source_not_identified
T-9efe75,A-55f257,2024-07-12,2024-07-14 17:00:00,Support,support_ticket,,,,,,,,,closed,,,low,13,65.0,5.0,False,on_or_after_signup,source_not_identified
T-e4d183,A-44dc83,2024-09-15,2024-09-16 00:00:00,Support,support_ticket,,,,,,,,,closed,,,low,6,24.0,5.0,False,on_or_after_signup,source_not_identified
T-96c05e,A-02fac6,2023-09-16,2023-09-16 10:00:00,Support,support_ticket,,,,,,,,,closed,,,medium,53,10.0,,False,on_or_after_signup,source_not_identified
T-7e7eb8,A-d77f4c,2024-06-30,2024-07-02 06:00:00,Support,support_ticket,,,,,,,,,closed,,,low,68,54.0,3.0,False,on_or_after_signup,source_not_identified
T-8b710d,A-b179bf,2023-02-28,2023-02-28 09:00:00,Support,support_ticket,,,,,,,,,closed,,,low,6,9.0,,False,before_signup,source_not_identified
T-50ec38,A-de58ca,2024-09-15,2024-09-16 18:00:00,Support,support_ticket,,,,,,,,,closed,,,high,127,42.0,3.0,False,on_or_after_signup,source_not_identified
T-ad5952,A-202b67,2023-11-10,2023-11-10 08:00:00,Support,support_ticket,,,,,,,,,closed,,,urgent,23,8.0,5.0,False,before_signup,source_not_identified
T-7ebbcc,A-ba6516,2024-06-18,2024-06-18 15:00:00,Support,support_ticket,,,,,,,,,closed,,,urgent,71,15.0,,False,on_or_after_signup,source_not_identified
T-4f7055,A-e61e98,2023-04-16,2023-04-17 17:00:00,Support,support_ticket,,,,,,,,,closed,,,urgent,117,41.0,3.0,False,before_signup,source_not_identified
T-cc8d03,A-69fad4,2024-07-19,2024-07-20 22:00:00,Support,support_ticket,,,,,,,,,closed,,,medium,22,46.0,3.0,False,on_or_after_signup,source_not_identified
T-c30d17,A-7988d1,2024-09-07,2024-09-07 09:00:00,Support,support_ticket,,,,,,,,,closed,,,low,104,9.0,5.0,False,on_or_after_signup,source_not_identified
T-f443cd,A-dcc3f1,2024-08-31,2024-09-01 15:00:00,Support,support_ticket,,,,,,,,,closed,,,urgent,86,39.0,3.0,False,on_or_after_signup,source_not_identified
T-ebb763,A-f44180,2024-04-08,2024-04-10 13:00:00,Support,support_ticket,,,,,,,,,closed,,,urgent,89,61.0,5.0,False,on_or_after_signup,source_not_identified
T-34ad09,A-fabe19,2023-03-01,2023-03-02 23:00:00,Support,support_ticket,,,,,,,,,closed,,,urgent,37,47.0,,False,before_signup,source_not_identified
T-5c2e35,A-034368,2023-01-11,2023-01-12 09:00:00,Support,support_ticket,,,,,,,,,closed,,,urgent,123,33.0,,False,before_signup,source_not_identified
T-afa081,A-9123ac,2024-11-22,2024-11-24 15:00:00,Support,support_ticket,,,,,,,,,closed,,,medium,105,63.0,3.0,False,on_or_after_signup,source_not_identified
T-367fe2,A-f17767,2023-05-21,2023-05-22 15:00:00,Support,support_ticket,,,,,,,,,closed,,,medium,125,39.0,3.0,False,on_or_after_signup,source_not_identified
T-ef7c2f,A-94d3da,2023-02-05,2023-02-06 19:00:00,Support,support_ticket,,,,,,,,,closed,,,urgent,139,43.0,3.0,False,before_signup,source_not_identified
T-9ff2ab,A-32fb14,2024-05-27,2024-05-27 17:00:00,Support,support_ticket,,,,,,,,,closed,,,urgent,10,17.0,,False,on_or_after_signup,source_not_identified
T-b6fed7,A-798a3f,2023-12-19,2023-12-20 21:00:00,Support,support_ticket,,,,,,,,,closed,,,high,9,45.0,,False,on_or_after_signup,source_not_identified
T-16818f,A-139c3b,2024-12-15,2024-12-16 18:00:00,Support,support_ticket,,,,,,,,,closed,,,medium,131,42.0,4.0,False,on_or_after_signup,source_not_identified
T-a41057,A-22f2df,2023-04-24,2023-04-25 01:00:00,Support,support_ticket,,,,,,,,,closed,,,high,131,25.0,,False,before_signup,source_not_identified
T-152c1d,A-779e4e,2024-11-03,2024-11-04 16:00:00,Support,support_ticket,,,,,,,,,closed,,,urgent,171,40.0,5.0,False,on_or_after_signup,source_not_identified
T-f17009,A-309e54,2024-09-24,2024-09-26 04:00:00,Support,support_ticket,,,,,,,,,closed,,,medium,71,52.0,,False,before_signup,source_not_identified
T-d6943a,A-76fa4d,2023-07-09,2023-07-09 14:00:00,Support,support_ticket,,,,,,,,,closed,,,low,86,14.0,5.0,False,before_signup,source_not_identified
T-7a84fc,A-5a215a,2024-09-13,2024-09-14 00:00:00,Support,support_ticket,,,,,,,,,closed,,,low,4,24.0,5.0,False,on_or_after_signup,source_not_identified
T-000c31,A-3ce5b8,2024-04-05,2024-04-05 21:00:00,Support,support_ticket,,,,,,,,,closed,,,urgent,65,21.0,,False,on_or_after_signup,source_not_identified
T-f5f28c,A-9badbd,2024-09-07,2024-09-08 10:00:00,Support,support_ticket,,,,,,,,,closed,,,low,149,34.0,5.0,False,on_or_after_signup,source_not_identified
T-1b7a8e,A-a7bd4b,2023-11-11,2023-11-12 04:00:00,Support,support_ticket,,,,,,,,,closed,,,urgent,169,28.0,,False,on_or_after_signup,source_not_identified
T-964182,A-104f1a,2024-04-08,2024-04-08 11:00:00,Support,support_ticket,,,,,,,,,closed,,,medium,19,11.0,3.0,True,before_signup,source_not_identified
T-fb59aa,A-e08cd3,2024-04-29,2024-04-29 14:00:00,Support,support_ticket,,,,,,,,,closed,,,high,96,14.0,,False,before_signup,source_not_identified
T-49e572,A-59f724,2024-09-19,2024-09-20 02:00:00,Support,support_ticket,,,,,,,,,closed,,,medium,48,26.0,5.0,False,on_or_after_signup,source_not_identified
T-173d0c,A-f1f639,2024-05-29,2024-05-30 17:00:00,Support,support_ticket,,,,,,,,,closed,,,high,19,41.0,5.0,False,on_or_after_signup,source_not_identified
T-9cbdc5,A-c222ab,2024-10-28,2024-10-28 09:00:00,Support,support_ticket,,,,,,,,,closed,,,medium,18,9.0,,False,on_or_after_signup,source_not_identified
T-534a33,A-5c9849,2023-12-07,2023-12-09 05:00:00,Support,support_ticket,,,,,,,,,closed,,,low,12,53.0,,True,before_signup,source_not_identified
T-b87a5a,A-b7724f,2024-07-24,2024-07-25 19:00:00,Support,support_ticket,,,,,,,,,closed,,,low,175,43.0,,False,on_or_after_signup,source_not_identified
T-76d301,A-e4144b,2024-03-29,2024-03-31 07:00:00,Support,support_ticket,,,,,,,,,closed,,,urgent,178,55.0,4.0,False,before_signup,source_not_identified
T-7d5bb9,A-c58f49,2024-09-18,2024-09-20 04:00:00,Support,support_ticket,,,,,,,,,closed,,,urgent,31,52.0,,True,on_or_after_signup,source_not_identified
T-ad72a6,A-342303,2024-03-03,2024-03-03 10:00:00,Support,support_ticket,,,,,,,,,closed,,,high,10,10.0,,False,before_signup,source_not_identified
T-370b82,A-712426,2023-11-24,2023-11-26 01:00:00,Support,support_ticket,,,,,,,,,closed,,,low,87,49.0,5.0,False,before_signup,source_not_identified
T-913bc6,A-600734,2023-11-02,2023-11-03 06:00:00,Support,support_ticket,,,,,,,,,closed,,,urgent,117,30.0,,False,before_signup,source_not_identified
T-262c36,A-86902e,2023-05-19,2023-05-21 19:00:00,Support,support_ticket,,,,,,,,,closed,,,medium,165,67.0,,False,on_or_after_signup,source_not_identified
T-b685e1,A-02cd81,2024-03-12,2024-03-13 13:00:00,Support,support_ticket,,,,,,,,,closed,,,medium,111,37.0,,False,before_signup,source_not_identified
T-1a19ef,A-2d1036,2024-09-19,2024-09-19 20:00:00,Support,support_ticket,,,,,,,,,closed,,,medium,98,20.0,5.0,True,on_or_after_signup,source_not_identified
T-85c450,A-439b2f,2023-01-05,2023-01-05 05:00:00,Support,support_ticket,,,,,,,,,closed,,,low,67,5.0,,False,before_signup,source_not_identified
T-b0063c,A-8b0451,2024-02-17,2024-02-17 23:00:00,Support,support_ticket,,,,,,,,,closed,,,high,111,23.0,3.0,False,before_signup,source_not_identified
T-a0d060,A-9208f0,2023-01-04,2023-01-04 12:00:00,Support,support_ticket,,,,,,,,,closed,,,low,18,12.0,,False,before_signup,source_not_identified
T-93f669,A-443f6f,2024-10-29,2024-10-30 12:00:00,Support,support_ticket,,,,,,,,,closed,,,high,154,36.0,,False,before_signup,source_not_identified
T-34deb3,A-53f4e3,2024-05-16,2024-05-18 02:00:00,Support,support_ticket,,,,,,,,,closed,,,high,150,50.0,,False,before_signup,source_not_identified
T-57f1af,A-432483,2024-09-20,2024-09-22 03:00:00,Support,support_ticket,,,,,,,,,closed,,,urgent,128,51.0,,False,on_or_after_signup,source_not_identified
T-ba59c1,A-bbc346,2024-09-05,2024-09-07 03:00:00,Support,support_ticket,,,,,,,,,closed,,,medium,156,51.0,5.0,False,on_or_after_signup,source_not_identified
T-7917a1,A-8ed5dd,2024-06-09,2024-06-10 16:00:00,Support,support_ticket,,,,,,,,,closed,,,high,125,40.0,,False,on_or_after_signup,source_not_identified
T-d532cc,A-4f18f0,2024-08-04,2024-08-05 10:00:00,Support,support_ticket,,,,,,,,,closed,,,low,34,34.0,4.0,False,on_or_after_signup,source_not_identified
T-de7b56,A-6f8ad2,2024-11-15,2024-11-17 11:00:00,Support,support_ticket,,,,,,,,,closed,,,medium,3,59.0,5.0,False,on_or_after_signup,source_not_identified
T-9890b1,A-96bbc6,2023-03-24,2023-03-26 16:00:00,Support,support_ticket,,,,,,,,,closed,,,high,58,64.0,4.0,False,before_signup,source_not_identified
T-f4b555,A-cbd1a3,2024-02-05,2024-02-06 08:00:00,Support,support_ticket,,,,,,,,,closed,,,medium,3,32.0,,False,before_signup,source_not_identified
T-d97c4e,A-e5d6ab,2023-07-10,2023-07-12 02:00:00,Support,support_ticket,,,,,,,,,closed,,,high,9,50.0,,False,on_or_after_signup,source_not_identified
T-810e51,A-eb7c38,2024-07-14,2024-07-14 05:00:00,Support,support_ticket,,,,,,,,,closed,,,low,83,5.0,4.0,False,on_or_after_signup,source_not_identified
T-a8d3cc,A-e98302,2024-11-25,2024-11-26 18:00:00,Support,support_ticket,,,,,,,,,closed,,,urgent,57,42.0,4.0,False,on_or_after_signup,source_not_identified
T-1ce392,A-ad3abd,2023-12-28,2023-12-29 01:00:00,Support,support_ticket,,,,,,,,,closed,,,urgent,164,25.0,3.0,False,on_or_after_signup,source_not_identified
T-8f5672,A-c37601,2023-10-19,2023-10-21 11:00:00,Support,support_ticket,,,,,,,,,closed,,,urgent,5,59.0,,False,before_signup,source_not_identified
T-4fa65e,A-a09355,2024-06-03,2024-06-03 18:00:00,Support,support_ticket,,,,,,,,,closed,,,urgent,55,18.0,,False,before_signup,source_not_identified
T-8d66fe,A-d40bf7,2023-01-04,2023-01-05 03:00:00,Support,support_ticket,,,,,,,,,closed,,,urgent,171,27.0,5.0,False,before_signup,source_not_identified
T-788eff,A-029f69,2024-04-18,2024-04-19 11:00:00,Support,support_ticket,,,,,,,,,closed,,,urgent,131,35.0,3.0,False,on_or_after_signup,source_not_identified
T-3b516f,A-1b7577,2023-05-22,2023-05-22 19:00:00,Support,support_ticket,,,,,,,,,closed,,,urgent,167,19.0,5.0,False,before_signup,source_not_identified
T-30c6e3,A-eb2fdc,2023-11-17,2023-11-18 03:00:00,Support,support_ticket,,,,,,,,,closed,,,low,30,27.0,5.0,False,before_signup,source_not_identified
T-052718,A-241e75,2023-02-12,2023-02-12 08:00:00,Support,support_ticket,,,,,,,,,closed,,,medium,69,8.0,4.0,False,before_signup,source_not_identified
T-08c89b,A-309e54,2024-04-27,2024-04-28 12:00:00,Support,support_ticket,,,,,,,,,closed,,,urgent,82,36.0,3.0,False,before_signup,source_not_identified
T-74e1b9,A-0dbdc6,2023-09-06,2023-09-06 21:00:00,Support,support_ticket,,,,,,,,,closed,,,low,138,21.0,,False,on_or_after_signup,source_not_identified
T-20a128,A-7988d1,2024-11-26,2024-11-27 21:00:00,Support,support_ticket,,,,,,,,,closed,,,urgent,31,45.0,3.0,False,on_or_after_signup,source_not_identified
T-d23a9b,A-ad296b,2023-07-22,2023-07-23 07:00:00,Support,support_ticket,,,,,,,,,closed,,,urgent,95,31.0,5.0,False,before_signup,source_not_identified
T-c55d61,A-8ed5dd,2023-03-21,2023-03-21 06:00:00,Support,support_ticket,,,,,,,,,closed,,,high,8,6.0,4.0,False,before_signup,source_not_identified
T-2626fb,A-67be94,2024-05-04,2024-05-04 14:00:00,Support,support_ticket,,,,,,,,,closed,,,high,168,14.0,,False,on_or_after_signup,source_not_identified
T-8ed20f,A-54d94a,2023-08-15,2023-08-15 18:00:00,Support,support_ticket,,,,,,,,,closed,,,medium,78,18.0,,False,on_or_after_signup,source_not_identified
T-01dc5a,A-fd9422,2024-03-10,2024-03-12 22:00:00,Support,support_ticket,,,,,,,,,closed,,,urgent,115,70.0,4.0,True,before_signup,source_not_identified
T-279c10,A-1e6fc3,2023-07-09,2023-07-10 09:00:00,Support,support_ticket,,,,,,,,,closed,,,high,149,33.0,,False,before_signup,source_not_identified
T-a48070,A-856b1e,2024-02-10,2024-02-11 14:00:00,Support,support_ticket,,,,,,,,,closed,,,low,111,38.0,,True,on_or_after_signup,source_not_identified
T-aa897f,A-751c58,2024-11-03,2024-11-04 17:00:00,Support,support_ticket,,,,,,,,,closed,,,low,93,41.0,5.0,False,on_or_after_signup,source_not_identified
T-48d493,A-8145a0,2024-10-26,2024-10-27 15:00:00,Support,support_ticket,,,,,,,,,closed,,,medium,122,39.0,4.0,False,on_or_after_signup,source_not_identified
T-4d4a28,A-fd9422,2023-07-14,2023-07-14 23:00:00,Support,support_ticket,,,,,,,,,closed,,,medium,162,23.0,4.0,False,before_signup,source_not_identified
T-141bed,A-50f3f7,2023-12-16,2023-12-17 06:00:00,Support,support_ticket,,,,,,,,,closed,,,low,2,30.0,,False,before_signup,source_not_identified
T-ca5ab4,A-53f4e3,2024-09-24,2024-09-25 15:00:00,Support,support_ticket,,,,,,,,,closed,,,urgent,98,39.0,5.0,False,on_or_after_signup,source_not_identified
T-74be0c,A-bcf664,2024-11-16,2024-11-16 02:00:00,Support,support_ticket,,,,,,,,,closed,,,high,4,2.0,4.0,False,on_or_after_signup,source_not_identified
T-2968aa,A-016043,2024-12-11,2024-12-13 11:00:00,Support,support_ticket,,,,,,,,,closed,,,low,143,59.0,,False,on_or_after_signup,source_not_identified
T-9fff22,A-b07346,2024-03-08,2024-03-10 04:00:00,Support,support_ticket,,,,,,,,,closed,,,medium,162,52.0,,False,before_signup,source_not_identified
T-6503b3,A-9123ac,2023-12-19,2023-12-21 18:00:00,Support,support_ticket,,,,,,,,,closed,,,high,24,66.0,5.0,False,on_or_after_signup,source_not_identified
T-2e478d,A-6965e1,2023-06-19,2023-06-20 18:00:00,Support,support_ticket,,,,,,,,,closed,,,medium,175,42.0,,False,before_signup,source_not_identified
T-6d8847,A-3a5ad8,2023-07-16,2023-07-18 02:00:00,Support,support_ticket,,,,,,,,,closed,,,urgent,27,50.0,,False,before_signup,source_not_identified
T-245f39,A-e3bd71,2023-06-30,2023-06-30 19:00:00,Support,support_ticket,,,,,,,,,closed,,,urgent,105,19.0,,False,on_or_after_signup,source_not_identified
T-c3e2dd,A-202b67,2024-06-26,2024-06-28 21:00:00,Support,support_ticket,,,,,,,,,closed,,,medium,109,69.0,4.0,False,on_or_after_signup,source_not_identified
T-a32345,A-503d5a,2024-11-20,2024-11-20 07:00:00,Support,support_ticket,,,,,,,,,closed,,,medium,54,7.0,,False,on_or_after_signup,source_not_identified
T-42f9b6,A-bcf664,2023-05-12,2023-05-12 12:00:00,Support,support_ticket,,,,,,,,,closed,,,urgent,172,12.0,,False,before_signup,source_not_identified
T-399cd5,A-5247b3,2023-03-30,2023-03-30 23:00:00,Support,support_ticket,,,,,,,,,closed,,,urgent,62,23.0,3.0,False,before_signup,source_not_identified
T-5c4e0b,A-c608c8,2023-09-23,2023-09-25 12:00:00,Support,support_ticket,,,,,,,,,closed,,,medium,39,60.0,3.0,False,on_or_after_signup,source_not_identified
T-611dd2,A-86902e,2023-07-22,2023-07-23 05:00:00,Support,support_ticket,,,,,,,,,closed,,,medium,166,29.0,3.0,False,on_or_after_signup,source_not_identified
T-b48c61,A-2789e3,2024-11-10,2024-11-12 21:00:00,Support,support_ticket,,,,,,,,,closed,,,medium,74,69.0,4.0,False,on_or_after_signup,source_not_identified
T-34025b,A-5c9849,2023-07-15,2023-07-17 22:00:00,Support,support_ticket,,,,,,,,,closed,,,urgent,104,70.0,,False,before_signup,source_not_identified
T-a0a7fe,A-55f257,2023-02-27,2023-02-28 07:00:00,Support,support_ticket,,,,,,,,,closed,,,medium,160,31.0,,False,before_signup,source_not_identified
T-8c66ed,A-7c83a1,2023-09-20,2023-09-22 17:00:00,Support,support_ticket,,,,,,,,,closed,,,low,38,65.0,4.0,False,before_signup,source_not_identified
T-6e55e5,A-0f7d77,2023-06-05,2023-06-06 03:00:00,Support,support_ticket,,,,,,,,,closed,,,high,48,27.0,5.0,False,before_signup,source_not_identified
T-526bb5,A-1986ca,2024-08-10,2024-08-11 17:00:00,Support,support_ticket,,,,,,,,,closed,,,high,135,41.0,,False,on_or_after_signup,source_not_identified
T-c25880,A-9289f6,2023-06-01,2023-06-02 11:00:00,Support,support_ticket,,,,,,,,,closed,,,medium,59,35.0,5.0,False,on_or_after_signup,source_not_identified
T-c87e58,A-716841,2023-12-11,2023-12-13 16:00:00,Support,support_ticket,,,,,,,,,closed,,,low,102,64.0,5.0,False,before_signup,source_not_identified
T-8d611d,A-2e3bad,2023-02-08,2023-02-09 07:00:00,Support,support_ticket,,,,,,,,,closed,,,medium,125,31.0,3.0,False,before_signup,source_not_identified
T-a7ddd2,A-1ac5e0,2023-03-29,2023-03-31 12:00:00,Support,support_ticket,,,,,,,,,closed,,,high,169,60.0,,False,before_signup,source_not_identified
T-e44461,A-7f29a7,2024-07-08,2024-07-09 00:00:00,Support,support_ticket,,,,,,,,,closed,,,urgent,5,24.0,4.0,False,before_signup,source_not_identified
T-b2d025,A-3793ee,2024-06-26,2024-06-27 20:00:00,Support,support_ticket,,,,,,,,,closed,,,low,176,44.0,,False,on_or_after_signup,source_not_identified
T-65a10b,A-ad3abd,2023-08-16,2023-08-16 13:00:00,Support,support_ticket,,,,,,,,,closed,,,medium,12,13.0,3.0,False,on_or_after_signup,source_not_identified
T-0c9c88,A-0baac2,2024-07-10,2024-07-12 05:00:00,Support,support_ticket,,,,,,,,,closed,,,high,89,53.0,5.0,False,on_or_after_signup,source_not_identified
T-0eef43,A-fa2041,2024-03-30,2024-03-30 16:00:00,Support,support_ticket,,,,,,,,,closed,,,low,99,16.0,3.0,False,before_signup,source_not_identified
T-662a1c,A-e19ff6,2023-02-01,2023-02-02 08:00:00,Support,support_ticket,,,,,,,,,closed,,,urgent,74,32.0,5.0,False,before_signup,source_not_identified
T-f37486,A-7641d3,2023-02-03,2023-02-03 05:00:00,Support,support_ticket,,,,,,,,,closed,,,urgent,123,5.0,5.0,True,before_signup,source_not_identified
T-633fa7,A-054577,2023-09-01,2023-09-02 22:00:00,Support,support_ticket,,,,,,,,,closed,,,urgent,70,46.0,4.0,False,before_signup,source_not_identified
T-a291f6,A-e98302,2023-09-28,2023-10-01 00:00:00,Support,support_ticket,,,,,,,,,closed,,,urgent,178,72.0,4.0,False,before_signup,source_not_identified
T-bf9878,A-3ce5b8,2024-11-15,2024-11-17 19:00:00,Support,support_ticket,,,,,,,,,closed,,,urgent,15,67.0,3.0,False,on_or_after_signup,source_not_identified
T-3345a4,A-6da850,2024-12-21,2024-12-23 09:00:00,Support,support_ticket,,,,,,,,,closed,,,low,112,57.0,4.0,False,on_or_after_signup,source_not_identified
T-d99655,A-712533,2024-11-26,2024-11-28 00:00:00,Support,support_ticket,,,,,,,,,closed,,,high,104,48.0,,False,on_or_after_signup,source_not_identified
T-2166d3,A-aa9511,2023-01-11,2023-01-13 08:00:00,Support,support_ticket,,,,,,,,,closed,,,high,136,56.0,4.0,False,before_signup,source_not_identified
T-698b5a,A-d62e02,2024-05-04,2024-05-05 12:00:00,Support,support_ticket,,,,,,,,,closed,,,high,31,36.0,4.0,False,before_signup,source_not_identified
T-4c47b4,A-f03140,2024-02-29,2024-02-29 08:00:00,Support,support_ticket,,,,,,,,,closed,,,low,152,8.0,5.0,False,on_or_after_signup,source_not_identified
T-7da6d5,A-781cc0,2024-12-17,2024-12-19 16:00:00,Support,support_ticket,,,,,,,,,closed,,,high,162,64.0,3.0,False,on_or_after_signup,source_not_identified
T-5e536f,A-40906c,2024-10-21,2024-10-22 08:00:00,Support,support_ticket,,,,,,,,,closed,,,medium,91,32.0,,False,on_or_after_signup,source_not_identified
T-b94ce2,A-1f559b,2024-12-10,2024-12-11 18:00:00,Support,support_ticket,,,,,,,,,closed,,,urgent,142,42.0,5.0,False,on_or_after_signup,source_not_identified
T-411de2,A-c9bb3e,2023-09-27,2023-09-29 21:00:00,Support,support_ticket,,,,,,,,,closed,,,low,7,69.0,5.0,False,before_signup,source_not_identified
T-458b18,A-22f2df,2024-05-23,2024-05-25 22:00:00,Support,support_ticket,,,,,,,,,closed,,,urgent,60,70.0,5.0,False,before_signup,source_not_identified
T-3171ab,A-4c56c9,2024-08-26,2024-08-26 09:00:00,Support,support_ticket,,,,,,,,,closed,,,low,10,9.0,4.0,False,on_or_after_signup,source_not_identified
T-5435e7,A-7c83a1,2024-04-10,2024-04-12 08:00:00,Support,support_ticket,,,,,,,,,closed,,,high,140,56.0,3.0,False,before_signup,source_not_identified
T-9c0369,A-34ea2f,2023-09-24,2023-09-25 16:00:00,Support,support_ticket,,,,,,,,,closed,,,low,30,40.0,4.0,False,before_signup,source_not_identified
T-4a3162,A-bcbe98,2023-08-21,2023-08-22 07:00:00,Support,support_ticket,,,,,,,,,closed,,,urgent,112,31.0,5.0,False,before_signup,source_not_identified
T-3e6e13,A-e1462e,2024-08-02,2024-08-02 12:00:00,Support,support_ticket,,,,,,,,,closed,,,urgent,115,12.0,3.0,False,on_or_after_signup,source_not_identified
T-d9ea42,A-b11cd0,2023-05-23,2023-05-24 12:00:00,Support,support_ticket,,,,,,,,,closed,,,medium,158,36.0,5.0,False,on_or_after_signup,source_not_identified
T-c0b9bc,A-f03140,2023-06-15,2023-06-16 07:00:00,Support,support_ticket,,,,,,,,,closed,,,urgent,143,31.0,3.0,False,before_signup,source_not_identified
T-ddae37,A-cc98bc,2023-03-24,2023-03-24 10:00:00,Support,support_ticket,,,,,,,,,closed,,,low,83,10.0,,False,before_signup,source_not_identified
T-ebb598,A-84ebe4,2023-09-06,2023-09-08 19:00:00,Support,support_ticket,,,,,,,,,closed,,,low,132,67.0,4.0,False,on_or_after_signup,source_not_identified
T-008e20,A-b78bf8,2024-12-17,2024-12-19 01:00:00,Support,support_ticket,,,,,,,,,closed,,,urgent,94,49.0,3.0,False,on_or_after_signup,source_not_identified
T-b41d5c,A-9289f6,2023-09-15,2023-09-15 05:00:00,Support,support_ticket,,,,,,,,,closed,,,high,71,5.0,,False,on_or_after_signup,source_not_identified
T-e45dfb,A-0f6450,2023-04-08,2023-04-08 16:00:00,Support,support_ticket,,,,,,,,,closed,,,medium,173,16.0,4.0,False,before_signup,source_not_identified
T-d6f0ba,A-30b4ca,2024-05-15,2024-05-17 04:00:00,Support,support_ticket,,,,,,,,,closed,,,low,69,52.0,,False,before_signup,source_not_identified
T-41e58d,A-9bfc9f,2024-02-29,2024-02-29 04:00:00,Support,support_ticket,,,,,,,,,closed,,,high,170,4.0,,False,on_or_after_signup,source_not_identified
T-129715,A-54ecc2,2023-07-06,2023-07-08 22:00:00,Support,support_ticket,,,,,,,,,closed,,,high,97,70.0,,False,on_or_after_signup,source_not_identified
T-fa3300,A-bcf664,2024-07-03,2024-07-06 00:00:00,Support,support_ticket,,,,,,,,,closed,,,low,80,72.0,,False,on_or_after_signup,source_not_identified
T-fa177b,A-e2cd1b,2023-07-28,2023-07-30 13:00:00,Support,support_ticket,,,,,,,,,closed,,,low,29,61.0,4.0,False,before_signup,source_not_identified
T-95c3dd,A-fabe19,2024-01-06,2024-01-07 19:00:00,Support,support_ticket,,,,,,,,,closed,,,high,15,43.0,4.0,False,before_signup,source_not_identified
T-57d464,A-671f31,2023-11-07,2023-11-08 20:00:00,Support,support_ticket,,,,,,,,,closed,,,high,146,44.0,4.0,False,before_signup,source_not_identified
T-f97334,A-c45b23,2024-11-02,2024-11-03 18:00:00,Support,support_ticket,,,,,,,,,closed,,,urgent,75,42.0,,False,on_or_after_signup,source_not_identified
T-c2f40f,A-1f0636,2024-08-22,2024-08-22 17:00:00,Support,support_ticket,,,,,,,,,closed,,,high,68,17.0,3.0,False,on_or_after_signup,source_not_identified
T-6c2263,A-82861f,2024-09-14,2024-09-14 17:00:00,Support,support_ticket,,,,,,,,,closed,,,medium,150,17.0,3.0,False,on_or_after_signup,source_not_identified
T-9ac5fe,A-068fc6,2024-04-25,2024-04-26 10:00:00,Support,support_ticket,,,,,,,,,closed,,,urgent,106,34.0,4.0,False,on_or_after_signup,source_not_identified
T-70987d,A-1f7acb,2024-12-05,2024-12-07 09:00:00,Support,support_ticket,,,,,,,,,closed,,,high,178,57.0,,False,on_or_after_signup,source_not_identified
T-96ccc2,A-186a44,2024-12-30,2024-12-31 00:00:00,Support,support_ticket,,,,,,,,,closed,,,high,146,24.0,4.0,False,on_or_after_signup,source_not_identified
T-04fe85,A-6f8ad2,2023-09-24,2023-09-24 06:00:00,Support,support_ticket,,,,,,,,,closed,,,high,121,6.0,4.0,False,before_signup,source_not_identified
T-8ab6ea,A-dcc3f1,2024-08-20,2024-08-21 21:00:00,Support,support_ticket,,,,,,,,,closed,,,high,153,45.0,,False,on_or_after_signup,source_not_identified
T-7cb39d,A-3be56b,2023-12-22,2023-12-22 14:00:00,Support,support_ticket,,,,,,,,,closed,,,medium,32,14.0,3.0,False,on_or_after_signup,source_not_identified
T-831e11,A-cb6cc6,2024-06-26,2024-06-26 05:00:00,Support,support_ticket,,,,,,,,,closed,,,low,90,5.0,,False,on_or_after_signup,source_not_identified
T-95d237,A-cb5333,2023-04-25,2023-04-25 13:00:00,Support,support_ticket,,,,,,,,,closed,,,high,54,13.0,,False,before_signup,source_not_identified
T-b251a1,A-20736a,2024-01-08,2024-01-09 01:00:00,Support,support_ticket,,,,,,,,,closed,,,urgent,11,25.0,3.0,False,before_signup,source_not_identified
T-06628f,A-4e960a,2023-10-31,2023-11-02 06:00:00,Support,support_ticket,,,,,,,,,closed,,,urgent,95,54.0,,False,before_signup,source_not_identified
T-452a96,A-2ebb4b,2024-04-05,2024-04-06 12:00:00,Support,support_ticket,,,,,,,,,closed,,,low,149,36.0,3.0,False,on_or_after_signup,source_not_identified
T-702e0f,A-96e141,2024-01-26,2024-01-27 22:00:00,Support,support_ticket,,,,,,,,,closed,,,high,17,46.0,4.0,False,on_or_after_signup,source_not_identified
T-710a02,A-1b7577,2024-05-31,2024-05-31 10:00:00,Support,support_ticket,,,,,,,,,closed,,,medium,37,10.0,3.0,False,before_signup,source_not_identified
T-ca831e,A-9b9fe9,2024-12-21,2024-12-21 08:00:00,Support,support_ticket,,,,,,,,,closed,,,high,127,8.0,,False,on_or_after_signup,source_not_identified
T-073728,A-b9eed8,2023-03-03,2023-03-03 22:00:00,Support,support_ticket,,,,,,,,,closed,,,medium,116,22.0,,True,before_signup,source_not_identified
T-088e00,A-3b37d9,2023-03-16,2023-03-18 15:00:00,Support,support_ticket,,,,,,,,,closed,,,high,107,63.0,,False,on_or_after_signup,source_not_identified
T-c9862e,A-96215d,2023-08-04,2023-08-05 01:00:00,Support,support_ticket,,,,,,,,,closed,,,urgent,115,25.0,3.0,False,before_signup,source_not_identified
T-321bf6,A-5ed98d,2023-06-28,2023-06-30 17:00:00,Support,support_ticket,,,,,,,,,closed,,,urgent,79,65.0,5.0,False,before_signup,source_not_identified
T-1df716,A-0b0d6d,2024-10-09,2024-10-11 01:00:00,Support,support_ticket,,,,,,,,,closed,,,medium,145,49.0,,False,before_signup,source_not_identified
T-69edbb,A-c16cf7,2024-10-24,2024-10-26 09:00:00,Support,support_ticket,,,,,,,,,closed,,,low,46,57.0,4.0,False,on_or_after_signup,source_not_identified
T-44cfed,A-592832,2023-12-02,2023-12-04 00:00:00,Support,support_ticket,,,,,,,,,closed,,,high,68,48.0,,False,before_signup,source_not_identified
T-7d169d,A-4a4c2d,2023-06-07,2023-06-08 07:00:00,Support,support_ticket,,,,,,,,,closed,,,medium,121,31.0,,False,on_or_after_signup,source_not_identified
T-1b9875,A-98a59a,2024-09-08,2024-09-10 13:00:00,Support,support_ticket,,,,,,,,,closed,,,low,48,61.0,5.0,False,on_or_after_signup,source_not_identified
T-0ec7ca,A-e4bf56,2024-02-13,2024-02-14 11:00:00,Support,support_ticket,,,,,,,,,closed,,,low,59,35.0,3.0,False,before_signup,source_not_identified
T-22aa61,A-4a4c2d,2023-04-29,2023-05-01 03:00:00,Support,support_ticket,,,,,,,,,closed,,,low,74,51.0,4.0,False,before_signup,source_not_identified
T-ec55d4,A-9c18c4,2023-07-24,2023-07-26 21:00:00,Support,support_ticket,,,,,,,,,closed,,,urgent,67,69.0,5.0,False,before_signup,source_not_identified
T-cee095,A-e08cd3,2023-04-23,2023-04-24 17:00:00,Support,support_ticket,,,,,,,,,closed,,,high,129,41.0,,False,before_signup,source_not_identified
T-45f75a,A-dcc3f1,2024-08-17,2024-08-18 00:00:00,Support,support_ticket,,,,,,,,,closed,,,high,71,24.0,,False,on_or_after_signup,source_not_identified
T-8b2aa1,A-65a46c,2024-03-18,2024-03-19 13:00:00,Support,support_ticket,,,,,,,,,closed,,,medium,118,37.0,,False,on_or_after_signup,source_not_identified
T-a617b9,A-1d5444,2024-06-01,2024-06-03 07:00:00,Support,support_ticket,,,,,,,,,closed,,,high,29,55.0,4.0,False,on_or_after_signup,source_not_identified
T-1850d3,A-0158bb,2024-01-11,2024-01-12 08:00:00,Support,support_ticket,,,,,,,,,closed,,,urgent,50,32.0,3.0,False,before_signup,source_not_identified
T-a1bc5a,A-7c6b6b,2024-06-24,2024-06-26 01:00:00,Support,support_ticket,,,,,,,,,closed,,,low,41,49.0,,False,before_signup,source_not_identified
T-361ccf,A-ce66f8,2024-12-06,2024-12-07 09:00:00,Support,support_ticket,,,,,,,,,closed,,,low,33,33.0,4.0,False,on_or_after_signup,source_not_identified
T-0416e6,A-44dc83,2023-08-31,2023-09-01 11:00:00,Support,support_ticket,,,,,,,,,closed,,,high,120,35.0,5.0,False,before_signup,source_not_identified
T-c1de5f,A-a09355,2023-10-13,2023-10-15 22:00:00,Support,support_ticket,,,,,,,,,closed,,,urgent,28,70.0,,False,before_signup,source_not_identified
T-15233b,A-c62e55,2023-09-24,2023-09-24 15:00:00,Support,support_ticket,,,,,,,,,closed,,,low,8,15.0,,False,on_or_after_signup,source_not_identified
T-2e0ccd,A-3b37d9,2023-09-30,2023-10-01 17:00:00,Support,support_ticket,,,,,,,,,closed,,,low,111,41.0,,False,on_or_after_signup,source_not_identified
T-488392,A-bd4513,2024-12-30,2024-12-30 10:00:00,Support,support_ticket,,,,,,,,,closed,,,high,12,10.0,5.0,False,on_or_after_signup,source_not_identified
T-2be50d,A-3a5ad8,2024-12-26,2024-12-26 14:00:00,Support,support_ticket,,,,,,,,,closed,,,urgent,16,14.0,5.0,False,on_or_after_signup,source_not_identified
T-6ce2af,A-ccabf0,2023-04-22,2023-04-23 11:00:00,Support,support_ticket,,,,,,,,,closed,,,high,156,35.0,4.0,False,before_signup,source_not_identified
T-f1d9e6,A-5a215a,2024-06-10,2024-06-10 18:00:00,Support,support_ticket,,,,,,,,,closed,,,medium,4,18.0,3.0,False,on_or_after_signup,source_not_identified
T-64293a,A-8ae3fc,2024-04-27,2024-04-29 11:00:00,Support,support_ticket,,,,,,,,,closed,,,high,65,59.0,4.0,False,before_signup,source_not_identified
T-9ea26e,A-50bb9f,2023-04-15,2023-04-15 05:00:00,Support,support_ticket,,,,,,,,,closed,,,medium,88,5.0,,False,before_signup,source_not_identified
T-5fbdb4,A-2789e3,2024-01-06,2024-01-06 20:00:00,Support,support_ticket,,,,,,,,,closed,,,medium,116,20.0,4.0,False,before_signup,source_not_identified
T-627615,A-dec005,2023-05-04,2023-05-06 04:00:00,Support,support_ticket,,,,,,,,,closed,,,high,124,52.0,,False,before_signup,source_not_identified
T-7b13df,A-ac85cd,2024-08-01,2024-08-01 23:00:00,Support,support_ticket,,,,,,,,,closed,,,low,35,23.0,,False,on_or_after_signup,source_not_identified
T-3118d4,A-df1e44,2024-11-22,2024-11-24 20:00:00,Support,support_ticket,,,,,,,,,closed,,,high,128,68.0,,False,on_or_after_signup,source_not_identified
T-9ac4b7,A-42b791,2023-04-05,2023-04-07 02:00:00,Support,support_ticket,,,,,,,,,closed,,,medium,20,50.0,,False,before_signup,source_not_identified
T-5d1f63,A-c42f1f,2023-08-16,2023-08-16 03:00:00,Support,support_ticket,,,,,,,,,closed,,,low,11,3.0,3.0,False,before_signup,source_not_identified
T-f81be8,A-503d5a,2024-10-29,2024-10-31 15:00:00,Support,support_ticket,,,,,,,,,closed,,,low,57,63.0,4.0,False,on_or_after_signup,source_not_identified
T-a952c0,A-855a48,2023-04-18,2023-04-20 00:00:00,Support,support_ticket,,,,,,,,,closed,,,high,125,48.0,4.0,False,before_signup,source_not_identified
T-2bafb7,A-7d514c,2024-12-07,2024-12-09 04:00:00,Support,support_ticket,,,,,,,,,closed,,,high,39,52.0,,False,on_or_after_signup,source_not_identified
T-1761af,A-50bb9f,2023-08-02,2023-08-04 15:00:00,Support,support_ticket,,,,,,,,,closed,,,low,29,63.0,4.0,False,before_signup,source_not_identified
T-ca8e8f,A-c608c8,2024-08-16,2024-08-18 10:00:00,Support,support_ticket,,,,,,,,,closed,,,low,93,58.0,,False,on_or_after_signup,source_not_identified
T-38dc90,A-6dee43,2023-02-05,2023-02-08 00:00:00,Support,support_ticket,,,,,,,,,closed,,,high,9,72.0,5.0,False,before_signup,source_not_identified
T-e2a819,A-508199,2024-03-05,2024-03-07 12:00:00,Support,support_ticket,,,,,,,,,closed,,,low,123,60.0,3.0,False,on_or_after_signup,source_not_identified
T-b1654b,A-3c1a3f,2023-11-10,2023-11-12 03:00:00,Support,support_ticket,,,,,,,,,closed,,,high,63,51.0,,False,on_or_after_signup,source_not_identified
T-9d2c2c,A-425e76,2024-03-05,2024-03-07 12:00:00,Support,support_ticket,,,,,,,,,closed,,,medium,50,60.0,,False,on_or_after_signup,source_not_identified
T-759461,A-45ce7a,2023-02-10,2023-02-12 12:00:00,Support,support_ticket,,,,,,,,,closed,,,low,87,60.0,4.0,False,before_signup,source_not_identified
T-a6d9f2,A-4437e4,2024-11-03,2024-11-03 02:00:00,Support,support_ticket,,,,,,,,,closed,,,urgent,168,2.0,,False,on_or_after_signup,source_not_identified
T-88e515,A-1f0ac7,2023-04-09,2023-04-10 20:00:00,Support,support_ticket,,,,,,,,,closed,,,high,174,44.0,,False,before_signup,source_not_identified
T-6af11a,A-4ef964,2023-06-10,2023-06-12 10:00:00,Support,support_ticket,,,,,,,,,closed,,,medium,47,58.0,,False,before_signup,source_not_identified
T-e85a54,A-7dacce,2024-03-16,2024-03-18 12:00:00,Support,support_ticket,,,,,,,,,closed,,,urgent,129,60.0,4.0,False,before_signup,source_not_identified
T-5b2cc5,A-e4bf56,2024-08-01,2024-08-01 07:00:00,Support,support_ticket,,,,,,,,,closed,,,low,169,7.0,,False,before_signup,source_not_identified
T-236dda,A-09316c,2024-06-28,2024-06-30 04:00:00,Support,support_ticket,,,,,,,,,closed,,,high,110,52.0,5.0,True,before_signup,source_not_identified
T-17e9a8,A-296d7c,2023-07-05,2023-07-07 23:00:00,Support,support_ticket,,,,,,,,,closed,,,low,118,71.0,4.0,False,before_signup,source_not_identified
T-0892d2,A-4f18f0,2023-07-04,2023-07-04 04:00:00,Support,support_ticket,,,,,,,,,closed,,,low,80,4.0,3.0,False,before_signup,source_not_identified
T-2099b8,A-d4e0d4,2024-08-18,2024-08-20 05:00:00,Support,support_ticket,,,,,,,,,closed,,,high,119,53.0,3.0,False,before_signup,source_not_identified
T-739439,A-67be94,2024-11-28,2024-11-29 05:00:00,Support,support_ticket,,,,,,,,,closed,,,high,32,29.0,3.0,False,on_or_after_signup,source_not_identified
T-9f3c3d,A-417d2f,2023-05-01,2023-05-02 05:00:00,Support,support_ticket,,,,,,,,,closed,,,low,74,29.0,,False,before_signup,source_not_identified
T-a5d583,A-462d45,2024-01-11,2024-01-12 12:00:00,Support,support_ticket,,,,,,,,,closed,,,high,111,36.0,,False,before_signup,source_not_identified
T-a38b5d,A-fe79a5,2023-12-01,2023-12-02 10:00:00,Support,support_ticket,,,,,,,,,closed,,,low,32,34.0,,False,before_signup,source_not_identified
T-3ff542,A-855a48,2024-07-10,2024-07-12 17:00:00,Support,support_ticket,,,,,,,,,closed,,,low,96,65.0,3.0,False,on_or_after_signup,source_not_identified
T-22582a,A-4ef964,2024-11-25,2024-11-27 17:00:00,Support,support_ticket,,,,,,,,,closed,,,medium,151,65.0,5.0,False,on_or_after_signup,source_not_identified
T-0bea7d,A-5b4ebb,2023-08-03,2023-08-05 05:00:00,Support,support_ticket,,,,,,,,,closed,,,low,31,53.0,4.0,False,before_signup,source_not_identified
T-cc11bd,A-977ca0,2024-11-21,2024-11-23 16:00:00,Support,support_ticket,,,,,,,,,closed,,,urgent,152,64.0,4.0,False,on_or_after_signup,source_not_identified
T-95369a,A-c37601,2023-06-11,2023-06-12 14:00:00,Support,support_ticket,,,,,,,,,closed,,,low,124,38.0,4.0,False,before_signup,source_not_identified
T-7507e8,A-e83938,2023-08-10,2023-08-13 00:00:00,Support,support_ticket,,,,,,,,,closed,,,medium,26,72.0,,False,before_signup,source_not_identified
T-9b3f6c,A-ba6516,2024-12-25,2024-12-25 15:00:00,Support,support_ticket,,,,,,,,,closed,,,medium,44,15.0,4.0,False,on_or_after_signup,source_not_identified
T-f7b50d,A-309e54,2024-01-06,2024-01-06 02:00:00,Support,support_ticket,,,,,,,,,closed,,,urgent,66,2.0,,False,before_signup,source_not_identified
T-9a1a87,A-671f31,2023-07-07,2023-07-08 07:00:00,Support,support_ticket,,,,,,,,,closed,,,high,32,31.0,5.0,False,before_signup,source_not_identified
T-b386f0,A-5a3eb9,2024-04-08,2024-04-08 05:00:00,Support,support_ticket,,,,,,,,,closed,,,medium,129,5.0,,False,on_or_after_signup,source_not_identified
T-19bc1e,A-a45270,2024-02-06,2024-02-08 15:00:00,Support,support_ticket,,,,,,,,,closed,,,high,162,63.0,,False,before_signup,source_not_identified
T-0f97f5,A-7f4db3,2023-05-12,2023-05-12 19:00:00,Support,support_ticket,,,,,,,,,closed,,,low,153,19.0,3.0,False,on_or_after_signup,source_not_identified
T-b91d49,A-fb186e,2024-02-07,2024-02-07 07:00:00,Support,support_ticket,,,,,,,,,closed,,,urgent,107,7.0,3.0,False,before_signup,source_not_identified
T-3b3bad,A-39ddf4,2024-03-13,2024-03-14 03:00:00,Support,support_ticket,,,,,,,,,closed,,,medium,116,27.0,4.0,False,before_signup,source_not_identified
T-499df5,A-625d0b,2023-05-21,2023-05-22 21:00:00,Support,support_ticket,,,,,,,,,closed,,,urgent,31,45.0,,False,before_signup,source_not_identified
T-6dd363,A-40a557,2024-07-05,2024-07-06 18:00:00,Support,support_ticket,,,,,,,,,closed,,,medium,150,42.0,3.0,False,on_or_after_signup,source_not_identified
T-53723b,A-f19409,2023-04-30,2023-04-30 13:00:00,Support,support_ticket,,,,,,,,,closed,,,medium,45,13.0,,False,on_or_after_signup,source_not_identified
T-afc27c,A-684255,2024-07-29,2024-07-29 17:00:00,Support,support_ticket,,,,,,,,,closed,,,low,95,17.0,,True,on_or_after_signup,source_not_identified
T-f01315,A-956988,2024-11-22,2024-11-24 09:00:00,Support,support_ticket,,,,,,,,,closed,,,urgent,153,57.0,3.0,False,before_signup,source_not_identified
T-2184bf,A-4e960a,2023-03-30,2023-03-31 08:00:00,Support,support_ticket,,,,,,,,,closed,,,urgent,15,32.0,3.0,False,before_signup,source_not_identified
T-b23b9f,A-65c341,2023-04-15,2023-04-17 07:00:00,Support,support_ticket,,,,,,,,,closed,,,low,109,55.0,,False,before_signup,source_not_identified
T-3444f4,A-902ef7,2023-11-28,2023-11-30 12:00:00,Support,support_ticket,,,,,,,,,closed,,,urgent,40,60.0,4.0,False,before_signup,source_not_identified
T-7431ee,A-c70870,2023-06-05,2023-06-07 13:00:00,Support,support_ticket,,,,,,,,,closed,,,high,171,61.0,,False,before_signup,source_not_identified
T-935963,A-bcbe98,2024-09-12,2024-09-12 05:00:00,Support,support_ticket,,,,,,,,,closed,,,low,85,5.0,4.0,False,on_or_after_signup,source_not_identified
T-7a95e0,A-0baac2,2023-12-16,2023-12-16 07:00:00,Support,support_ticket,,,,,,,,,closed,,,low,54,7.0,,False,before_signup,source_not_identified
T-eb97d9,A-32fb14,2024-07-22,2024-07-22 21:00:00,Support,support_ticket,,,,,,,,,closed,,,urgent,115,21.0,,False,on_or_after_signup,source_not_identified
T-d6707b,A-7df7a7,2023-04-24,2023-04-26 02:00:00,Support,support_ticket,,,,,,,,,closed,,,high,5,50.0,5.0,False,on_or_after_signup,source_not_identified
T-b7489a,A-71615e,2024-01-12,2024-01-14 01:00:00,Support,support_ticket,,,,,,,,,closed,,,medium,77,49.0,,False,before_signup,source_not_identified
T-06f51b,A-7dacce,2023-01-20,2023-01-21 02:00:00,Support,support_ticket,,,,,,,,,closed,,,high,5,26.0,4.0,False,before_signup,source_not_identified
T-f35250,A-151c9a,2024-05-31,2024-06-01 15:00:00,Support,support_ticket,,,,,,,,,closed,,,high,137,39.0,4.0,False,on_or_after_signup,source_not_identified
T-7dedc0,A-a8d89d,2024-03-26,2024-03-27 05:00:00,Support,support_ticket,,,,,,,,,closed,,,low,146,29.0,5.0,False,on_or_after_signup,source_not_identified
T-c248c0,A-0baac2,2024-06-05,2024-06-07 11:00:00,Support,support_ticket,,,,,,,,,closed,,,high,54,59.0,3.0,False,on_or_after_signup,source_not_identified
T-bd44ab,A-bcf87c,2023-12-19,2023-12-21 08:00:00,Support,support_ticket,,,,,,,,,closed,,,medium,59,56.0,5.0,False,before_signup,source_not_identified
T-060d32,A-854864,2023-03-18,2023-03-20 14:00:00,Support,support_ticket,,,,,,,,,closed,,,high,177,62.0,5.0,False,before_signup,source_not_identified
T-4b7f17,A-354f12,2023-08-13,2023-08-14 23:00:00,Support,support_ticket,,,,,,,,,closed,,,medium,171,47.0,,False,before_signup,source_not_identified
T-8ea29d,A-ee42db,2023-03-30,2023-03-30 14:00:00,Support,support_ticket,,,,,,,,,closed,,,high,164,14.0,,False,before_signup,source_not_identified
T-0217dd,A-484819,2023-02-05,2023-02-05 19:00:00,Support,support_ticket,,,,,,,,,closed,,,urgent,78,19.0,5.0,False,before_signup,source_not_identified
T-8c0ca5,A-cbbe12,2024-02-05,2024-02-06 15:00:00,Support,support_ticket,,,,,,,,,closed,,,high,158,39.0,,False,on_or_after_signup,source_not_identified
T-c15cd8,A-e3bd71,2023-11-24,2023-11-26 06:00:00,Support,support_ticket,,,,,,,,,closed,,,medium,132,54.0,5.0,False,on_or_after_signup,source_not_identified
T-08abd6,A-dfbd31,2023-03-07,2023-03-08 10:00:00,Support,support_ticket,,,,,,,,,closed,,,medium,72,34.0,3.0,False,before_signup,source_not_identified
T-6f6f56,A-fd9422,2024-03-18,2024-03-20 06:00:00,Support,support_ticket,,,,,,,,,closed,,,low,157,54.0,3.0,False,before_signup,source_not_identified
T-4dc394,A-3f9cc0,2023-04-26,2023-04-26 02:00:00,Support,support_ticket,,,,,,,,,closed,,,medium,159,2.0,4.0,False,before_signup,source_not_identified
T-a594a0,A-4bfa33,2023-05-20,2023-05-20 19:00:00,Support,support_ticket,,,,,,,,,closed,,,medium,84,19.0,4.0,False,before_signup,source_not_identified
T-46fbb6,A-69fad4,2023-07-27,2023-07-29 06:00:00,Support,support_ticket,,,,,,,,,closed,,,low,167,54.0,,False,on_or_after_signup,source_not_identified
T-88aac2,A-c9bb3e,2023-12-09,2023-12-10 05:00:00,Support,support_ticket,,,,,,,,,closed,,,urgent,161,29.0,4.0,False,before_signup,source_not_identified
T-65364e,A-5f7781,2024-05-26,2024-05-26 06:00:00,Support,support_ticket,,,,,,,,,closed,,,high,63,6.0,,False,before_signup,source_not_identified
T-fa9585,A-0a282f,2024-10-26,2024-10-26 18:00:00,Support,support_ticket,,,,,,,,,closed,,,medium,144,18.0,4.0,False,on_or_after_signup,source_not_identified
T-0afa9f,A-e08cd3,2023-11-02,2023-11-03 17:00:00,Support,support_ticket,,,,,,,,,closed,,,low,79,41.0,,False,before_signup,source_not_identified
T-88f56c,A-1f7acb,2023-04-22,2023-04-23 13:00:00,Support,support_ticket,,,,,,,,,closed,,,urgent,146,37.0,3.0,False,before_signup,source_not_identified
T-a28b90,A-b30291,2023-05-15,2023-05-15 16:00:00,Support,support_ticket,,,,,,,,,closed,,,urgent,1,16.0,,False,before_signup,source_not_identified
T-c27824,A-54ecc2,2023-02-16,2023-02-16 07:00:00,Support,support_ticket,,,,,,,,,closed,,,low,55,7.0,5.0,False,before_signup,source_not_identified
T-fa10d0,A-0651a4,2023-09-11,2023-09-11 03:00:00,Support,support_ticket,,,,,,,,,closed,,,urgent,18,3.0,,False,before_signup,source_not_identified
T-3b0545,A-c16101,2023-03-10,2023-03-11 00:00:00,Support,support_ticket,,,,,,,,,closed,,,high,168,24.0,,False,before_signup,source_not_identified
T-c67f26,A-e2cd1b,2024-07-03,2024-07-04 03:00:00,Support,support_ticket,,,,,,,,,closed,,,urgent,72,27.0,5.0,False,on_or_after_signup,source_not_identified
T-c779b5,A-50bb9f,2024-08-14,2024-08-15 23:00:00,Support,support_ticket,,,,,,,,,closed,,,urgent,33,47.0,,False,on_or_after_signup,source_not_identified
T-4291f4,A-1ac5e0,2024-05-21,2024-05-22 18:00:00,Support,support_ticket,,,,,,,,,closed,,,high,136,42.0,3.0,False,before_signup,source_not_identified
T-ad61d7,A-271f46,2023-02-09,2023-02-10 12:00:00,Support,support_ticket,,,,,,,,,closed,,,medium,79,36.0,,False,on_or_after_signup,source_not_identified
T-6b1bf1,A-180abf,2024-01-20,2024-01-21 10:00:00,Support,support_ticket,,,,,,,,,closed,,,medium,5,34.0,3.0,False,on_or_after_signup,source_not_identified
T-00183b,A-37f969,2023-09-06,2023-09-06 06:00:00,Support,support_ticket,,,,,,,,,closed,,,medium,5,6.0,4.0,False,before_signup,source_not_identified
T-d37bb3,A-524364,2024-10-25,2024-10-25 19:00:00,Support,support_ticket,,,,,,,,,closed,,,urgent,57,19.0,4.0,False,before_signup,source_not_identified
T-2e3ee5,A-9bfc9f,2024-09-21,2024-09-21 13:00:00,Support,support_ticket,,,,,,,,,closed,,,low,45,13.0,,False,on_or_after_signup,source_not_identified
T-fbe6c4,A-526d93,2023-10-26,2023-10-29 00:00:00,Support,support_ticket,,,,,,,,,closed,,,high,148,72.0,3.0,True,before_signup,source_not_identified
T-1d1488,A-90a8c8,2023-02-01,2023-02-03 11:00:00,Support,support_ticket,,,,,,,,,closed,,,urgent,71,59.0,4.0,False,before_signup,source_not_identified
T-34c636,A-2922b6,2024-11-13,2024-11-13 04:00:00,Support,support_ticket,,,,,,,,,closed,,,high,70,4.0,4.0,False,before_signup,source_not_identified
T-0aacaa,A-671f31,2023-02-02,2023-02-03 02:00:00,Support,support_ticket,,,,,,,,,closed,,,urgent,22,26.0,,False,before_signup,source_not_identified
T-3c9151,A-59f724,2024-12-15,2024-12-16 05:00:00,Support,support_ticket,,,,,,,,,closed,,,urgent,146,29.0,4.0,False,on_or_after_signup,source_not_identified
T-3915f7,A-310452,2024-04-10,2024-04-10 11:00:00,Support,support_ticket,,,,,,,,,closed,,,medium,139,11.0,3.0,False,before_signup,source_not_identified
T-b7fe89,A-bad8c1,2024-04-27,2024-04-28 03:00:00,Support,support_ticket,,,,,,,,,closed,,,high,49,27.0,4.0,False,on_or_after_signup,source_not_identified
T-f47516,A-db5e9e,2024-01-11,2024-01-13 20:00:00,Support,support_ticket,,,,,,,,,closed,,,low,18,68.0,5.0,False,before_signup,source_not_identified
T-12e968,A-de58ca,2023-12-07,2023-12-09 11:00:00,Support,support_ticket,,,,,,,,,closed,,,medium,125,59.0,,False,on_or_after_signup,source_not_identified
T-0037fe,A-e4bf56,2023-05-02,2023-05-02 04:00:00,Support,support_ticket,,,,,,,,,closed,,,urgent,78,4.0,3.0,False,before_signup,source_not_identified
T-01bdb9,A-625d0b,2023-11-20,2023-11-21 19:00:00,Support,support_ticket,,,,,,,,,closed,,,low,34,43.0,3.0,False,before_signup,source_not_identified
T-ee390f,A-410e86,2024-03-18,2024-03-18 22:00:00,Support,support_ticket,,,,,,,,,closed,,,medium,125,22.0,4.0,False,before_signup,source_not_identified
T-8d7ff3,A-eb7fac,2023-09-15,2023-09-15 05:00:00,Support,support_ticket,,,,,,,,,closed,,,urgent,147,5.0,,False,before_signup,source_not_identified
T-2572b1,A-712f1c,2023-11-10,2023-11-11 18:00:00,Support,support_ticket,,,,,,,,,closed,,,urgent,88,42.0,5.0,False,before_signup,source_not_identified
T-45bddf,A-a45270,2024-01-01,2024-01-03 21:00:00,Support,support_ticket,,,,,,,,,closed,,,urgent,120,69.0,,False,before_signup,source_not_identified
T-4537a8,A-7c5768,2024-10-14,2024-10-14 05:00:00,Support,support_ticket,,,,,,,,,closed,,,urgent,150,5.0,3.0,False,on_or_after_signup,source_not_identified
T-6804d9,A-39b19f,2023-04-13,2023-04-15 11:00:00,Support,support_ticket,,,,,,,,,closed,,,high,26,59.0,3.0,False,on_or_after_signup,source_not_identified
T-1df6ee,A-34d880,2024-07-12,2024-07-13 08:00:00,Support,support_ticket,,,,,,,,,closed,,,low,131,32.0,3.0,False,on_or_after_signup,source_not_identified
T-6511fb,A-1e1b80,2023-05-25,2023-05-26 07:00:00,Support,support_ticket,,,,,,,,,closed,,,high,32,31.0,3.0,False,before_signup,source_not_identified
T-7ad7ec,A-d4ac0e,2024-06-28,2024-06-29 04:00:00,Support,support_ticket,,,,,,,,,closed,,,high,53,28.0,,False,on_or_after_signup,source_not_identified
T-1c02f2,A-417d2f,2023-11-18,2023-11-19 20:00:00,Support,support_ticket,,,,,,,,,closed,,,urgent,113,44.0,4.0,False,on_or_after_signup,source_not_identified
T-0374bc,A-f446b6,2023-12-06,2023-12-07 14:00:00,Support,support_ticket,,,,,,,,,closed,,,urgent,53,38.0,3.0,False,on_or_after_signup,source_not_identified
T-5d8f79,A-fb186e,2024-07-28,2024-07-29 11:00:00,Support,support_ticket,,,,,,,,,closed,,,medium,92,35.0,,False,before_signup,source_not_identified
T-cee549,A-b07346,2024-11-12,2024-11-12 05:00:00,Support,support_ticket,,,,,,,,,closed,,,urgent,37,5.0,3.0,False,on_or_after_signup,source_not_identified
T-fe219c,A-2d1036,2023-03-22,2023-03-24 16:00:00,Support,support_ticket,,,,,,,,,closed,,,high,3,64.0,4.0,False,before_signup,source_not_identified
T-2912e9,A-5ed98d,2023-02-13,2023-02-13 14:00:00,Support,support_ticket,,,,,,,,,closed,,,medium,133,14.0,,False,before_signup,source_not_identified
T-c78f8a,A-e4144b,2023-11-04,2023-11-06 14:00:00,Support,support_ticket,,,,,,,,,closed,,,medium,175,62.0,4.0,False,before_signup,source_not_identified
T-429ce0,A-39ddf4,2023-05-31,2023-05-31 01:00:00,Support,support_ticket,,,,,,,,,closed,,,high,17,1.0,5.0,False,before_signup,source_not_identified
T-f72f97,A-de24d5,2024-06-27,2024-06-28 17:00:00,Support,support_ticket,,,,,,,,,closed,,,medium,99,41.0,3.0,False,before_signup,source_not_identified
T-d1723a,A-328bd0,2023-09-04,2023-09-04 08:00:00,Support,support_ticket,,,,,,,,,closed,,,medium,57,8.0,,False,on_or_after_signup,source_not_identified
T-512dec,A-0532a9,2023-12-16,2023-12-17 01:00:00,Support,support_ticket,,,,,,,,,closed,,,medium,127,25.0,,False,before_signup,source_not_identified
T-36b118,A-84ebe4,2023-07-18,2023-07-18 11:00:00,Support,support_ticket,,,,,,,,,closed,,,high,128,11.0,,False,on_or_after_signup,source_not_identified
T-bd85e1,A-3a5ad8,2024-09-02,2024-09-04 17:00:00,Support,support_ticket,,,,,,,,,closed,,,high,22,65.0,4.0,False,on_or_after_signup,source_not_identified
T-089718,A-812c5b,2023-01-06,2023-01-06 13:00:00,Support,support_ticket,,,,,,,,,closed,,,medium,105,13.0,,False,before_signup,source_not_identified
T-4f0baf,A-94d3da,2023-09-13,2023-09-14 03:00:00,Support,support_ticket,,,,,,,,,closed,,,urgent,60,27.0,,False,on_or_after_signup,source_not_identified
T-ced7f6,A-f1f639,2024-09-18,2024-09-18 19:00:00,Support,support_ticket,,,,,,,,,closed,,,low,27,19.0,5.0,False,on_or_after_signup,source_not_identified
T-cfb0cf,A-10b8da,2023-04-18,2023-04-19 09:00:00,Support,support_ticket,,,,,,,,,closed,,,low,77,33.0,3.0,False,before_signup,source_not_identified
T-769e8b,A-35083d,2023-09-24,2023-09-25 09:00:00,Support,support_ticket,,,,,,,,,closed,,,high,176,33.0,5.0,False,on_or_after_signup,source_not_identified
T-f0b00c,A-4437e4,2024-11-16,2024-11-16 18:00:00,Support,support_ticket,,,,,,,,,closed,,,medium,179,18.0,3.0,False,on_or_after_signup,source_not_identified
T-c0657b,A-9289f6,2023-06-12,2023-06-14 02:00:00,Support,support_ticket,,,,,,,,,closed,,,low,155,50.0,,False,on_or_after_signup,source_not_identified
T-4db443,A-08e34e,2024-03-29,2024-03-30 07:00:00,Support,support_ticket,,,,,,,,,closed,,,low,15,31.0,,False,before_signup,source_not_identified
T-19a57f,A-2edab2,2023-10-18,2023-10-20 00:00:00,Support,support_ticket,,,,,,,,,closed,,,low,34,48.0,,False,before_signup,source_not_identified
T-8639ca,A-8e47ca,2023-09-30,2023-10-03 00:00:00,Support,support_ticket,,,,,,,,,closed,,,medium,145,72.0,5.0,True,before_signup,source_not_identified
T-26d259,A-712f1c,2023-10-26,2023-10-28 08:00:00,Support,support_ticket,,,,,,,,,closed,,,low,96,56.0,4.0,False,before_signup,source_not_identified
T-cc9f02,A-5790f4,2024-10-19,2024-10-20 06:00:00,Support,support_ticket,,,,,,,,,closed,,,urgent,80,30.0,,False,before_signup,source_not_identified
T-d3c23c,A-396e5f,2023-08-25,2023-08-25 02:00:00,Support,support_ticket,,,,,,,,,closed,,,low,166,2.0,,False,before_signup,source_not_identified
T-35e9e6,A-b7b7b7,2023-08-12,2023-08-13 17:00:00,Support,support_ticket,,,,,,,,,closed,,,medium,37,41.0,5.0,False,before_signup,source_not_identified
T-36db9a,A-6a7c9d,2023-03-09,2023-03-11 00:00:00,Support,support_ticket,,,,,,,,,closed,,,high,125,48.0,5.0,False,before_signup,source_not_identified
T-9130f4,A-3d957b,2024-03-02,2024-03-03 02:00:00,Support,support_ticket,,,,,,,,,closed,,,high,73,26.0,,False,before_signup,source_not_identified
T-52b693,A-e61e98,2024-02-17,2024-02-18 00:00:00,Support,support_ticket,,,,,,,,,closed,,,high,10,24.0,5.0,False,on_or_after_signup,source_not_identified
T-97f5bb,A-31ab9a,2024-12-25,2024-12-25 21:00:00,Support,support_ticket,,,,,,,,,closed,,,medium,6,21.0,3.0,False,on_or_after_signup,source_not_identified
T-633a99,A-016043,2024-04-13,2024-04-13 12:00:00,Support,support_ticket,,,,,,,,,closed,,,high,63,12.0,,False,before_signup,source_not_identified
T-678cb9,A-463db0,2023-02-08,2023-02-10 18:00:00,Support,support_ticket,,,,,,,,,closed,,,medium,39,66.0,4.0,False,before_signup,source_not_identified
T-a5b987,A-158f4e,2023-01-27,2023-01-27 23:00:00,Support,support_ticket,,,,,,,,,closed,,,high,156,23.0,,False,before_signup,source_not_identified
T-94fe73,A-3a7284,2024-08-16,2024-08-18 19:00:00,Support,support_ticket,,,,,,,,,closed,,,urgent,56,67.0,4.0,False,before_signup,source_not_identified
T-399f72,A-37f969,2023-12-15,2023-12-15 11:00:00,Support,support_ticket,,,,,,,,,closed,,,high,154,11.0,3.0,False,on_or_after_signup,source_not_identified
T-8f66c9,A-c1dfe1,2024-07-08,2024-07-10 17:00:00,Support,support_ticket,,,,,,,,,closed,,,high,110,65.0,,False,on_or_after_signup,source_not_identified
T-ec5618,A-1986ca,2024-09-07,2024-09-09 14:00:00,Support,support_ticket,,,,,,,,,closed,,,low,175,62.0,3.0,False,on_or_after_signup,source_not_identified
T-1160c9,A-afa505,2023-09-24,2023-09-25 13:00:00,Support,support_ticket,,,,,,,,,closed,,,medium,58,37.0,3.0,False,before_signup,source_not_identified
T-512f1f,A-fd9422,2023-12-05,2023-12-06 13:00:00,Support,support_ticket,,,,,,,,,closed,,,high,141,37.0,3.0,False,before_signup,source_not_identified
T-2d97f8,A-4814a3,2024-02-15,2024-02-16 00:00:00,Support,support_ticket,,,,,,,,,closed,,,urgent,20,24.0,4.0,False,before_signup,source_not_identified
T-ce367c,A-533452,2024-07-27,2024-07-27 20:00:00,Support,support_ticket,,,,,,,,,closed,,,urgent,30,20.0,,False,before_signup,source_not_identified
T-10fe26,A-560d27,2023-12-22,2023-12-22 04:00:00,Support,support_ticket,,,,,,,,,closed,,,medium,29,4.0,5.0,False,before_signup,source_not_identified
T-9bb4f6,A-7f4db3,2024-05-20,2024-05-20 08:00:00,Support,support_ticket,,,,,,,,,closed,,,medium,14,8.0,4.0,False,on_or_after_signup,source_not_identified
T-a2dd12,A-18793f,2023-10-01,2023-10-02 09:00:00,Support,support_ticket,,,,,,,,,closed,,,high,168,33.0,4.0,False,before_signup,source_not_identified
T-1742e2,A-7dacce,2024-02-13,2024-02-14 13:00:00,Support,support_ticket,,,,,,,,,closed,,,high,32,37.0,,False,before_signup,source_not_identified
T-a661ac,A-9b9fe9,2023-11-30,2023-12-02 23:00:00,Support,support_ticket,,,,,,,,,closed,,,low,161,71.0,4.0,False,on_or_after_signup,source_not_identified
T-17de9f,A-3932db,2023-12-14,2023-12-15 10:00:00,Support,support_ticket,,,,,,,,,closed,,,medium,46,34.0,,False,on_or_after_signup,source_not_identified
T-b7bd24,A-9f0b68,2023-09-11,2023-09-12 13:00:00,Support,support_ticket,,,,,,,,,closed,,,low,78,37.0,,False,before_signup,source_not_identified
T-04752b,A-9badbd,2023-03-08,2023-03-09 04:00:00,Support,support_ticket,,,,,,,,,closed,,,high,155,28.0,,False,before_signup,source_not_identified
T-90e0e9,A-89ee83,2024-05-14,2024-05-16 03:00:00,Support,support_ticket,,,,,,,,,closed,,,medium,36,51.0,4.0,False,before_signup,source_not_identified
T-77863a,A-e60f9d,2024-01-27,2024-01-29 23:00:00,Support,support_ticket,,,,,,,,,closed,,,urgent,132,71.0,,False,before_signup,source_not_identified
T-eecc2f,A-c9bb3e,2024-12-05,2024-12-05 04:00:00,Support,support_ticket,,,,,,,,,closed,,,high,73,4.0,,False,on_or_after_signup,source_not_identified
T-6014e5,A-e7beab,2023-10-16,2023-10-18 09:00:00,Support,support_ticket,,,,,,,,,closed,,,high,161,57.0,3.0,False,before_signup,source_not_identified
T-0a20f3,A-7f6b86,2023-07-03,2023-07-05 17:00:00,Support,support_ticket,,,,,,,,,closed,,,medium,156,65.0,3.0,False,before_signup,source_not_identified
T-415f6a,A-bd4708,2023-12-03,2023-12-04 05:00:00,Support,support_ticket,,,,,,,,,closed,,,urgent,2,29.0,,False,before_signup,source_not_identified
T-afb450,A-e83938,2024-05-22,2024-05-23 17:00:00,Support,support_ticket,,,,,,,,,closed,,,low,171,41.0,,False,on_or_after_signup,source_not_identified
T-b8b946,A-cc1d8d,2024-04-09,2024-04-11 14:00:00,Support,support_ticket,,,,,,,,,closed,,,medium,126,62.0,,False,before_signup,source_not_identified
T-e771c5,A-0f3e88,2024-07-28,2024-07-30 17:00:00,Support,support_ticket,,,,,,,,,closed,,,low,4,65.0,,False,on_or_after_signup,source_not_identified
T-65eac5,A-b07b56,2023-04-19,2023-04-19 15:00:00,Support,support_ticket,,,,,,,,,closed,,,urgent,104,15.0,,False,before_signup,source_not_identified
T-4ad95c,A-118d55,2024-12-03,2024-12-05 02:00:00,Support,support_ticket,,,,,,,,,closed,,,medium,122,50.0,,False,on_or_after_signup,source_not_identified
T-7bfd11,A-bb1eaa,2024-06-04,2024-06-05 00:00:00,Support,support_ticket,,,,,,,,,closed,,,low,11,24.0,,False,before_signup,source_not_identified
T-55f338,A-cdf020,2023-01-16,2023-01-16 12:00:00,Support,support_ticket,,,,,,,,,closed,,,high,5,12.0,3.0,False,before_signup,source_not_identified
T-30918a,A-c7ffc2,2024-02-28,2024-03-01 17:00:00,Support,support_ticket,,,,,,,,,closed,,,high,29,65.0,3.0,False,on_or_after_signup,source_not_identified
T-035ec1,A-df10db,2024-09-11,2024-09-13 21:00:00,Support,support_ticket,,,,,,,,,closed,,,medium,127,69.0,3.0,False,on_or_after_signup,source_not_identified
T-35cdd0,A-c16101,2024-08-31,2024-08-31 17:00:00,Support,support_ticket,,,,,,,,,closed,,,high,67,17.0,,False,before_signup,source_not_identified
T-43635f,A-de58ca,2024-11-05,2024-11-06 10:00:00,Support,support_ticket,,,,,,,,,closed,,,medium,152,34.0,4.0,False,on_or_after_signup,source_not_identified
T-192ed5,A-3932db,2024-09-22,2024-09-24 13:00:00,Support,support_ticket,,,,,,,,,closed,,,low,74,61.0,,False,on_or_after_signup,source_not_identified
T-890bef,A-39ddf4,2023-01-11,2023-01-11 07:00:00,Support,support_ticket,,,,,,,,,closed,,,high,109,7.0,4.0,False,before_signup,source_not_identified
T-dd8c7f,A-439b2f,2024-01-23,2024-01-24 06:00:00,Support,support_ticket,,,,,,,,,closed,,,urgent,66,30.0,,False,before_signup,source_not_identified
T-c88d4c,A-82d8a6,2024-09-09,2024-09-11 05:00:00,Support,support_ticket,,,,,,,,,closed,,,urgent,163,53.0,4.0,False,before_signup,source_not_identified
T-30e7ba,A-31ab9a,2024-01-17,2024-01-18 23:00:00,Support,support_ticket,,,,,,,,,closed,,,high,58,47.0,,False,before_signup,source_not_identified
T-cfbf16,A-249769,2024-10-12,2024-10-14 15:00:00,Support,support_ticket,,,,,,,,,closed,,,low,13,63.0,5.0,False,on_or_after_signup,source_not_identified
T-ab3873,A-8b0451,2023-01-09,2023-01-09 16:00:00,Support,support_ticket,,,,,,,,,closed,,,urgent,115,16.0,,False,before_signup,source_not_identified
T-db8ee9,A-05f0e5,2024-06-06,2024-06-06 13:00:00,Support,support_ticket,,,,,,,,,closed,,,medium,58,13.0,4.0,False,on_or_after_signup,source_not_identified
T-11a32d,A-94c3cd,2023-11-05,2023-11-07 06:00:00,Support,support_ticket,,,,,,,,,closed,,,urgent,86,54.0,,True,on_or_after_signup,source_not_identified
T-01fc55,A-faa28c,2023-07-25,2023-07-27 22:00:00,Support,support_ticket,,,,,,,,,closed,,,urgent,22,70.0,5.0,False,before_signup,source_not_identified
T-d1168e,A-65a46c,2024-04-09,2024-04-11 03:00:00,Support,support_ticket,,,,,,,,,closed,,,urgent,103,51.0,5.0,False,on_or_after_signup,source_not_identified
T-23bb61,A-756192,2024-06-16,2024-06-17 12:00:00,Support,support_ticket,,,,,,,,,closed,,,low,171,36.0,3.0,False,on_or_after_signup,source_not_identified
T-ac09fb,A-751bd4,2023-09-13,2023-09-13 15:00:00,Support,support_ticket,,,,,,,,,closed,,,high,97,15.0,,False,before_signup,source_not_identified
T-ed8926,A-32728c,2023-03-11,2023-03-12 05:00:00,Support,support_ticket,,,,,,,,,closed,,,medium,72,29.0,4.0,False,on_or_after_signup,source_not_identified
T-675f77,A-af0cd2,2023-08-16,2023-08-18 10:00:00,Support,support_ticket,,,,,,,,,closed,,,low,173,58.0,,False,on_or_after_signup,source_not_identified
T-0134fb,A-c16101,2024-12-08,2024-12-09 10:00:00,Support,support_ticket,,,,,,,,,closed,,,urgent,70,34.0,,True,on_or_after_signup,source_not_identified
T-5cfb64,A-5a92e7,2024-08-15,2024-08-17 21:00:00,Support,support_ticket,,,,,,,,,closed,,,low,136,69.0,,False,on_or_after_signup,source_not_identified
T-27abc5,A-4c56c9,2024-01-06,2024-01-08 02:00:00,Support,support_ticket,,,,,,,,,closed,,,high,61,50.0,3.0,False,on_or_after_signup,source_not_identified
T-0b8b7d,A-3b5cd1,2023-04-18,2023-04-19 00:00:00,Support,support_ticket,,,,,,,,,closed,,,low,53,24.0,,False,before_signup,source_not_identified
T-30849e,A-e51ec7,2023-03-03,2023-03-03 15:00:00,Support,support_ticket,,,,,,,,,closed,,,low,99,15.0,,False,before_signup,source_not_identified
T-5dc1bf,A-86cdb4,2024-03-29,2024-03-30 09:00:00,Support,support_ticket,,,,,,,,,closed,,,urgent,129,33.0,,False,before_signup,source_not_identified
T-0cfcc4,A-69fad4,2024-09-13,2024-09-13 01:00:00,Support,support_ticket,,,,,,,,,closed,,,urgent,164,1.0,4.0,False,on_or_after_signup,source_not_identified
T-1f3e8a,A-f03140,2023-05-08,2023-05-08 12:00:00,Support,support_ticket,,,,,,,,,closed,,,medium,132,12.0,,False,before_signup,source_not_identified
T-4bfec4,A-09316c,2024-11-12,2024-11-13 16:00:00,Support,support_ticket,,,,,,,,,closed,,,low,105,40.0,3.0,False,on_or_after_signup,source_not_identified
T-2fdfe5,A-05d3b3,2024-05-14,2024-05-15 15:00:00,Support,support_ticket,,,,,,,,,closed,,,low,114,39.0,4.0,False,on_or_after_signup,source_not_identified
T-07ff37,A-b54c01,2024-01-07,2024-01-08 18:00:00,Support,support_ticket,,,,,,,,,closed,,,high,106,42.0,,False,before_signup,source_not_identified
T-484790,A-0f6450,2023-12-13,2023-12-14 18:00:00,Support,support_ticket,,,,,,,,,closed,,,urgent,102,42.0,,False,before_signup,source_not_identified
T-37b3f3,A-e40f45,2024-02-26,2024-02-26 21:00:00,Support,support_ticket,,,,,,,,,closed,,,high,132,21.0,5.0,False,before_signup,source_not_identified
T-a96055,A-e43bf7,2024-11-27,2024-11-29 01:00:00,Support,support_ticket,,,,,,,,,closed,,,medium,9,49.0,4.0,False,on_or_after_signup,source_not_identified
T-a1823c,A-50bb9f,2024-08-17,2024-08-19 08:00:00,Support,support_ticket,,,,,,,,,closed,,,urgent,25,56.0,,False,on_or_after_signup,source_not_identified
T-5faeda,A-92a333,2023-06-03,2023-06-03 04:00:00,Support,support_ticket,,,,,,,,,closed,,,high,55,4.0,,False,on_or_after_signup,source_not_identified
T-ac9630,A-13466a,2023-11-11,2023-11-11 05:00:00,Support,support_ticket,,,,,,,,,closed,,,high,130,5.0,5.0,False,on_or_after_signup,source_not_identified
T-d890d5,A-6da850,2023-09-22,2023-09-22 12:00:00,Support,support_ticket,,,,,,,,,closed,,,high,131,12.0,,False,before_signup,source_not_identified
T-37e292,A-ac14bb,2024-06-12,2024-06-13 04:00:00,Support,support_ticket,,,,,,,,,closed,,,low,38,28.0,4.0,False,on_or_after_signup,source_not_identified
T-4c0c16,A-6dee43,2024-07-19,2024-07-21 21:00:00,Support,support_ticket,,,,,,,,,closed,,,urgent,108,69.0,,False,on_or_after_signup,source_not_identified
T-2873de,A-10b8f2,2024-01-31,2024-01-31 12:00:00,Support,support_ticket,,,,,,,,,closed,,,low,59,12.0,3.0,False,on_or_after_signup,source_not_identified
T-b5076f,A-712533,2024-08-07,2024-08-09 19:00:00,Support,support_ticket,,,,,,,,,closed,,,medium,53,67.0,3.0,False,on_or_after_signup,source_not_identified
T-68fee5,A-5ed98d,2024-03-12,2024-03-12 16:00:00,Support,support_ticket,,,,,,,,,closed,,,urgent,114,16.0,,False,before_signup,source_not_identified
T-3329cb,A-592832,2024-04-30,2024-04-30 09:00:00,Support,support_ticket,,,,,,,,,closed,,,low,123,9.0,5.0,False,before_signup,source_not_identified
T-38a3f8,A-5c9849,2023-12-14,2023-12-16 18:00:00,Support,support_ticket,,,,,,,,,closed,,,low,41,66.0,,False,before_signup,source_not_identified
T-f2c439,A-f6b2fb,2023-04-18,2023-04-20 21:00:00,Support,support_ticket,,,,,,,,,closed,,,medium,70,69.0,3.0,False,before_signup,source_not_identified
T-39424e,A-ccc747,2024-08-05,2024-08-05 05:00:00,Support,support_ticket,,,,,,,,,closed,,,medium,137,5.0,,True,on_or_after_signup,source_not_identified
T-856bdd,A-508199,2024-08-17,2024-08-19 00:00:00,Support,support_ticket,,,,,,,,,closed,,,low,52,48.0,,False,on_or_after_signup,source_not_identified
T-c9a926,A-6a4e2d,2024-09-15,2024-09-15 15:00:00,Support,support_ticket,,,,,,,,,closed,,,low,126,15.0,5.0,True,on_or_after_signup,source_not_identified
T-c7f28d,A-ffc04f,2023-08-17,2023-08-17 14:00:00,Support,support_ticket,,,,,,,,,closed,,,low,9,14.0,,True,before_signup,source_not_identified
T-1a8ff8,A-e61e98,2023-04-22,2023-04-22 02:00:00,Support,support_ticket,,,,,,,,,closed,,,low,44,2.0,5.0,True,before_signup,source_not_identified
T-6ff72c,A-241e75,2024-09-02,2024-09-03 02:00:00,Support,support_ticket,,,,,,,,,closed,,,high,178,26.0,5.0,False,on_or_after_signup,source_not_identified
T-ba2219,A-463db0,2023-04-24,2023-04-26 10:00:00,Support,support_ticket,,,,,,,,,closed,,,urgent,179,58.0,,True,before_signup,source_not_identified
T-ab7721,A-22f2df,2023-03-24,2023-03-26 13:00:00,Support,support_ticket,,,,,,,,,closed,,,urgent,19,61.0,,False,before_signup,source_not_identified
T-ae3a16,A-186a44,2024-06-19,2024-06-21 03:00:00,Support,support_ticket,,,,,,,,,closed,,,low,97,51.0,,False,on_or_after_signup,source_not_identified
T-9aee85,A-9ee962,2024-05-26,2024-05-27 15:00:00,Support,support_ticket,,,,,,,,,closed,,,medium,155,39.0,,False,on_or_after_signup,source_not_identified
T-e17f8c,A-ac85cd,2024-02-02,2024-02-02 17:00:00,Support,support_ticket,,,,,,,,,closed,,,low,66,17.0,4.0,False,before_signup,source_not_identified
T-31cd64,A-eb7c38,2023-02-13,2023-02-14 17:00:00,Support,support_ticket,,,,,,,,,closed,,,urgent,33,41.0,4.0,False,before_signup,source_not_identified
T-814d7e,A-313be3,2024-11-09,2024-11-10 15:00:00,Support,support_ticket,,,,,,,,,closed,,,low,141,39.0,5.0,True,on_or_after_signup,source_not_identified
T-984352,A-417d2f,2023-02-15,2023-02-15 10:00:00,Support,support_ticket,,,,,,,,,closed,,,high,129,10.0,4.0,False,before_signup,source_not_identified
T-ad5807,A-443b7c,2023-01-24,2023-01-24 14:00:00,Support,support_ticket,,,,,,,,,closed,,,high,14,14.0,,False,before_signup,source_not_identified
T-7af423,A-149a69,2024-08-28,2024-08-28 09:00:00,Support,support_ticket,,,,,,,,,closed,,,medium,172,9.0,4.0,False,before_signup,source_not_identified
T-162d1f,A-a0ca4e,2023-08-20,2023-08-22 12:00:00,Support,support_ticket,,,,,,,,,closed,,,high,77,60.0,4.0,True,before_signup,source_not_identified
T-b2925a,A-eb7fac,2024-01-15,2024-01-17 23:00:00,Support,support_ticket,,,,,,,,,closed,,,low,172,71.0,,False,on_or_after_signup,source_not_identified
T-e3507b,A-e98302,2023-02-28,2023-02-28 14:00:00,Support,support_ticket,,,,,,,,,closed,,,high,95,14.0,4.0,False,before_signup,source_not_identified
T-88abc2,A-ad64c6,2024-10-13,2024-10-13 12:00:00,Support,support_ticket,,,,,,,,,closed,,,high,159,12.0,,False,on_or_after_signup,source_not_identified
T-b348cc,A-cbd1a3,2023-07-22,2023-07-23 09:00:00,Support,support_ticket,,,,,,,,,closed,,,urgent,145,33.0,4.0,False,before_signup,source_not_identified
T-42f242,A-922109,2024-04-12,2024-04-14 01:00:00,Support,support_ticket,,,,,,,,,closed,,,high,104,49.0,3.0,False,on_or_after_signup,source_not_identified
T-1df364,A-c70870,2024-05-06,2024-05-06 19:00:00,Support,support_ticket,,,,,,,,,closed,,,medium,127,19.0,4.0,False,before_signup,source_not_identified
T-6b8b96,A-d27f50,2023-03-27,2023-03-29 12:00:00,Support,support_ticket,,,,,,,,,closed,,,urgent,101,60.0,3.0,False,before_signup,source_not_identified
T-2fa50a,A-b9f5b1,2023-02-10,2023-02-11 13:00:00,Support,support_ticket,,,,,,,,,closed,,,medium,17,37.0,4.0,False,on_or_after_signup,source_not_identified
T-f4bc90,A-503d5a,2023-04-28,2023-04-28 11:00:00,Support,support_ticket,,,,,,,,,closed,,,high,27,11.0,3.0,False,before_signup,source_not_identified
T-fecc33,A-712f1c,2023-09-07,2023-09-08 07:00:00,Support,support_ticket,,,,,,,,,closed,,,low,121,31.0,3.0,False,before_signup,source_not_identified
T-a2665a,A-cea1f0,2024-10-11,2024-10-12 04:00:00,Support,support_ticket,,,,,,,,,closed,,,urgent,161,28.0,4.0,False,on_or_after_signup,source_not_identified
T-b77fc1,A-558c72,2023-05-10,2023-05-12 18:00:00,Support,support_ticket,,,,,,,,,closed,,,high,83,66.0,,False,before_signup,source_not_identified
T-42c4fb,A-17939a,2023-08-18,2023-08-18 08:00:00,Support,support_ticket,,,,,,,,,closed,,,urgent,50,8.0,,False,before_signup,source_not_identified
T-7a1469,A-503d5a,2024-05-02,2024-05-04 16:00:00,Support,support_ticket,,,,,,,,,closed,,,medium,27,64.0,,False,on_or_after_signup,source_not_identified
T-186d63,A-cbbe12,2024-08-08,2024-08-09 02:00:00,Support,support_ticket,,,,,,,,,closed,,,medium,40,26.0,,False,on_or_after_signup,source_not_identified
T-581c3c,A-4c56c9,2024-10-05,2024-10-06 05:00:00,Support,support_ticket,,,,,,,,,closed,,,high,8,29.0,3.0,False,on_or_after_signup,source_not_identified
T-93e27e,A-8bde0c,2023-08-06,2023-08-08 07:00:00,Support,support_ticket,,,,,,,,,closed,,,high,42,55.0,4.0,False,before_signup,source_not_identified
T-5ac967,A-4814a3,2023-03-08,2023-03-08 12:00:00,Support,support_ticket,,,,,,,,,closed,,,urgent,161,12.0,,False,before_signup,source_not_identified
T-6086c6,A-cd458b,2024-09-08,2024-09-08 02:00:00,Support,support_ticket,,,,,,,,,closed,,,urgent,84,2.0,5.0,False,on_or_after_signup,source_not_identified
T-ca2383,A-81edc3,2024-05-20,2024-05-22 12:00:00,Support,support_ticket,,,,,,,,,closed,,,high,79,60.0,5.0,False,on_or_after_signup,source_not_identified
T-271d67,A-40a557,2024-10-27,2024-10-27 01:00:00,Support,support_ticket,,,,,,,,,closed,,,urgent,1,1.0,,False,on_or_after_signup,source_not_identified
T-2a6f2e,A-cc98bc,2023-03-24,2023-03-24 01:00:00,Support,support_ticket,,,,,,,,,closed,,,low,159,1.0,4.0,False,before_signup,source_not_identified
T-7cab7d,A-c37cab,2024-01-15,2024-01-15 01:00:00,Support,support_ticket,,,,,,,,,closed,,,low,28,1.0,4.0,False,before_signup,source_not_identified
T-1ce30f,A-82d8a6,2024-11-13,2024-11-14 02:00:00,Support,support_ticket,,,,,,,,,closed,,,medium,37,26.0,,False,before_signup,source_not_identified
T-ea65ad,A-8b0451,2024-01-30,2024-01-30 06:00:00,Support,support_ticket,,,,,,,,,closed,,,medium,79,6.0,4.0,False,before_signup,source_not_identified
T-44b8e5,A-de24d5,2024-06-27,2024-06-29 17:00:00,Support,support_ticket,,,,,,,,,closed,,,low,4,65.0,,False,before_signup,source_not_identified
T-0111f8,A-96e141,2024-04-15,2024-04-15 23:00:00,Support,support_ticket,,,,,,,,,closed,,,high,95,23.0,5.0,False,on_or_after_signup,source_not_identified
T-d82e4d,A-f446b6,2023-06-29,2023-07-01 03:00:00,Support,support_ticket,,,,,,,,,closed,,,urgent,120,51.0,,False,on_or_after_signup,source_not_identified
T-e5a027,A-40a557,2024-06-24,2024-06-24 01:00:00,Support,support_ticket,,,,,,,,,closed,,,urgent,44,1.0,,False,on_or_after_signup,source_not_identified
T-b123d2,A-32fb14,2024-09-05,2024-09-05 07:00:00,Support,support_ticket,,,,,,,,,closed,,,low,89,7.0,4.0,False,on_or_after_signup,source_not_identified
T-8a2ad9,A-d922bf,2024-01-23,2024-01-25 23:00:00,Support,support_ticket,,,,,,,,,closed,,,low,125,71.0,,False,on_or_after_signup,source_not_identified
T-46e5ce,A-089363,2024-09-06,2024-09-08 11:00:00,Support,support_ticket,,,,,,,,,closed,,,high,46,59.0,4.0,False,on_or_after_signup,source_not_identified
T-e481c6,A-856b1e,2023-08-01,2023-08-03 03:00:00,Support,support_ticket,,,,,,,,,closed,,,low,22,51.0,,False,before_signup,source_not_identified
T-9d8a29,A-c222ab,2024-07-16,2024-07-17 13:00:00,Support,support_ticket,,,,,,,,,closed,,,urgent,131,37.0,,False,on_or_after_signup,source_not_identified
T-bafc8d,A-c42f1f,2023-11-14,2023-11-14 01:00:00,Support,support_ticket,,,,,,,,,closed,,,high,122,1.0,,True,before_signup,source_not_identified
T-94b674,A-f25509,2023-10-20,2023-10-21 20:00:00,Support,support_ticket,,,,,,,,,closed,,,urgent,78,44.0,,False,before_signup,source_not_identified
T-92101f,A-202b67,2024-02-12,2024-02-13 11:00:00,Support,support_ticket,,,,,,,,,closed,,,high,51,35.0,5.0,False,before_signup,source_not_identified
T-cd3896,A-17939a,2024-05-14,2024-05-15 02:00:00,Support,support_ticket,,,,,,,,,closed,,,high,35,26.0,5.0,False,before_signup,source_not_identified
T-b52677,A-53f4e3,2023-03-11,2023-03-11 06:00:00,Support,support_ticket,,,,,,,,,closed,,,high,138,6.0,3.0,False,before_signup,source_not_identified
T-3ef55f,A-098560,2023-09-02,2023-09-02 01:00:00,Support,support_ticket,,,,,,,,,closed,,,high,174,1.0,3.0,True,before_signup,source_not_identified
T-8b1323,A-2edab2,2024-07-15,2024-07-15 12:00:00,Support,support_ticket,,,,,,,,,closed,,,medium,116,12.0,,False,on_or_after_signup,source_not_identified
T-d2f0e5,A-8b0451,2023-12-27,2023-12-27 20:00:00,Support,support_ticket,,,,,,,,,closed,,,urgent,17,20.0,,False,before_signup,source_not_identified
T-a2f9f7,A-f19b24,2023-11-05,2023-11-07 10:00:00,Support,support_ticket,,,,,,,,,closed,,,medium,75,58.0,4.0,False,on_or_after_signup,source_not_identified
T-d9600d,A-98a59a,2024-12-18,2024-12-19 03:00:00,Support,support_ticket,,,,,,,,,closed,,,urgent,106,27.0,4.0,False,on_or_after_signup,source_not_identified
T-287662,A-a7bd4b,2024-11-07,2024-11-08 16:00:00,Support,support_ticket,,,,,,,,,closed,,,medium,57,40.0,3.0,False,on_or_after_signup,source_not_identified
T-7932c2,A-f17767,2024-01-28,2024-01-28 09:00:00,Support,support_ticket,,,,,,,,,closed,,,urgent,132,9.0,5.0,False,on_or_after_signup,source_not_identified
T-1cf7fa,A-39ddf4,2024-10-14,2024-10-14 12:00:00,Support,support_ticket,,,,,,,,,closed,,,high,21,12.0,4.0,False,before_signup,source_not_identified
T-24d5c4,A-4f18f0,2024-03-20,2024-03-22 08:00:00,Support,support_ticket,,,,,,,,,closed,,,high,79,56.0,4.0,False,before_signup,source_not_identified
T-7d2f68,A-fd7ad3,2024-10-17,2024-10-19 11:00:00,Support,support_ticket,,,,,,,,,closed,,,low,167,59.0,5.0,False,before_signup,source_not_identified
T-d5e980,A-22d9d2,2023-06-21,2023-06-21 18:00:00,Support,support_ticket,,,,,,,,,closed,,,low,137,18.0,4.0,False,before_signup,source_not_identified
T-d80204,A-684255,2024-08-11,2024-08-12 05:00:00,Support,support_ticket,,,,,,,,,closed,,,medium,6,29.0,5.0,False,on_or_after_signup,source_not_identified
T-ae53a2,A-0532a9,2024-01-29,2024-01-31 11:00:00,Support,support_ticket,,,,,,,,,closed,,,low,165,59.0,,False,before_signup,source_not_identified
T-056a79,A-c43359,2024-05-23,2024-05-24 08:00:00,Support,support_ticket,,,,,,,,,closed,,,urgent,103,32.0,,False,before_signup,source_not_identified
T-27e2a5,A-9f9299,2024-09-11,2024-09-13 19:00:00,Support,support_ticket,,,,,,,,,closed,,,low,42,67.0,,False,on_or_after_signup,source_not_identified
T-f73830,A-51ec1b,2024-09-11,2024-09-13 23:00:00,Support,support_ticket,,,,,,,,,closed,,,low,174,71.0,,True,on_or_after_signup,source_not_identified
T-182de8,A-993085,2024-06-07,2024-06-08 07:00:00,Support,support_ticket,,,,,,,,,closed,,,low,108,31.0,,False,on_or_after_signup,source_not_identified
T-cb1b0e,A-a33200,2024-05-12,2024-05-14 08:00:00,Support,support_ticket,,,,,,,,,closed,,,urgent,46,56.0,5.0,False,before_signup,source_not_identified
T-54b828,A-c42f1f,2024-02-27,2024-02-27 22:00:00,Support,support_ticket,,,,,,,,,closed,,,low,150,22.0,5.0,False,before_signup,source_not_identified
T-f0ff14,A-b179bf,2024-11-02,2024-11-02 12:00:00,Support,support_ticket,,,,,,,,,closed,,,urgent,17,12.0,,False,on_or_after_signup,source_not_identified
T-72f058,A-118d55,2023-02-16,2023-02-16 09:00:00,Support,support_ticket,,,,,,,,,closed,,,high,82,9.0,,False,before_signup,source_not_identified
T-ed12da,A-702032,2023-03-30,2023-03-31 12:00:00,Support,support_ticket,,,,,,,,,closed,,,medium,34,36.0,3.0,False,before_signup,source_not_identified
T-b3f296,A-05f0e5,2023-10-04,2023-10-04 11:00:00,Support,support_ticket,,,,,,,,,closed,,,high,91,11.0,4.0,False,on_or_after_signup,source_not_identified
T-2bec1c,A-6dee43,2024-11-07,2024-11-07 15:00:00,Support,support_ticket,,,,,,,,,closed,,,high,51,15.0,,False,on_or_after_signup,source_not_identified
T-22afc4,A-cdf020,2024-04-13,2024-04-14 11:00:00,Support,support_ticket,,,,,,,,,closed,,,urgent,3,35.0,4.0,False,on_or_after_signup,source_not_identified
T-8e58b9,A-cc1d8d,2024-08-06,2024-08-06 03:00:00,Support,support_ticket,,,,,,,,,closed,,,high,106,3.0,4.0,False,before_signup,source_not_identified
T-01387f,A-854864,2024-03-26,2024-03-27 21:00:00,Support,support_ticket,,,,,,,,,closed,,,low,74,45.0,5.0,False,before_signup,source_not_identified
T-9f4e20,A-7a0d69,2024-07-04,2024-07-05 12:00:00,Support,support_ticket,,,,,,,,,closed,,,urgent,83,36.0,,False,on_or_after_signup,source_not_identified
T-374bd7,A-038089,2023-05-14,2023-05-14 17:00:00,Support,support_ticket,,,,,,,,,closed,,,low,36,17.0,,False,before_signup,source_not_identified
T-a65795,A-d77f4c,2023-06-30,2023-06-30 08:00:00,Support,support_ticket,,,,,,,,,closed,,,urgent,82,8.0,5.0,False,before_signup,source_not_identified
T-d552c8,A-94f8c9,2024-02-21,2024-02-21 22:00:00,Support,support_ticket,,,,,,,,,closed,,,urgent,93,22.0,5.0,False,before_signup,source_not_identified
T-c6ebe1,A-331424,2023-03-15,2023-03-15 20:00:00,Support,support_ticket,,,,,,,,,closed,,,medium,154,20.0,,False,before_signup,source_not_identified
T-2f3247,A-716841,2024-04-25,2024-04-25 04:00:00,Support,support_ticket,,,,,,,,,closed,,,low,48,4.0,4.0,False,before_signup,source_not_identified
T-5117fb,A-c7e58b,2023-12-11,2023-12-13 17:00:00,Support,support_ticket,,,,,,,,,closed,,,medium,64,65.0,3.0,False,on_or_after_signup,source_not_identified
T-c1b39d,A-92a333,2024-06-05,2024-06-06 20:00:00,Support,support_ticket,,,,,,,,,closed,,,low,103,44.0,,True,on_or_after_signup,source_not_identified
T-f99a2c,A-4a267b,2023-04-26,2023-04-26 01:00:00,Support,support_ticket,,,,,,,,,closed,,,medium,61,1.0,3.0,False,before_signup,source_not_identified
T-83edca,A-3f9cc0,2024-05-01,2024-05-01 12:00:00,Support,support_ticket,,,,,,,,,closed,,,urgent,99,12.0,5.0,True,before_signup,source_not_identified
T-721dbc,A-53f4e3,2023-10-13,2023-10-13 12:00:00,Support,support_ticket,,,,,,,,,closed,,,urgent,54,12.0,,False,before_signup,source_not_identified
T-592ec1,A-544d0a,2023-05-23,2023-05-24 03:00:00,Support,support_ticket,,,,,,,,,closed,,,low,161,27.0,5.0,False,before_signup,source_not_identified
T-bccf47,A-0b0d6d,2023-05-05,2023-05-05 15:00:00,Support,support_ticket,,,,,,,,,closed,,,high,92,15.0,,False,before_signup,source_not_identified
T-381eff,A-9f9299,2024-12-28,2024-12-29 11:00:00,Support,support_ticket,,,,,,,,,closed,,,low,139,35.0,5.0,False,on_or_after_signup,source_not_identified
T-115c3c,A-95b24a,2024-02-01,2024-02-01 09:00:00,Support,support_ticket,,,,,,,,,closed,,,medium,162,9.0,5.0,False,on_or_after_signup,source_not_identified
T-3d0cfa,A-1e6fc3,2023-04-15,2023-04-15 23:00:00,Support,support_ticket,,,,,,,,,closed,,,urgent,50,23.0,3.0,False,before_signup,source_not_identified
T-ac71c9,A-186a44,2024-01-18,2024-01-18 08:00:00,Support,support_ticket,,,,,,,,,closed,,,high,155,8.0,3.0,False,on_or_after_signup,source_not_identified
T-bf29da,A-0cc442,2024-04-29,2024-05-01 10:00:00,Support,support_ticket,,,,,,,,,closed,,,urgent,110,58.0,3.0,False,before_signup,source_not_identified
T-b3feb3,A-f5641b,2024-09-14,2024-09-16 21:00:00,Support,support_ticket,,,,,,,,,closed,,,high,121,69.0,3.0,True,on_or_after_signup,source_not_identified
T-c6fa3a,A-7c6b6b,2023-06-04,2023-06-06 05:00:00,Support,support_ticket,,,,,,,,,closed,,,low,96,53.0,5.0,False,before_signup,source_not_identified
T-b5fa1f,A-44dc83,2023-10-07,2023-10-07 16:00:00,Support,support_ticket,,,,,,,,,closed,,,medium,57,16.0,,False,before_signup,source_not_identified
T-d51d42,A-ba6516,2023-03-08,2023-03-08 09:00:00,Support,support_ticket,,,,,,,,,closed,,,low,149,9.0,5.0,False,before_signup,source_not_identified
T-ba8b3a,A-d4ac0e,2023-06-18,2023-06-18 22:00:00,Support,support_ticket,,,,,,,,,closed,,,high,40,22.0,4.0,False,before_signup,source_not_identified
T-dba043,A-32fb14,2024-06-17,2024-06-19 14:00:00,Support,support_ticket,,,,,,,,,closed,,,urgent,60,62.0,5.0,False,on_or_after_signup,source_not_identified
T-0bb5ac,A-7920cc,2024-10-21,2024-10-21 13:00:00,Support,support_ticket,,,,,,,,,closed,,,low,9,13.0,,False,on_or_after_signup,source_not_identified
T-cff159,A-180abf,2023-08-15,2023-08-17 17:00:00,Support,support_ticket,,,,,,,,,closed,,,medium,138,65.0,,False,on_or_after_signup,source_not_identified
T-2b5ff8,A-0651a4,2024-09-12,2024-09-14 18:00:00,Support,support_ticket,,,,,,,,,closed,,,high,32,66.0,5.0,False,before_signup,source_not_identified
T-79d436,A-05f0e5,2023-01-25,2023-01-25 20:00:00,Support,support_ticket,,,,,,,,,closed,,,high,177,20.0,4.0,False,before_signup,source_not_identified
T-8da35c,A-7f4db3,2023-03-14,2023-03-14 15:00:00,Support,support_ticket,,,,,,,,,closed,,,urgent,60,15.0,3.0,False,on_or_after_signup,source_not_identified
T-611dd3,A-44dc83,2024-03-02,2024-03-04 11:00:00,Support,support_ticket,,,,,,,,,closed,,,high,169,59.0,5.0,False,before_signup,source_not_identified
T-12a740,A-87aa7b,2024-12-29,2024-12-29 22:00:00,Support,support_ticket,,,,,,,,,closed,,,urgent,147,22.0,,False,on_or_after_signup,source_not_identified
T-9656b4,A-f51f16,2024-07-10,2024-07-12 10:00:00,Support,support_ticket,,,,,,,,,closed,,,urgent,172,58.0,,False,on_or_after_signup,source_not_identified
T-10fc64,A-7f4db3,2024-08-09,2024-08-09 12:00:00,Support,support_ticket,,,,,,,,,closed,,,medium,75,12.0,,False,on_or_after_signup,source_not_identified
T-069c43,A-1986ca,2024-04-08,2024-04-10 02:00:00,Support,support_ticket,,,,,,,,,closed,,,high,53,50.0,3.0,False,on_or_after_signup,source_not_identified
T-263799,A-d4e0d4,2024-02-15,2024-02-16 05:00:00,Support,support_ticket,,,,,,,,,closed,,,medium,6,29.0,,False,before_signup,source_not_identified
T-89a21e,A-b07b56,2024-10-30,2024-11-01 07:00:00,Support,support_ticket,,,,,,,,,closed,,,high,113,55.0,,False,before_signup,source_not_identified
T-0ba1a8,A-f25509,2023-11-05,2023-11-07 06:00:00,Support,support_ticket,,,,,,,,,closed,,,urgent,72,54.0,5.0,False,before_signup,source_not_identified
T-7e4e70,A-20736a,2024-06-08,2024-06-09 23:00:00,Support,support_ticket,,,,,,,,,closed,,,low,26,47.0,5.0,False,on_or_after_signup,source_not_identified
T-20af37,A-faa28c,2024-10-30,2024-11-01 06:00:00,Support,support_ticket,,,,,,,,,closed,,,low,174,54.0,,False,on_or_after_signup,source_not_identified
T-d5f42b,A-18793f,2023-10-11,2023-10-13 18:00:00,Support,support_ticket,,,,,,,,,closed,,,low,81,66.0,3.0,False,before_signup,source_not_identified
T-d895b8,A-ed510f,2023-05-04,2023-05-05 08:00:00,Support,support_ticket,,,,,,,,,closed,,,low,45,32.0,3.0,False,on_or_after_signup,source_not_identified
T-db932a,A-9779ad,2024-10-28,2024-10-28 10:00:00,Support,support_ticket,,,,,,,,,closed,,,urgent,92,10.0,,False,on_or_after_signup,source_not_identified
T-784b41,A-dcc3f1,2023-10-10,2023-10-10 23:00:00,Support,support_ticket,,,,,,,,,closed,,,medium,21,23.0,4.0,False,before_signup,source_not_identified
T-fdf135,A-34ea2f,2023-01-04,2023-01-05 20:00:00,Support,support_ticket,,,,,,,,,closed,,,urgent,65,44.0,4.0,False,before_signup,source_not_identified
T-7905fa,A-55f257,2023-12-10,2023-12-11 19:00:00,Support,support_ticket,,,,,,,,,closed,,,low,175,43.0,,False,before_signup,source_not_identified
T-4a53fe,A-e40f45,2024-07-12,2024-07-14 01:00:00,Support,support_ticket,,,,,,,,,closed,,,low,153,49.0,,False,on_or_after_signup,source_not_identified
T-0238f9,A-443b7c,2024-07-19,2024-07-19 05:00:00,Support,support_ticket,,,,,,,,,closed,,,medium,81,5.0,4.0,False,before_signup,source_not_identified
T-762081,A-068fc6,2023-01-24,2023-01-25 19:00:00,Support,support_ticket,,,,,,,,,closed,,,urgent,118,43.0,5.0,False,before_signup,source_not_identified
T-8e6d12,A-6f50ae,2024-11-14,2024-11-14 01:00:00,Support,support_ticket,,,,,,,,,closed,,,high,83,1.0,4.0,False,on_or_after_signup,source_not_identified
T-fcfcf7,A-89ee83,2024-02-13,2024-02-13 05:00:00,Support,support_ticket,,,,,,,,,closed,,,low,82,5.0,4.0,False,before_signup,source_not_identified
T-fe6445,A-a865bd,2024-06-05,2024-06-05 21:00:00,Support,support_ticket,,,,,,,,,closed,,,urgent,9,21.0,,False,on_or_after_signup,source_not_identified
T-ce0f83,A-296d7c,2024-07-24,2024-07-27 00:00:00,Support,support_ticket,,,,,,,,,closed,,,urgent,68,72.0,3.0,False,on_or_after_signup,source_not_identified
T-5752a2,A-95b24a,2023-07-18,2023-07-19 23:00:00,Support,support_ticket,,,,,,,,,closed,,,urgent,82,47.0,4.0,False,on_or_after_signup,source_not_identified
T-c1ac80,A-342303,2023-10-25,2023-10-27 18:00:00,Support,support_ticket,,,,,,,,,closed,,,high,125,66.0,4.0,False,before_signup,source_not_identified
T-7eaf4c,A-86902e,2024-01-12,2024-01-13 10:00:00,Support,support_ticket,,,,,,,,,closed,,,low,63,34.0,3.0,False,on_or_after_signup,source_not_identified
T-7f775b,A-59f724,2024-01-23,2024-01-23 03:00:00,Support,support_ticket,,,,,,,,,closed,,,high,154,3.0,4.0,False,on_or_after_signup,source_not_identified
T-e11f4e,A-92a333,2023-11-18,2023-11-18 20:00:00,Support,support_ticket,,,,,,,,,closed,,,medium,64,20.0,,False,on_or_after_signup,source_not_identified
T-bbad1e,A-3793ee,2023-11-23,2023-11-25 04:00:00,Support,support_ticket,,,,,,,,,closed,,,low,178,52.0,,False,on_or_after_signup,source_not_identified
T-e0d92c,A-31ab9a,2023-12-27,2023-12-27 23:00:00,Support,support_ticket,,,,,,,,,closed,,,urgent,37,23.0,,False,before_signup,source_not_identified
T-6533ba,A-90a8c8,2024-04-07,2024-04-08 03:00:00,Support,support_ticket,,,,,,,,,closed,,,medium,1,27.0,3.0,False,before_signup,source_not_identified
T-2b3584,A-f9cc74,2024-02-14,2024-02-15 09:00:00,Support,support_ticket,,,,,,,,,closed,,,low,120,33.0,5.0,False,before_signup,source_not_identified
T-9d29d0,A-34ea2f,2023-12-30,2023-12-31 21:00:00,Support,support_ticket,,,,,,,,,closed,,,low,60,45.0,,False,before_signup,source_not_identified
T-c6eb1f,A-2b9d3e,2024-06-24,2024-06-25 19:00:00,Support,support_ticket,,,,,,,,,closed,,,urgent,43,43.0,,False,on_or_after_signup,source_not_identified
T-7f7908,A-78f02b,2023-01-10,2023-01-10 08:00:00,Support,support_ticket,,,,,,,,,closed,,,low,2,8.0,3.0,False,before_signup,source_not_identified
T-508ea0,A-9289f6,2023-10-21,2023-10-21 12:00:00,Support,support_ticket,,,,,,,,,closed,,,high,53,12.0,3.0,False,on_or_after_signup,source_not_identified
T-f402a9,A-e888d1,2023-12-21,2023-12-22 04:00:00,Support,support_ticket,,,,,,,,,closed,,,high,91,28.0,5.0,False,on_or_after_signup,source_not_identified
T-731aca,A-139c3b,2023-12-29,2023-12-29 14:00:00,Support,support_ticket,,,,,,,,,closed,,,high,36,14.0,,False,before_signup,source_not_identified
T-7a57cf,A-0f6450,2023-08-21,2023-08-22 07:00:00,Support,support_ticket,,,,,,,,,closed,,,medium,59,31.0,5.0,False,before_signup,source_not_identified
T-e766b0,A-00bed1,2023-01-14,2023-01-16 18:00:00,Support,support_ticket,,,,,,,,,closed,,,high,98,66.0,,False,before_signup,source_not_identified
T-922d49,A-7f6b86,2024-12-20,2024-12-21 07:00:00,Support,support_ticket,,,,,,,,,closed,,,urgent,114,31.0,4.0,False,on_or_after_signup,source_not_identified
T-c6e82b,A-bc87bc,2024-06-06,2024-06-07 13:00:00,Support,support_ticket,,,,,,,,,closed,,,high,178,37.0,,False,before_signup,source_not_identified
T-fe9f10,A-dbc825,2024-03-17,2024-03-18 16:00:00,Support,support_ticket,,,,,,,,,closed,,,low,81,40.0,,False,on_or_after_signup,source_not_identified
T-e7e186,A-443b7c,2024-02-27,2024-02-29 12:00:00,Support,support_ticket,,,,,,,,,closed,,,urgent,91,60.0,,False,before_signup,source_not_identified
T-d980c3,A-4c38bc,2023-04-14,2023-04-14 11:00:00,Support,support_ticket,,,,,,,,,closed,,,urgent,20,11.0,,False,before_signup,source_not_identified
T-5bc279,A-443b7c,2023-03-22,2023-03-22 23:00:00,Support,support_ticket,,,,,,,,,closed,,,urgent,18,23.0,5.0,False,before_signup,source_not_identified
T-ffb356,A-65c341,2023-10-15,2023-10-16 23:00:00,Support,support_ticket,,,,,,,,,closed,,,high,93,47.0,4.0,False,before_signup,source_not_identified
T-f1c022,A-e4bf56,2023-04-10,2023-04-10 18:00:00,Support,support_ticket,,,,,,,,,closed,,,high,73,18.0,3.0,False,before_signup,source_not_identified
T-71d508,A-9b9fe9,2023-06-15,2023-06-15 22:00:00,Support,support_ticket,,,,,,,,,closed,,,low,180,22.0,5.0,False,before_signup,source_not_identified
T-bf44a3,A-de24d5,2024-11-16,2024-11-17 21:00:00,Support,support_ticket,,,,,,,,,closed,,,high,103,45.0,,False,on_or_after_signup,source_not_identified
T-5da5ab,A-bb3bd4,2024-12-14,2024-12-14 17:00:00,Support,support_ticket,,,,,,,,,closed,,,urgent,153,17.0,3.0,False,on_or_after_signup,source_not_identified
T-0811d4,A-f6b2fb,2023-10-29,2023-10-31 10:00:00,Support,support_ticket,,,,,,,,,closed,,,medium,24,58.0,4.0,False,before_signup,source_not_identified
T-a35ae1,A-80eeb6,2023-01-30,2023-02-01 20:00:00,Support,support_ticket,,,,,,,,,closed,,,high,38,68.0,,False,before_signup,source_not_identified
T-ffdef9,A-1b707d,2023-09-17,2023-09-18 21:00:00,Support,support_ticket,,,,,,,,,closed,,,low,13,45.0,,False,on_or_after_signup,source_not_identified
T-76632d,A-00bed1,2024-05-16,2024-05-17 03:00:00,Support,support_ticket,,,,,,,,,closed,,,high,46,27.0,,False,on_or_after_signup,source_not_identified
T-cbc3ef,A-c4ea60,2023-02-06,2023-02-08 02:00:00,Support,support_ticket,,,,,,,,,closed,,,medium,51,50.0,3.0,False,before_signup,source_not_identified
T-d9d697,A-417d2f,2024-11-06,2024-11-08 22:00:00,Support,support_ticket,,,,,,,,,closed,,,urgent,3,70.0,,False,on_or_after_signup,source_not_identified
T-a9918a,A-b20d99,2023-02-12,2023-02-14 15:00:00,Support,support_ticket,,,,,,,,,closed,,,low,22,63.0,3.0,False,before_signup,source_not_identified
T-e3c91a,A-d3c88e,2023-04-29,2023-05-02 00:00:00,Support,support_ticket,,,,,,,,,closed,,,high,16,72.0,4.0,False,before_signup,source_not_identified
T-91c983,A-dfbd31,2023-05-23,2023-05-23 03:00:00,Support,support_ticket,,,,,,,,,closed,,,high,177,3.0,5.0,False,before_signup,source_not_identified
T-ccf229,A-b2225d,2024-07-10,2024-07-12 12:00:00,Support,support_ticket,,,,,,,,,closed,,,high,24,60.0,,False,on_or_after_signup,source_not_identified
