event_id,account_id,event_date,recorded_event_type,legacy_reactivation_flag,canonical_event_type,reason_code,economic_outcome,mrr_before,mrr_after,seats_before,seats_after,plan_before,plan_after,refund_amount_usd,paid_context_at_event,had_paid_before,next_paid_start_date,reconciliation_status,feedback_text,source_system
C-816288,A-c37cab,2024-10-27,churn_recorded,False,,pricing,unreconciled,,,,,,,4.03,paid_line_active,True,2024-11-26,requires_contract_billing_confirmation,switched to competitor,source_not_identified
C-5a81e7,A-37f969,2024-06-25,churn_recorded,False,,support,unreconciled,,,,,,,96.45,paid_line_active,True,2024-08-22,requires_contract_billing_confirmation,,source_not_identified
C-a174be,A-b07346,2024-11-12,churn_recorded,False,,budget,unreconciled,,,,,,,0.0,paid_line_active,True,2024-11-21,requires_contract_billing_confirmation,missing features,source_not_identified
C-accb39,A-1e50e0,2023-11-01,churn_recorded,False,,budget,unreconciled,,,,,,,54.94,paid_line_active,True,2024-03-02,requires_contract_billing_confirmation,switched to competitor,source_not_identified
C-92f889,A-956988,2024-12-30,churn_recorded,True,,unknown,unreconciled,,,,,,,0.0,paid_line_active,True,,requires_contract_billing_confirmation,too expensive,source_not_identified
C-a8ac26,A-b20d99,2024-03-04,churn_recorded,False,,features,unreconciled,,,,,,,0.0,paid_line_active,True,2024-03-27,requires_contract_billing_confirmation,missing features,source_not_identified
C-2e2966,A-526d93,2024-07-10,churn_recorded,False,,features,unreconciled,,,,,,,34.4,paid_line_active,True,2024-07-28,requires_contract_billing_confirmation,,source_not_identified
C-ee531b,A-751bd4,2024-09-22,churn_recorded,False,,budget,unreconciled,,,,,,,0.0,paid_line_active,True,,requires_contract_billing_confirmation,,source_not_identified
C-e6a0f0,A-ccabf0,2024-10-31,churn_recorded,False,,features,unreconciled,,,,,,,0.0,paid_line_active,True,,requires_contract_billing_confirmation,too expensive,source_not_identified
C-9328ba,A-0a62f5,2024-10-10,churn_recorded,False,,features,unreconciled,,,,,,,0.0,paid_line_active,True,2024-10-23,requires_contract_billing_confirmation,switched to competitor,source_not_identified
C-c89493,A-3ce5b8,2024-09-18,churn_recorded,False,,features,unreconciled,,,,,,,261.49,paid_line_active,True,2024-09-30,requires_contract_billing_confirmation,too expensive,source_not_identified
C-c54ef0,A-3b5cd1,2024-08-30,churn_recorded,False,,unknown,unreconciled,,,,,,,77.87,paid_line_active,True,2024-11-24,requires_contract_billing_confirmation,missing features,source_not_identified
C-bb3556,A-bcf664,2024-08-08,churn_recorded,False,,competitor,unreconciled,,,,,,,0.0,paid_line_active,True,2024-08-22,requires_contract_billing_confirmation,,source_not_identified
C-875dc5,A-b9f5b1,2023-07-21,churn_recorded,False,,features,unreconciled,,,,,,,0.0,before_first_paid,False,2024-06-23,requires_contract_billing_confirmation,switched to competitor,source_not_identified
C-c8f7b4,A-0dbdc6,2024-04-14,churn_recorded,False,,pricing,unreconciled,,,,,,,175.02,paid_line_active,True,2024-04-24,requires_contract_billing_confirmation,too expensive,source_not_identified
C-865f19,A-c9bb3e,2024-07-29,churn_recorded,False,,pricing,unreconciled,,,,,,,0.0,paid_line_active,True,2024-08-13,requires_contract_billing_confirmation,switched to competitor,source_not_identified
C-102614,A-96e141,2024-07-22,churn_recorded,False,,budget,unreconciled,,,,,,,43.53,paid_line_active,True,2024-08-05,requires_contract_billing_confirmation,too expensive,source_not_identified
C-4ab0e2,A-e7a1e2,2024-09-08,churn_recorded,False,,support,unreconciled,,,,,,,0.0,paid_line_active,True,2024-10-07,requires_contract_billing_confirmation,missing features,source_not_identified
C-742a59,A-812c5b,2024-05-11,churn_recorded,False,,support,unreconciled,,,,,,,11.83,before_first_paid,False,2024-05-19,requires_contract_billing_confirmation,missing features,source_not_identified
C-1f9cf2,A-1e50e0,2024-04-26,churn_recorded,False,,pricing,unreconciled,,,,,,,0.0,paid_line_active,True,2024-05-04,requires_contract_billing_confirmation,switched to competitor,source_not_identified
C-5d5a64,A-c70870,2024-12-13,churn_recorded,False,,competitor,unreconciled,,,,,,,0.0,paid_line_active,True,2024-12-29,requires_contract_billing_confirmation,switched to competitor,source_not_identified
C-f81017,A-271f46,2024-08-09,churn_recorded,True,,features,unreconciled,,,,,,,0.0,paid_line_active,True,2024-10-31,requires_contract_billing_confirmation,missing features,source_not_identified
C-3292be,A-592832,2024-10-04,churn_recorded,False,,support,unreconciled,,,,,,,22.66,paid_line_active,True,2024-10-09,requires_contract_billing_confirmation,switched to competitor,source_not_identified
C-e582ea,A-180abf,2023-12-04,churn_recorded,False,,support,unreconciled,,,,,,,0.0,previously_paid_no_active_line,True,2024-02-19,requires_contract_billing_confirmation,,source_not_identified
C-100b97,A-0a282f,2024-10-06,churn_recorded,False,,features,unreconciled,,,,,,,0.0,paid_line_active,True,2024-10-07,requires_contract_billing_confirmation,switched to competitor,source_not_identified
C-8843d4,A-e51ec7,2024-01-29,churn_recorded,False,,support,unreconciled,,,,,,,0.0,paid_line_active,True,2024-04-18,requires_contract_billing_confirmation,missing features,source_not_identified
C-8b3048,A-034368,2024-08-29,churn_recorded,False,,features,unreconciled,,,,,,,0.0,paid_line_active,True,2024-10-14,requires_contract_billing_confirmation,,source_not_identified
C-48f456,A-8bde0c,2024-11-28,churn_recorded,False,,features,unreconciled,,,,,,,0.0,paid_line_active,True,2024-12-12,requires_contract_billing_confirmation,missing features,source_not_identified
C-dcdebc,A-08e34e,2024-07-13,churn_recorded,False,,competitor,unreconciled,,,,,,,225.18,paid_line_active,True,2024-08-07,requires_contract_billing_confirmation,switched to competitor,source_not_identified
C-8b229b,A-44dc83,2024-11-29,churn_recorded,False,,unknown,unreconciled,,,,,,,98.48,paid_line_active,True,,requires_contract_billing_confirmation,missing features,source_not_identified
C-7d13bf,A-78f02b,2024-12-02,churn_recorded,False,,unknown,unreconciled,,,,,,,0.0,paid_line_active,True,2024-12-06,requires_contract_billing_confirmation,missing features,source_not_identified
C-78a2bb,A-fce879,2024-12-03,churn_recorded,False,,features,unreconciled,,,,,,,0.0,paid_line_active,True,2024-12-13,requires_contract_billing_confirmation,switched to competitor,source_not_identified
C-935f48,A-34ea2f,2024-10-05,churn_recorded,False,,unknown,unreconciled,,,,,,,0.0,paid_line_active,True,2024-10-10,requires_contract_billing_confirmation,,source_not_identified
C-366a49,A-0baac2,2024-12-24,churn_recorded,False,,unknown,unreconciled,,,,,,,68.65,paid_line_active,True,,requires_contract_billing_confirmation,switched to competitor,source_not_identified
C-62e7a3,A-ac85cd,2024-10-20,churn_recorded,False,,features,unreconciled,,,,,,,83.94,paid_line_active,True,2024-11-09,requires_contract_billing_confirmation,,source_not_identified
C-f3aca2,A-439b2f,2024-11-18,churn_recorded,False,,features,unreconciled,,,,,,,0.0,paid_line_active,True,2024-12-27,requires_contract_billing_confirmation,switched to competitor,source_not_identified
C-3b7c60,A-0f6450,2024-12-29,churn_recorded,False,,competitor,unreconciled,,,,,,,0.0,paid_line_active,True,2024-12-30,requires_contract_billing_confirmation,missing features,source_not_identified
C-736efa,A-b78bf8,2024-12-06,churn_recorded,False,,unknown,unreconciled,,,,,,,0.0,paid_line_active,True,2024-12-08,requires_contract_billing_confirmation,,source_not_identified
C-f6e873,A-3b5cd1,2024-07-24,churn_recorded,False,,support,unreconciled,,,,,,,35.3,paid_line_active,True,2024-11-24,requires_contract_billing_confirmation,too expensive,source_not_identified
C-2e2a3f,A-7df7a7,2024-07-10,churn_recorded,False,,budget,unreconciled,,,,,,,0.0,paid_line_active,True,2024-11-04,requires_contract_billing_confirmation,missing features,source_not_identified
C-762dd4,A-396e5f,2024-11-30,churn_recorded,False,,features,unreconciled,,,,,,,0.0,paid_line_active,True,2024-12-02,requires_contract_billing_confirmation,too expensive,source_not_identified
C-f72425,A-32fb14,2023-08-19,churn_recorded,False,,budget,unreconciled,,,,,,,0.0,before_first_paid,False,2023-09-12,requires_contract_billing_confirmation,switched to competitor,source_not_identified
C-0e273d,A-4e0e85,2024-03-14,churn_recorded,False,,pricing,unreconciled,,,,,,,0.0,paid_line_active,True,2024-04-10,requires_contract_billing_confirmation,,source_not_identified
C-345bbc,A-922109,2024-08-03,churn_recorded,False,,support,unreconciled,,,,,,,0.0,paid_line_active,True,2024-09-27,requires_contract_billing_confirmation,too expensive,source_not_identified
C-555f55,A-794a0b,2024-09-09,churn_recorded,False,,budget,unreconciled,,,,,,,0.0,paid_line_active,True,,requires_contract_billing_confirmation,switched to competitor,source_not_identified
C-a26ce8,A-5a184f,2024-03-19,churn_recorded,False,,support,unreconciled,,,,,,,0.0,paid_line_active,True,2024-04-14,requires_contract_billing_confirmation,missing features,source_not_identified
C-86a446,A-ccb686,2024-06-22,churn_recorded,False,,budget,unreconciled,,,,,,,0.0,paid_line_active,True,2024-08-16,requires_contract_billing_confirmation,,source_not_identified
C-10ce15,A-029f69,2024-12-14,churn_recorded,False,,competitor,unreconciled,,,,,,,32.73,paid_line_active,True,2024-12-31,requires_contract_billing_confirmation,too expensive,source_not_identified
C-2698c2,A-9208f0,2023-11-18,churn_recorded,False,,features,unreconciled,,,,,,,0.0,paid_line_active,True,,requires_contract_billing_confirmation,switched to competitor,source_not_identified
C-48906a,A-5a92e7,2024-11-11,churn_recorded,False,,budget,unreconciled,,,,,,,0.0,paid_line_active,True,2024-12-03,requires_contract_billing_confirmation,missing features,source_not_identified
C-4f7342,A-f45426,2024-11-13,churn_recorded,False,,pricing,unreconciled,,,,,,,0.0,paid_line_active,True,2024-11-22,requires_contract_billing_confirmation,switched to competitor,source_not_identified
C-23b1d0,A-2446e3,2024-07-29,churn_recorded,False,,unknown,unreconciled,,,,,,,47.06,paid_line_active,True,2024-09-16,requires_contract_billing_confirmation,,source_not_identified
C-7f909a,A-d535f6,2024-11-26,churn_recorded,False,,features,unreconciled,,,,,,,0.0,paid_line_active,True,2024-12-11,requires_contract_billing_confirmation,switched to competitor,source_not_identified
C-f208d4,A-6da850,2024-10-25,churn_recorded,False,,competitor,unreconciled,,,,,,,0.0,paid_line_active,True,2024-11-10,requires_contract_billing_confirmation,missing features,source_not_identified
C-acbc2b,A-249769,2024-12-16,churn_recorded,False,,budget,unreconciled,,,,,,,0.0,paid_line_active,True,,requires_contract_billing_confirmation,,source_not_identified
C-859615,A-8e47ca,2024-06-01,churn_recorded,False,,competitor,unreconciled,,,,,,,0.0,paid_line_active,True,2024-07-21,requires_contract_billing_confirmation,missing features,source_not_identified
C-035985,A-6da850,2024-01-15,churn_recorded,False,,pricing,unreconciled,,,,,,,0.0,paid_line_active,True,2024-01-17,requires_contract_billing_confirmation,too expensive,source_not_identified
C-7cace4,A-484819,2023-12-29,churn_recorded,False,,support,unreconciled,,,,,,,0.0,paid_line_active,True,2024-01-01,requires_contract_billing_confirmation,,source_not_identified
C-06a2e6,A-bbc346,2024-10-31,churn_recorded,False,,competitor,unreconciled,,,,,,,0.0,paid_line_active,True,2024-11-24,requires_contract_billing_confirmation,too expensive,source_not_identified
C-eb9d5e,A-eb1312,2024-09-28,churn_recorded,False,,unknown,unreconciled,,,,,,,0.0,paid_line_active,True,2024-10-08,requires_contract_billing_confirmation,switched to competitor,source_not_identified
C-a45909,A-bf7919,2024-12-06,churn_recorded,False,,support,unreconciled,,,,,,,0.0,before_first_paid,False,2024-12-07,requires_contract_billing_confirmation,,source_not_identified
C-7f85f4,A-bece89,2024-07-27,churn_recorded,False,,unknown,unreconciled,,,,,,,53.61,paid_line_active,True,2024-10-18,requires_contract_billing_confirmation,switched to competitor,source_not_identified
C-234aa7,A-832ec2,2023-12-19,churn_recorded,False,,unknown,unreconciled,,,,,,,0.0,before_first_paid,False,2024-02-02,requires_contract_billing_confirmation,too expensive,source_not_identified
C-0ba0a0,A-22d9d2,2024-10-17,churn_recorded,False,,pricing,unreconciled,,,,,,,0.0,paid_line_active,True,2024-10-24,requires_contract_billing_confirmation,,source_not_identified
C-d05e42,A-32728c,2024-06-22,churn_recorded,False,,support,unreconciled,,,,,,,0.0,paid_line_active,True,2024-09-17,requires_contract_billing_confirmation,,source_not_identified
C-8d3540,A-37f969,2024-12-12,churn_recorded,False,,competitor,unreconciled,,,,,,,50.41,paid_line_active,True,,requires_contract_billing_confirmation,,source_not_identified
C-bedd8c,A-1b9609,2024-11-16,churn_recorded,False,,unknown,unreconciled,,,,,,,0.0,paid_line_active,True,,requires_contract_billing_confirmation,,source_not_identified
C-1cea52,A-310452,2024-12-25,churn_recorded,False,,budget,unreconciled,,,,,,,0.0,before_first_paid,False,2024-12-26,requires_contract_billing_confirmation,,source_not_identified
C-1e0b1a,A-016043,2024-08-11,churn_recorded,False,,competitor,unreconciled,,,,,,,84.75,paid_line_active,True,2024-09-11,requires_contract_billing_confirmation,switched to competitor,source_not_identified
C-c4e7a7,A-80eeb6,2023-10-19,churn_recorded,False,,features,unreconciled,,,,,,,0.0,paid_line_active,True,2023-10-22,requires_contract_billing_confirmation,missing features,source_not_identified
C-915973,A-7e0a10,2024-09-26,churn_recorded,False,,budget,unreconciled,,,,,,,0.0,paid_line_active,True,2024-12-30,requires_contract_billing_confirmation,missing features,source_not_identified
C-a403fc,A-6a7c9d,2024-11-21,churn_recorded,False,,support,unreconciled,,,,,,,0.0,paid_line_active,True,2024-11-29,requires_contract_billing_confirmation,too expensive,source_not_identified
C-025044,A-098560,2024-09-04,churn_recorded,False,,pricing,unreconciled,,,,,,,0.0,paid_line_active,True,2024-09-05,requires_contract_billing_confirmation,too expensive,source_not_identified
C-a54597,A-9f9299,2024-03-24,churn_recorded,False,,features,unreconciled,,,,,,,0.0,paid_line_active,True,2024-04-04,requires_contract_billing_confirmation,missing features,source_not_identified
C-7ab794,A-ef84cf,2024-11-20,churn_recorded,False,,support,unreconciled,,,,,,,0.0,paid_line_active,True,,requires_contract_billing_confirmation,too expensive,source_not_identified
C-7cd070,A-13466a,2024-04-18,churn_recorded,True,,pricing,unreconciled,,,,,,,6.51,paid_line_active,True,2024-05-23,requires_contract_billing_confirmation,switched to competitor,source_not_identified
C-1727c8,A-65aeb5,2024-02-27,churn_recorded,False,,pricing,unreconciled,,,,,,,0.0,paid_line_active,True,2024-03-22,requires_contract_billing_confirmation,,source_not_identified
C-bb9db4,A-659280,2024-11-22,churn_recorded,False,,pricing,unreconciled,,,,,,,27.75,paid_line_active,True,,requires_contract_billing_confirmation,switched to competitor,source_not_identified
C-0a0bf7,A-d49cc5,2024-04-12,churn_recorded,False,,competitor,unreconciled,,,,,,,0.0,paid_line_active,True,2024-05-10,requires_contract_billing_confirmation,missing features,source_not_identified
C-64ba8a,A-cc8c8f,2024-09-12,churn_recorded,False,,budget,unreconciled,,,,,,,0.0,paid_line_active,True,2024-10-07,requires_contract_billing_confirmation,missing features,source_not_identified
C-fab429,A-180abf,2024-09-12,churn_recorded,False,,support,unreconciled,,,,,,,0.0,paid_line_active,True,2024-11-09,requires_contract_billing_confirmation,,source_not_identified
C-872bcf,A-6da850,2024-09-07,churn_recorded,False,,budget,unreconciled,,,,,,,0.0,paid_line_active,True,2024-10-09,requires_contract_billing_confirmation,switched to competitor,source_not_identified
C-480232,A-31ab9a,2024-09-23,churn_recorded,True,,competitor,unreconciled,,,,,,,0.0,paid_line_active,True,2024-10-26,requires_contract_billing_confirmation,too expensive,source_not_identified
C-108b2a,A-e08cd3,2024-09-21,churn_recorded,False,,competitor,unreconciled,,,,,,,0.0,before_first_paid,False,2024-09-30,requires_contract_billing_confirmation,switched to competitor,source_not_identified
C-775d4e,A-0651a4,2024-12-25,churn_recorded,False,,support,unreconciled,,,,,,,0.0,paid_line_active,True,,requires_contract_billing_confirmation,too expensive,source_not_identified
C-043665,A-b2225d,2024-06-27,churn_recorded,True,,budget,unreconciled,,,,,,,0.0,paid_line_active,True,2024-08-04,requires_contract_billing_confirmation,,source_not_identified
C-2dbe71,A-c222ab,2024-06-14,churn_recorded,False,,budget,unreconciled,,,,,,,4.52,before_first_paid,False,2024-08-24,requires_contract_billing_confirmation,too expensive,source_not_identified
C-b60cf0,A-a6d261,2024-03-10,churn_recorded,False,,unknown,unreconciled,,,,,,,99.94,paid_line_active,True,2024-04-26,requires_contract_billing_confirmation,missing features,source_not_identified
C-f24343,A-425e76,2023-09-03,churn_recorded,True,,budget,unreconciled,,,,,,,0.0,paid_line_active,True,2023-11-18,requires_contract_billing_confirmation,missing features,source_not_identified
C-a1d45c,A-c222ab,2024-06-10,churn_recorded,False,,features,unreconciled,,,,,,,27.62,before_first_paid,False,2024-08-24,requires_contract_billing_confirmation,missing features,source_not_identified
C-9d36da,A-bcf664,2024-08-17,churn_recorded,True,,competitor,unreconciled,,,,,,,0.0,paid_line_active,True,2024-08-22,requires_contract_billing_confirmation,,source_not_identified
C-b4b58e,A-96e141,2024-09-22,churn_recorded,False,,budget,unreconciled,,,,,,,0.0,paid_line_active,True,,requires_contract_billing_confirmation,too expensive,source_not_identified
C-5cd282,A-df1e44,2024-11-20,churn_recorded,False,,budget,unreconciled,,,,,,,0.0,paid_line_active,True,2024-12-17,requires_contract_billing_confirmation,missing features,source_not_identified
C-95f56e,A-7f29a7,2024-10-09,churn_recorded,False,,unknown,unreconciled,,,,,,,23.97,paid_line_active,True,2024-10-14,requires_contract_billing_confirmation,switched to competitor,source_not_identified
C-bd5b55,A-b07b56,2024-12-24,churn_recorded,False,,budget,unreconciled,,,,,,,0.0,paid_line_active,True,,requires_contract_billing_confirmation,switched to competitor,source_not_identified
C-b8127e,A-d792a6,2024-08-13,churn_recorded,False,,support,unreconciled,,,,,,,0.0,paid_line_active,True,2024-10-17,requires_contract_billing_confirmation,missing features,source_not_identified
C-8153b7,A-7cfe77,2024-12-19,churn_recorded,False,,features,unreconciled,,,,,,,0.0,paid_line_active,True,,requires_contract_billing_confirmation,missing features,source_not_identified
C-b6b828,A-69fad4,2024-06-17,churn_recorded,False,,support,unreconciled,,,,,,,0.0,paid_line_active,True,,requires_contract_billing_confirmation,,source_not_identified
C-a666a4,A-4bfa33,2024-12-28,churn_recorded,False,,unknown,unreconciled,,,,,,,7.26,paid_line_active,True,,requires_contract_billing_confirmation,switched to competitor,source_not_identified
C-72d074,A-cc1d8d,2024-12-17,churn_recorded,False,,features,unreconciled,,,,,,,0.0,paid_line_active,True,2024-12-20,requires_contract_billing_confirmation,too expensive,source_not_identified
C-ced436,A-7f4db3,2023-03-21,churn_recorded,False,,support,unreconciled,,,,,,,0.0,paid_line_active,True,2023-03-28,requires_contract_billing_confirmation,missing features,source_not_identified
C-2cccb0,A-692f18,2024-12-23,churn_recorded,False,,support,unreconciled,,,,,,,0.0,paid_line_active,True,,requires_contract_billing_confirmation,switched to competitor,source_not_identified
C-b08dda,A-7a0d69,2024-07-09,churn_recorded,False,,features,unreconciled,,,,,,,28.95,before_first_paid,False,2024-08-20,requires_contract_billing_confirmation,,source_not_identified
C-66d447,A-fda07f,2024-09-13,churn_recorded,False,,support,unreconciled,,,,,,,17.34,paid_line_active,True,2024-09-14,requires_contract_billing_confirmation,missing features,source_not_identified
C-860574,A-4e44e8,2024-10-11,churn_recorded,True,,budget,unreconciled,,,,,,,0.0,paid_line_active,True,2024-10-16,requires_contract_billing_confirmation,switched to competitor,source_not_identified
C-a4f797,A-cd458b,2024-11-07,churn_recorded,False,,budget,unreconciled,,,,,,,0.0,paid_line_active,True,2024-12-06,requires_contract_billing_confirmation,switched to competitor,source_not_identified
C-4dfeb8,A-56962b,2024-07-27,churn_recorded,False,,unknown,unreconciled,,,,,,,45.83,before_first_paid,False,2024-08-28,requires_contract_billing_confirmation,switched to competitor,source_not_identified
C-d3449f,A-2bc93d,2023-08-10,churn_recorded,False,,pricing,unreconciled,,,,,,,0.0,paid_line_active,True,2023-11-24,requires_contract_billing_confirmation,missing features,source_not_identified
C-1a5a14,A-104f1a,2024-09-06,churn_recorded,False,,support,unreconciled,,,,,,,0.0,paid_line_active,True,2024-10-11,requires_contract_billing_confirmation,too expensive,source_not_identified
C-6c63bc,A-2e3bad,2024-03-30,churn_recorded,False,,features,unreconciled,,,,,,,0.0,paid_line_active,True,2024-04-03,requires_contract_billing_confirmation,missing features,source_not_identified
C-1f5828,A-2edab2,2023-12-21,churn_recorded,False,,unknown,unreconciled,,,,,,,168.73,paid_line_active,True,2024-03-05,requires_contract_billing_confirmation,switched to competitor,source_not_identified
C-8203f3,A-3be56b,2024-06-20,churn_recorded,False,,pricing,unreconciled,,,,,,,0.0,paid_line_active,True,2024-08-21,requires_contract_billing_confirmation,switched to competitor,source_not_identified
C-f518d9,A-6e08f3,2024-02-10,churn_recorded,True,,competitor,unreconciled,,,,,,,0.0,before_first_paid,False,2024-02-16,requires_contract_billing_confirmation,,source_not_identified
C-974322,A-712533,2024-07-18,churn_recorded,False,,unknown,unreconciled,,,,,,,0.0,paid_line_active,True,2024-10-01,requires_contract_billing_confirmation,missing features,source_not_identified
C-6b610a,A-df10db,2024-07-12,churn_recorded,False,,competitor,unreconciled,,,,,,,0.0,paid_line_active,True,2024-09-08,requires_contract_billing_confirmation,missing features,source_not_identified
C-61ced5,A-acb7f7,2024-03-21,churn_recorded,False,,competitor,unreconciled,,,,,,,0.0,paid_line_active,True,2024-03-24,requires_contract_billing_confirmation,missing features,source_not_identified
C-bb8317,A-533452,2024-11-19,churn_recorded,False,,features,unreconciled,,,,,,,0.0,before_first_paid,False,2024-11-21,requires_contract_billing_confirmation,,source_not_identified
C-576ecc,A-993085,2024-01-21,churn_recorded,False,,features,unreconciled,,,,,,,0.0,paid_line_active,True,2024-06-28,requires_contract_billing_confirmation,,source_not_identified
C-2608a3,A-bf7919,2024-12-17,churn_recorded,False,,features,unreconciled,,,,,,,0.0,paid_line_active,True,2024-12-21,requires_contract_billing_confirmation,too expensive,source_not_identified
C-30462f,A-bb1486,2024-11-21,churn_recorded,False,,budget,unreconciled,,,,,,,0.0,paid_line_active,True,2024-11-23,requires_contract_billing_confirmation,switched to competitor,source_not_identified
C-bc6f48,A-eafc6e,2023-07-31,churn_recorded,False,,pricing,unreconciled,,,,,,,0.0,before_first_paid,False,2023-08-08,requires_contract_billing_confirmation,,source_not_identified
C-8052a7,A-faa28c,2024-08-20,churn_recorded,False,,features,unreconciled,,,,,,,0.0,paid_line_active,True,2024-09-11,requires_contract_billing_confirmation,,source_not_identified
C-3b399f,A-7dacce,2024-12-08,churn_recorded,False,,features,unreconciled,,,,,,,0.0,paid_line_active,True,,requires_contract_billing_confirmation,,source_not_identified
C-a761a8,A-50bb9f,2024-09-12,churn_recorded,True,,unknown,unreconciled,,,,,,,0.0,paid_line_active,True,2024-10-26,requires_contract_billing_confirmation,too expensive,source_not_identified
C-192e1d,A-716841,2024-11-13,churn_recorded,False,,unknown,unreconciled,,,,,,,0.0,paid_line_active,True,2024-11-14,requires_contract_billing_confirmation,too expensive,source_not_identified
C-494a16,A-5a184f,2024-09-11,churn_recorded,False,,support,unreconciled,,,,,,,0.0,paid_line_active,True,2024-10-20,requires_contract_billing_confirmation,switched to competitor,source_not_identified
C-3db212,A-e40f45,2024-11-09,churn_recorded,False,,budget,unreconciled,,,,,,,101.23,paid_line_active,True,2024-11-24,requires_contract_billing_confirmation,missing features,source_not_identified
C-47cdaa,A-9affe6,2024-01-12,churn_recorded,False,,features,unreconciled,,,,,,,83.06,paid_line_active,True,2024-02-16,requires_contract_billing_confirmation,missing features,source_not_identified
C-ac853d,A-0354fe,2024-11-26,churn_recorded,False,,support,unreconciled,,,,,,,0.0,paid_line_active,True,2024-12-10,requires_contract_billing_confirmation,switched to competitor,source_not_identified
C-a24d30,A-f1f639,2024-04-07,churn_recorded,False,,budget,unreconciled,,,,,,,0.0,paid_line_active,True,2024-09-19,requires_contract_billing_confirmation,,source_not_identified
C-23a031,A-5247b3,2024-10-16,churn_recorded,False,,pricing,unreconciled,,,,,,,0.0,paid_line_active,True,2024-10-18,requires_contract_billing_confirmation,,source_not_identified
C-178070,A-337bc1,2023-10-21,churn_recorded,False,,support,unreconciled,,,,,,,0.0,paid_line_active,True,2023-11-11,requires_contract_billing_confirmation,too expensive,source_not_identified
C-70de89,A-039727,2024-12-22,churn_recorded,False,,pricing,unreconciled,,,,,,,46.49,paid_line_active,True,,requires_contract_billing_confirmation,switched to competitor,source_not_identified
C-49de12,A-5c9849,2024-11-13,churn_recorded,False,,unknown,unreconciled,,,,,,,0.0,paid_line_active,True,2024-11-30,requires_contract_billing_confirmation,too expensive,source_not_identified
C-97ab4b,A-82d8a6,2024-12-29,churn_recorded,False,,features,unreconciled,,,,,,,0.0,paid_line_active,True,2024-12-31,requires_contract_billing_confirmation,switched to competitor,source_not_identified
C-23df1e,A-18793f,2024-12-30,churn_recorded,False,,support,unreconciled,,,,,,,25.41,paid_line_active,True,,requires_contract_billing_confirmation,,source_not_identified
C-1b0bb3,A-81edc3,2024-09-21,churn_recorded,False,,pricing,unreconciled,,,,,,,10.91,paid_line_active,True,2024-11-02,requires_contract_billing_confirmation,too expensive,source_not_identified
C-48c0c8,A-53f4e3,2024-12-06,churn_recorded,True,,competitor,unreconciled,,,,,,,0.0,paid_line_active,True,2024-12-22,requires_contract_billing_confirmation,too expensive,source_not_identified
C-eaa652,A-1619f8,2024-06-03,churn_recorded,False,,competitor,unreconciled,,,,,,,0.0,before_first_paid,False,2024-06-09,requires_contract_billing_confirmation,missing features,source_not_identified
C-75e17f,A-ed510f,2023-05-05,churn_recorded,False,,budget,unreconciled,,,,,,,0.0,paid_line_active,True,2023-07-17,requires_contract_billing_confirmation,too expensive,source_not_identified
C-3dbe46,A-76fa4d,2024-11-26,churn_recorded,False,,unknown,unreconciled,,,,,,,1.55,paid_line_active,True,2024-11-27,requires_contract_billing_confirmation,too expensive,source_not_identified
C-4d517f,A-13466a,2023-11-18,churn_recorded,False,,support,unreconciled,,,,,,,0.0,paid_line_active,True,2024-02-11,requires_contract_billing_confirmation,switched to competitor,source_not_identified
C-50dbff,A-31ab9a,2024-08-09,churn_recorded,False,,budget,unreconciled,,,,,,,0.0,paid_line_active,True,2024-10-26,requires_contract_billing_confirmation,switched to competitor,source_not_identified
C-2d03fc,A-e43bf7,2023-06-24,churn_recorded,False,,pricing,unreconciled,,,,,,,0.0,paid_line_active,True,2023-07-05,requires_contract_billing_confirmation,missing features,source_not_identified
C-8bf15d,A-20736a,2024-03-19,churn_recorded,False,,competitor,unreconciled,,,,,,,64.98,before_first_paid,False,2024-05-09,requires_contract_billing_confirmation,too expensive,source_not_identified
C-c6998d,A-956988,2024-12-08,churn_recorded,False,,budget,unreconciled,,,,,,,0.0,paid_line_active,True,2024-12-14,requires_contract_billing_confirmation,missing features,source_not_identified
C-f8d15f,A-c9bb3e,2024-10-03,churn_recorded,False,,unknown,unreconciled,,,,,,,0.0,paid_line_active,True,2024-10-26,requires_contract_billing_confirmation,,source_not_identified
C-8eba65,A-dcc3f1,2024-10-10,churn_recorded,False,,features,unreconciled,,,,,,,0.0,paid_line_active,True,2024-10-13,requires_contract_billing_confirmation,switched to competitor,source_not_identified
C-a1253e,A-462d45,2024-05-17,churn_recorded,False,,competitor,unreconciled,,,,,,,0.0,paid_line_active,True,2024-08-05,requires_contract_billing_confirmation,missing features,source_not_identified
C-1e4b49,A-e5d6ab,2023-04-24,churn_recorded,False,,features,unreconciled,,,,,,,0.0,before_first_paid,False,2023-05-11,requires_contract_billing_confirmation,switched to competitor,source_not_identified
C-354790,A-37f969,2024-02-12,churn_recorded,False,,pricing,unreconciled,,,,,,,0.0,paid_line_active,True,2024-05-14,requires_contract_billing_confirmation,missing features,source_not_identified
C-b5bb09,A-0a62f5,2024-09-27,churn_recorded,False,,pricing,unreconciled,,,,,,,90.9,paid_line_active,True,2024-10-23,requires_contract_billing_confirmation,switched to competitor,source_not_identified
C-eb8f3d,A-0be015,2024-12-13,churn_recorded,False,,unknown,unreconciled,,,,,,,74.68,paid_line_active,True,,requires_contract_billing_confirmation,too expensive,source_not_identified
C-76793b,A-e888d1,2023-09-24,churn_recorded,False,,support,unreconciled,,,,,,,0.0,paid_line_active,True,2024-05-25,requires_contract_billing_confirmation,missing features,source_not_identified
C-033d73,A-ffc04f,2024-08-03,churn_recorded,False,,unknown,unreconciled,,,,,,,0.0,paid_line_active,True,2024-09-08,requires_contract_billing_confirmation,,source_not_identified
C-2b7d9b,A-180abf,2024-03-09,churn_recorded,False,,support,unreconciled,,,,,,,0.0,paid_line_active,True,2024-04-16,requires_contract_billing_confirmation,,source_not_identified
C-6e6bcf,A-7c6b6b,2024-12-09,churn_recorded,False,,budget,unreconciled,,,,,,,0.0,paid_line_active,True,2024-12-10,requires_contract_billing_confirmation,too expensive,source_not_identified
C-e26b7f,A-781cc0,2024-12-09,churn_recorded,False,,budget,unreconciled,,,,,,,0.0,paid_line_active,True,,requires_contract_billing_confirmation,too expensive,source_not_identified
C-626a5c,A-e19ff6,2024-04-18,churn_recorded,False,,unknown,unreconciled,,,,,,,0.0,paid_line_active,True,2024-06-01,requires_contract_billing_confirmation,missing features,source_not_identified
C-fd2fe4,A-78f02b,2024-12-09,churn_recorded,False,,budget,unreconciled,,,,,,,0.0,paid_line_active,True,,requires_contract_billing_confirmation,too expensive,source_not_identified
C-049f10,A-271f46,2023-03-04,churn_recorded,False,,support,unreconciled,,,,,,,0.0,before_first_paid,False,2023-03-29,requires_contract_billing_confirmation,,source_not_identified
C-57871b,A-6a4e2d,2024-07-19,churn_recorded,False,,budget,unreconciled,,,,,,,0.0,paid_line_active,True,2024-09-13,requires_contract_billing_confirmation,,source_not_identified
C-fafb31,A-5a92e7,2024-06-18,churn_recorded,False,,features,unreconciled,,,,,,,0.0,paid_line_active,True,2024-07-08,requires_contract_billing_confirmation,missing features,source_not_identified
C-8a3bc6,A-3b37d9,2024-10-13,churn_recorded,False,,support,unreconciled,,,,,,,0.0,paid_line_active,True,2024-11-17,requires_contract_billing_confirmation,switched to competitor,source_not_identified
C-8f9053,A-c1e51e,2024-11-09,churn_recorded,False,,pricing,unreconciled,,,,,,,0.0,paid_line_active,True,2024-11-19,requires_contract_billing_confirmation,missing features,source_not_identified
C-7690f5,A-4c56c9,2024-04-05,churn_recorded,False,,budget,unreconciled,,,,,,,44.23,before_first_paid,False,2024-05-13,requires_contract_billing_confirmation,missing features,source_not_identified
C-fb91f8,A-96bbc6,2024-06-24,churn_recorded,True,,competitor,unreconciled,,,,,,,0.0,paid_line_active,True,2024-09-01,requires_contract_billing_confirmation,,source_not_identified
C-02604c,A-9208f0,2024-11-09,churn_recorded,True,,features,unreconciled,,,,,,,0.0,paid_line_active,True,,requires_contract_billing_confirmation,too expensive,source_not_identified
C-85e84b,A-4814a3,2024-11-25,churn_recorded,False,,pricing,unreconciled,,,,,,,0.0,paid_line_active,True,2024-11-26,requires_contract_billing_confirmation,too expensive,source_not_identified
C-df72bb,A-dcc2f0,2024-04-10,churn_recorded,False,,features,unreconciled,,,,,,,0.0,paid_line_active,True,2024-09-16,requires_contract_billing_confirmation,,source_not_identified
C-a41660,A-3cc791,2024-10-09,churn_recorded,True,,features,unreconciled,,,,,,,0.0,paid_line_active,True,2024-12-19,requires_contract_billing_confirmation,,source_not_identified
C-3e764b,A-d792a6,2023-09-11,churn_recorded,False,,competitor,unreconciled,,,,,,,0.0,paid_line_active,True,2023-10-13,requires_contract_billing_confirmation,too expensive,source_not_identified
C-f46a9e,A-6e7827,2024-04-09,churn_recorded,False,,features,unreconciled,,,,,,,0.0,paid_line_active,True,2024-04-22,requires_contract_billing_confirmation,missing features,source_not_identified
C-864f6f,A-e19ff6,2024-01-08,churn_recorded,False,,pricing,unreconciled,,,,,,,0.0,paid_line_active,True,2024-03-06,requires_contract_billing_confirmation,switched to competitor,source_not_identified
C-2cec1c,A-712f1c,2024-10-24,churn_recorded,False,,budget,unreconciled,,,,,,,68.99,paid_line_active,True,2024-12-01,requires_contract_billing_confirmation,,source_not_identified
C-bc2761,A-68f37c,2024-02-08,churn_recorded,False,,competitor,unreconciled,,,,,,,0.0,paid_line_active,True,2024-02-20,requires_contract_billing_confirmation,too expensive,source_not_identified
C-c82861,A-e351e1,2024-10-24,churn_recorded,False,,budget,unreconciled,,,,,,,0.0,paid_line_active,True,2024-12-26,requires_contract_billing_confirmation,switched to competitor,source_not_identified
C-7e1bbd,A-0a62f5,2024-12-18,churn_recorded,False,,budget,unreconciled,,,,,,,0.0,paid_line_active,True,2024-12-21,requires_contract_billing_confirmation,switched to competitor,source_not_identified
C-6cbc28,A-09316c,2024-12-05,churn_recorded,False,,unknown,unreconciled,,,,,,,0.0,paid_line_active,True,2024-12-07,requires_contract_billing_confirmation,switched to competitor,source_not_identified
C-13f833,A-4d1e75,2024-09-05,churn_recorded,False,,budget,unreconciled,,,,,,,0.0,before_first_paid,False,2024-09-07,requires_contract_billing_confirmation,missing features,source_not_identified
C-499165,A-8ae3fc,2024-08-10,churn_recorded,False,,budget,unreconciled,,,,,,,0.0,paid_line_active,True,2024-09-09,requires_contract_billing_confirmation,,source_not_identified
C-5d5768,A-bb1eaa,2024-08-15,churn_recorded,False,,pricing,unreconciled,,,,,,,0.0,paid_line_active,True,2024-09-11,requires_contract_billing_confirmation,too expensive,source_not_identified
C-8ab44a,A-c58f49,2024-08-27,churn_recorded,False,,competitor,unreconciled,,,,,,,0.0,paid_line_active,True,2024-09-13,requires_contract_billing_confirmation,too expensive,source_not_identified
C-575802,A-67be94,2024-06-30,churn_recorded,False,,competitor,unreconciled,,,,,,,13.72,paid_line_active,True,2024-12-18,requires_contract_billing_confirmation,too expensive,source_not_identified
C-b38b8a,A-cdf020,2023-12-08,churn_recorded,False,,budget,unreconciled,,,,,,,105.26,paid_line_active,True,2024-01-25,requires_contract_billing_confirmation,too expensive,source_not_identified
C-e601dc,A-aa9511,2023-10-17,churn_recorded,False,,competitor,unreconciled,,,,,,,0.0,paid_line_active,True,2023-10-25,requires_contract_billing_confirmation,,source_not_identified
C-bc805f,A-50bb9f,2024-09-08,churn_recorded,False,,unknown,unreconciled,,,,,,,0.0,paid_line_active,True,2024-10-26,requires_contract_billing_confirmation,too expensive,source_not_identified
C-8d2bf5,A-b9eed8,2024-04-23,churn_recorded,True,,pricing,unreconciled,,,,,,,0.0,paid_line_active,True,2024-05-07,requires_contract_billing_confirmation,switched to competitor,source_not_identified
C-ae25d5,A-149a69,2024-12-04,churn_recorded,False,,pricing,unreconciled,,,,,,,0.0,before_first_paid,False,2024-12-05,requires_contract_billing_confirmation,,source_not_identified
C-d20b00,A-4ef964,2024-06-19,churn_recorded,False,,budget,unreconciled,,,,,,,0.0,paid_line_active,True,2024-07-28,requires_contract_billing_confirmation,too expensive,source_not_identified
C-0baa74,A-558c72,2024-11-28,churn_recorded,False,,support,unreconciled,,,,,,,43.01,paid_line_active,True,,requires_contract_billing_confirmation,switched to competitor,source_not_identified
C-7762fe,A-54ecc2,2024-09-12,churn_recorded,False,,unknown,unreconciled,,,,,,,0.0,paid_line_active,True,2024-09-16,requires_contract_billing_confirmation,missing features,source_not_identified
C-70ab02,A-3b5cd1,2024-01-21,churn_recorded,False,,pricing,unreconciled,,,,,,,0.0,paid_line_active,True,2024-01-29,requires_contract_billing_confirmation,missing features,source_not_identified
C-4c2a9f,A-ff3c73,2023-12-09,churn_recorded,False,,competitor,unreconciled,,,,,,,0.0,paid_line_active,True,2024-09-17,requires_contract_billing_confirmation,missing features,source_not_identified
C-5b6094,A-296d7c,2024-11-04,churn_recorded,False,,budget,unreconciled,,,,,,,0.0,paid_line_active,True,2024-11-05,requires_contract_billing_confirmation,too expensive,source_not_identified
C-c5e093,A-c16101,2024-11-13,churn_recorded,True,,features,unreconciled,,,,,,,0.0,paid_line_active,True,2024-12-10,requires_contract_billing_confirmation,too expensive,source_not_identified
C-94eebe,A-9779ad,2024-04-17,churn_recorded,False,,unknown,unreconciled,,,,,,,0.0,paid_line_active,True,2024-05-09,requires_contract_billing_confirmation,switched to competitor,source_not_identified
C-65ad11,A-39ddf4,2024-12-13,churn_recorded,False,,support,unreconciled,,,,,,,0.0,paid_line_active,True,2024-12-20,requires_contract_billing_confirmation,,source_not_identified
C-ebc01c,A-bd4513,2024-12-07,churn_recorded,False,,features,unreconciled,,,,,,,0.0,paid_line_active,True,2024-12-13,requires_contract_billing_confirmation,switched to competitor,source_not_identified
C-ae15f4,A-3793ee,2023-06-16,churn_recorded,False,,unknown,unreconciled,,,,,,,0.0,before_first_paid,False,2023-11-23,requires_contract_billing_confirmation,,source_not_identified
C-26576c,A-dbc825,2024-01-14,churn_recorded,False,,features,unreconciled,,,,,,,0.0,before_first_paid,False,2024-01-19,requires_contract_billing_confirmation,too expensive,source_not_identified
C-f6fba0,A-f92792,2024-11-03,churn_recorded,True,,features,unreconciled,,,,,,,0.0,paid_line_active,True,2024-11-24,requires_contract_billing_confirmation,,source_not_identified
C-cfa54b,A-eb7c38,2024-03-22,churn_recorded,False,,budget,unreconciled,,,,,,,6.26,before_first_paid,False,2024-04-12,requires_contract_billing_confirmation,,source_not_identified
C-260dec,A-202b67,2024-09-14,churn_recorded,False,,pricing,unreconciled,,,,,,,9.28,paid_line_active,True,2024-10-09,requires_contract_billing_confirmation,,source_not_identified
C-947b6b,A-5a3eb9,2024-04-28,churn_recorded,False,,pricing,unreconciled,,,,,,,0.0,paid_line_active,True,2024-05-28,requires_contract_billing_confirmation,missing features,source_not_identified
C-0af764,A-ccabf0,2024-05-05,churn_recorded,False,,competitor,unreconciled,,,,,,,0.0,paid_line_active,True,2024-05-21,requires_contract_billing_confirmation,too expensive,source_not_identified
C-e91da6,A-2d4502,2024-05-07,churn_recorded,False,,pricing,unreconciled,,,,,,,0.0,paid_line_active,True,2024-07-14,requires_contract_billing_confirmation,,source_not_identified
C-2d8e22,A-fce879,2024-10-07,churn_recorded,False,,support,unreconciled,,,,,,,0.0,paid_line_active,True,2024-10-18,requires_contract_billing_confirmation,switched to competitor,source_not_identified
C-47694c,A-0cc442,2024-10-23,churn_recorded,False,,budget,unreconciled,,,,,,,59.52,paid_line_active,True,2024-11-01,requires_contract_billing_confirmation,,source_not_identified
C-b6549a,A-151c9a,2023-11-04,churn_recorded,False,,support,unreconciled,,,,,,,35.6,paid_line_active,True,2024-02-10,requires_contract_billing_confirmation,missing features,source_not_identified
C-258ade,A-5f2961,2024-11-28,churn_recorded,False,,pricing,unreconciled,,,,,,,6.6,paid_line_active,True,2024-12-02,requires_contract_billing_confirmation,switched to competitor,source_not_identified
C-8eda06,A-a865bd,2024-03-18,churn_recorded,False,,unknown,unreconciled,,,,,,,0.0,paid_line_active,True,2024-04-11,requires_contract_billing_confirmation,,source_not_identified
C-07be44,A-751c58,2024-11-05,churn_recorded,True,,budget,unreconciled,,,,,,,0.0,paid_line_active,True,2024-12-18,requires_contract_billing_confirmation,missing features,source_not_identified
C-62daa0,A-b2225d,2024-03-31,churn_recorded,False,,pricing,unreconciled,,,,,,,0.0,before_first_paid,False,2024-05-13,requires_contract_billing_confirmation,too expensive,source_not_identified
C-7d6220,A-2edab2,2024-06-23,churn_recorded,False,,features,unreconciled,,,,,,,0.0,paid_line_active,True,2024-07-24,requires_contract_billing_confirmation,too expensive,source_not_identified
C-a65f7c,A-098560,2024-05-30,churn_recorded,False,,support,unreconciled,,,,,,,34.35,paid_line_active,True,2024-07-19,requires_contract_billing_confirmation,too expensive,source_not_identified
C-02a354,A-ccb686,2024-11-24,churn_recorded,False,,competitor,unreconciled,,,,,,,25.92,paid_line_active,True,2024-12-06,requires_contract_billing_confirmation,,source_not_identified
C-5f43c3,A-db5e9e,2024-12-29,churn_recorded,False,,pricing,unreconciled,,,,,,,0.0,paid_line_active,True,,requires_contract_billing_confirmation,missing features,source_not_identified
C-36a955,A-96bbc6,2024-12-04,churn_recorded,False,,competitor,unreconciled,,,,,,,0.0,paid_line_active,True,2024-12-08,requires_contract_billing_confirmation,switched to competitor,source_not_identified
C-7074f9,A-dcc3f1,2024-07-16,churn_recorded,False,,support,unreconciled,,,,,,,0.0,paid_line_active,True,2024-08-05,requires_contract_billing_confirmation,too expensive,source_not_identified
C-7befdc,A-9779ad,2024-08-11,churn_recorded,False,,features,unreconciled,,,,,,,0.0,paid_line_active,True,2024-08-14,requires_contract_billing_confirmation,too expensive,source_not_identified
C-a72f7f,A-158f4e,2023-03-05,churn_recorded,False,,budget,unreconciled,,,,,,,0.0,before_first_paid,False,2023-06-02,requires_contract_billing_confirmation,switched to competitor,source_not_identified
C-065699,A-c16cf7,2024-12-07,churn_recorded,False,,support,unreconciled,,,,,,,0.0,paid_line_active,True,2024-12-18,requires_contract_billing_confirmation,too expensive,source_not_identified
C-17044c,A-bcf664,2024-10-04,churn_recorded,True,,features,unreconciled,,,,,,,75.32,paid_line_active,True,2024-11-11,requires_contract_billing_confirmation,too expensive,source_not_identified
C-d716da,A-96bbc6,2024-12-21,churn_recorded,False,,budget,unreconciled,,,,,,,125.6,paid_line_active,True,2024-12-25,requires_contract_billing_confirmation,missing features,source_not_identified
C-dd2ad2,A-30b4ca,2024-09-01,churn_recorded,False,,features,unreconciled,,,,,,,0.0,paid_line_active,True,2024-10-03,requires_contract_billing_confirmation,,source_not_identified
C-2c410a,A-712426,2024-12-23,churn_recorded,True,,features,unreconciled,,,,,,,0.0,paid_line_active,True,2024-12-30,requires_contract_billing_confirmation,missing features,source_not_identified
C-5f93ed,A-337bc1,2023-12-16,churn_recorded,False,,unknown,unreconciled,,,,,,,0.0,paid_line_active,True,2024-03-05,requires_contract_billing_confirmation,missing features,source_not_identified
C-f79e5e,A-7dacce,2024-09-18,churn_recorded,False,,unknown,unreconciled,,,,,,,0.0,paid_line_active,True,2024-11-13,requires_contract_billing_confirmation,switched to competitor,source_not_identified
C-c9b84b,A-158f4e,2024-12-04,churn_recorded,False,,features,unreconciled,,,,,,,0.0,paid_line_active,True,,requires_contract_billing_confirmation,,source_not_identified
C-aee993,A-1d5444,2024-06-01,churn_recorded,False,,support,unreconciled,,,,,,,0.0,paid_line_active,True,2024-07-15,requires_contract_billing_confirmation,too expensive,source_not_identified
C-cc8de6,A-526d93,2024-09-25,churn_recorded,False,,support,unreconciled,,,,,,,0.0,paid_line_active,True,2024-09-26,requires_contract_billing_confirmation,missing features,source_not_identified
C-f1773a,A-68f37c,2024-05-15,churn_recorded,False,,support,unreconciled,,,,,,,0.0,paid_line_active,True,2024-08-01,requires_contract_billing_confirmation,switched to competitor,source_not_identified
C-fe3853,A-f51f16,2024-12-07,churn_recorded,False,,competitor,unreconciled,,,,,,,0.0,paid_line_active,True,,requires_contract_billing_confirmation,too expensive,source_not_identified
C-770066,A-84ebe4,2024-01-05,churn_recorded,False,,budget,unreconciled,,,,,,,0.0,paid_line_active,True,2024-02-14,requires_contract_billing_confirmation,switched to competitor,source_not_identified
C-449318,A-5a184f,2023-07-23,churn_recorded,False,,features,unreconciled,,,,,,,0.0,before_first_paid,False,2023-09-03,requires_contract_billing_confirmation,too expensive,source_not_identified
C-e2ecb7,A-e7a1e2,2024-12-11,churn_recorded,False,,features,unreconciled,,,,,,,0.0,paid_line_active,True,2024-12-26,requires_contract_billing_confirmation,,source_not_identified
C-211191,A-781cc0,2024-10-12,churn_recorded,False,,support,unreconciled,,,,,,,0.0,paid_line_active,True,2024-10-17,requires_contract_billing_confirmation,,source_not_identified
C-55f4ec,A-0cc442,2024-07-20,churn_recorded,False,,pricing,unreconciled,,,,,,,0.0,before_first_paid,False,2024-08-14,requires_contract_billing_confirmation,too expensive,source_not_identified
C-695fcd,A-2e4581,2024-11-23,churn_recorded,False,,budget,unreconciled,,,,,,,0.0,paid_line_active,True,2024-11-29,requires_contract_billing_confirmation,switched to competitor,source_not_identified
C-921335,A-659280,2024-07-23,churn_recorded,False,,features,unreconciled,,,,,,,0.0,paid_line_active,True,2024-07-25,requires_contract_billing_confirmation,too expensive,source_not_identified
C-9776b7,A-40a557,2023-12-08,churn_recorded,False,,budget,unreconciled,,,,,,,0.0,before_first_paid,False,2024-01-11,requires_contract_billing_confirmation,switched to competitor,source_not_identified
C-b3d895,A-0a62f5,2024-12-27,churn_recorded,False,,support,unreconciled,,,,,,,43.6,paid_line_active,True,,requires_contract_billing_confirmation,too expensive,source_not_identified
C-1965c1,A-9f9299,2024-10-08,churn_recorded,False,,competitor,unreconciled,,,,,,,0.0,paid_line_active,True,2024-10-25,requires_contract_billing_confirmation,,source_not_identified
C-0ec68d,A-e83938,2024-02-19,churn_recorded,False,,features,unreconciled,,,,,,,0.0,paid_line_active,True,2024-06-26,requires_contract_billing_confirmation,too expensive,source_not_identified
C-08d3b3,A-3f9cc0,2024-12-21,churn_recorded,True,,budget,unreconciled,,,,,,,0.0,paid_line_active,True,,requires_contract_billing_confirmation,switched to competitor,source_not_identified
C-466a70,A-ee42db,2023-06-23,churn_recorded,False,,pricing,unreconciled,,,,,,,0.0,paid_line_active,True,2023-08-02,requires_contract_billing_confirmation,too expensive,source_not_identified
C-02f4fa,A-ae052e,2024-11-13,churn_recorded,False,,unknown,unreconciled,,,,,,,0.0,paid_line_active,True,2024-11-28,requires_contract_billing_confirmation,too expensive,source_not_identified
C-ac34ca,A-ab438f,2024-12-02,churn_recorded,False,,budget,unreconciled,,,,,,,0.0,paid_line_active,True,2024-12-05,requires_contract_billing_confirmation,,source_not_identified
C-92f5cb,A-90a8c8,2024-08-29,churn_recorded,False,,support,unreconciled,,,,,,,0.0,paid_line_active,True,2024-09-17,requires_contract_billing_confirmation,missing features,source_not_identified
C-08b126,A-0cc442,2024-09-26,churn_recorded,True,,budget,unreconciled,,,,,,,0.0,paid_line_active,True,2024-10-04,requires_contract_billing_confirmation,too expensive,source_not_identified
C-9cc7a5,A-8e47ca,2024-09-18,churn_recorded,False,,competitor,unreconciled,,,,,,,0.0,paid_line_active,True,2024-11-03,requires_contract_billing_confirmation,too expensive,source_not_identified
C-c5b2e8,A-c608c8,2024-06-04,churn_recorded,False,,support,unreconciled,,,,,,,0.0,paid_line_active,True,2024-06-07,requires_contract_billing_confirmation,too expensive,source_not_identified
C-be8018,A-684255,2024-07-03,churn_recorded,False,,unknown,unreconciled,,,,,,,0.0,paid_line_active,True,2024-07-07,requires_contract_billing_confirmation,too expensive,source_not_identified
C-23ca8f,A-d77f4c,2024-10-03,churn_recorded,False,,unknown,unreconciled,,,,,,,0.0,paid_line_active,True,2024-10-10,requires_contract_billing_confirmation,,source_not_identified
C-2d0569,A-c7ffc2,2023-11-11,churn_recorded,False,,features,unreconciled,,,,,,,174.92,paid_line_active,True,2024-02-17,requires_contract_billing_confirmation,missing features,source_not_identified
C-4c523f,A-05d3b3,2024-03-12,churn_recorded,False,,unknown,unreconciled,,,,,,,0.0,paid_line_active,True,2024-08-05,requires_contract_billing_confirmation,switched to competitor,source_not_identified
C-57a768,A-702032,2024-04-18,churn_recorded,False,,features,unreconciled,,,,,,,10.5,before_first_paid,False,2024-04-24,requires_contract_billing_confirmation,switched to competitor,source_not_identified
C-573a5c,A-dec005,2024-11-23,churn_recorded,False,,support,unreconciled,,,,,,,0.0,paid_line_active,True,,requires_contract_billing_confirmation,missing features,source_not_identified
C-b7dfcd,A-726cfa,2024-08-08,churn_recorded,False,,support,unreconciled,,,,,,,122.11,paid_line_active,True,2024-08-10,requires_contract_billing_confirmation,too expensive,source_not_identified
C-8c9a9a,A-9f0b68,2024-08-10,churn_recorded,False,,features,unreconciled,,,,,,,0.0,paid_line_active,True,2024-09-02,requires_contract_billing_confirmation,too expensive,source_not_identified
C-2ce12e,A-712426,2024-11-26,churn_recorded,True,,pricing,unreconciled,,,,,,,0.0,paid_line_active,True,2024-11-28,requires_contract_billing_confirmation,,source_not_identified
C-18b303,A-7641d3,2024-06-07,churn_recorded,False,,unknown,unreconciled,,,,,,,96.35,paid_line_active,True,2024-06-18,requires_contract_billing_confirmation,missing features,source_not_identified
C-b6bc5f,A-bb1486,2024-11-23,churn_recorded,True,,competitor,unreconciled,,,,,,,0.0,paid_line_active,True,2024-12-06,requires_contract_billing_confirmation,switched to competitor,source_not_identified
C-8cce4c,A-fa3095,2023-12-23,churn_recorded,False,,support,unreconciled,,,,,,,0.0,paid_line_active,True,2024-05-16,requires_contract_billing_confirmation,missing features,source_not_identified
C-8fcdf5,A-310452,2024-12-27,churn_recorded,False,,budget,unreconciled,,,,,,,0.0,paid_line_active,True,2024-12-28,requires_contract_billing_confirmation,too expensive,source_not_identified
C-ddade1,A-463db0,2024-12-30,churn_recorded,True,,features,unreconciled,,,,,,,0.0,paid_line_active,True,2024-12-31,requires_contract_billing_confirmation,,source_not_identified
C-5689de,A-00bed1,2024-01-03,churn_recorded,False,,unknown,unreconciled,,,,,,,21.17,paid_line_active,True,2024-04-06,requires_contract_billing_confirmation,,source_not_identified
C-2f61e8,A-ad3abd,2023-07-12,churn_recorded,False,,competitor,unreconciled,,,,,,,0.0,paid_line_active,True,2024-03-25,requires_contract_billing_confirmation,,source_not_identified
C-4dc992,A-39b19f,2023-03-11,churn_recorded,False,,unknown,unreconciled,,,,,,,0.0,paid_line_active,True,2023-07-04,requires_contract_billing_confirmation,,source_not_identified
C-17fb24,A-cc1d8d,2024-12-19,churn_recorded,False,,unknown,unreconciled,,,,,,,217.22,paid_line_active,True,2024-12-20,requires_contract_billing_confirmation,too expensive,source_not_identified
C-21efb6,A-fa2041,2024-07-13,churn_recorded,False,,competitor,unreconciled,,,,,,,0.0,paid_line_active,True,2024-07-15,requires_contract_billing_confirmation,switched to competitor,source_not_identified
C-486194,A-2ebb4b,2024-12-29,churn_recorded,True,,features,unreconciled,,,,,,,0.0,paid_line_active,True,,requires_contract_billing_confirmation,missing features,source_not_identified
C-3091b6,A-eb1312,2024-10-03,churn_recorded,False,,unknown,unreconciled,,,,,,,0.0,paid_line_active,True,2024-10-08,requires_contract_billing_confirmation,,source_not_identified
C-b37401,A-dfbd31,2024-12-19,churn_recorded,False,,unknown,unreconciled,,,,,,,0.0,paid_line_active,True,,requires_contract_billing_confirmation,too expensive,source_not_identified
C-c93006,A-4e0e85,2023-11-16,churn_recorded,False,,competitor,unreconciled,,,,,,,0.0,before_first_paid,False,2024-02-22,requires_contract_billing_confirmation,too expensive,source_not_identified
C-cea92d,A-2e4581,2024-12-05,churn_recorded,False,,competitor,unreconciled,,,,,,,0.0,paid_line_active,True,2024-12-09,requires_contract_billing_confirmation,,source_not_identified
C-f7846a,A-117171,2024-10-13,churn_recorded,False,,budget,unreconciled,,,,,,,0.0,paid_line_active,True,2024-11-11,requires_contract_billing_confirmation,switched to competitor,source_not_identified
C-f5a863,A-e7a1e2,2024-09-30,churn_recorded,True,,budget,unreconciled,,,,,,,6.2,paid_line_active,True,2024-10-07,requires_contract_billing_confirmation,,source_not_identified
C-056c32,A-1e6fc3,2024-03-20,churn_recorded,False,,pricing,unreconciled,,,,,,,0.0,before_first_paid,False,2024-04-01,requires_contract_billing_confirmation,switched to competitor,source_not_identified
C-75abb3,A-ac9111,2024-06-25,churn_recorded,False,,budget,unreconciled,,,,,,,0.0,paid_line_active,True,2024-07-07,requires_contract_billing_confirmation,missing features,source_not_identified
C-17377e,A-ee42db,2024-03-07,churn_recorded,False,,pricing,unreconciled,,,,,,,0.0,paid_line_active,True,2024-06-19,requires_contract_billing_confirmation,missing features,source_not_identified
C-d84a6d,A-a45270,2024-11-12,churn_recorded,False,,pricing,unreconciled,,,,,,,0.0,paid_line_active,True,2024-11-15,requires_contract_billing_confirmation,missing features,source_not_identified
C-66b3fa,A-378b99,2024-10-12,churn_recorded,False,,pricing,unreconciled,,,,,,,0.0,paid_line_active,True,2024-10-14,requires_contract_billing_confirmation,switched to competitor,source_not_identified
C-600a7c,A-9ee962,2024-10-03,churn_recorded,False,,support,unreconciled,,,,,,,0.0,paid_line_active,True,,requires_contract_billing_confirmation,,source_not_identified
C-7aa94d,A-038089,2024-12-25,churn_recorded,False,,features,unreconciled,,,,,,,19.34,paid_line_active,True,2024-12-30,requires_contract_billing_confirmation,too expensive,source_not_identified
C-c6a403,A-684255,2024-05-04,churn_recorded,True,,budget,unreconciled,,,,,,,0.0,paid_line_active,True,2024-05-23,requires_contract_billing_confirmation,missing features,source_not_identified
C-d3e2ab,A-f1f639,2023-10-18,churn_recorded,True,,competitor,unreconciled,,,,,,,0.0,paid_line_active,True,2024-01-16,requires_contract_billing_confirmation,missing features,source_not_identified
C-b3c3ce,A-9f2731,2024-10-15,churn_recorded,False,,features,unreconciled,,,,,,,0.0,before_first_paid,False,2024-11-02,requires_contract_billing_confirmation,,source_not_identified
C-d7de9d,A-8b0451,2024-12-29,churn_recorded,False,,budget,unreconciled,,,,,,,0.0,paid_line_active,True,,requires_contract_billing_confirmation,too expensive,source_not_identified
C-2447b3,A-c45b23,2024-03-24,churn_recorded,True,,support,unreconciled,,,,,,,0.0,paid_line_active,True,2024-04-09,requires_contract_billing_confirmation,missing features,source_not_identified
C-155feb,A-82861f,2024-05-17,churn_recorded,False,,support,unreconciled,,,,,,,0.0,before_first_paid,False,2024-05-18,requires_contract_billing_confirmation,,source_not_identified
C-5f450a,A-c1e51e,2024-12-20,churn_recorded,False,,support,unreconciled,,,,,,,0.0,paid_line_active,True,2024-12-21,requires_contract_billing_confirmation,switched to competitor,source_not_identified
C-721738,A-d42431,2024-06-26,churn_recorded,False,,pricing,unreconciled,,,,,,,0.0,paid_line_active,True,2024-07-08,requires_contract_billing_confirmation,missing features,source_not_identified
C-33fc6a,A-c16101,2024-12-19,churn_recorded,False,,features,unreconciled,,,,,,,0.0,paid_line_active,True,2024-12-25,requires_contract_billing_confirmation,,source_not_identified
C-4691eb,A-7c83a1,2024-05-19,churn_recorded,False,,unknown,unreconciled,,,,,,,0.0,paid_line_active,True,2024-05-24,requires_contract_billing_confirmation,,source_not_identified
C-2cec7e,A-ce550d,2024-12-28,churn_recorded,False,,budget,unreconciled,,,,,,,0.0,paid_line_active,True,2024-12-31,requires_contract_billing_confirmation,too expensive,source_not_identified
C-71ff03,A-f19409,2023-05-25,churn_recorded,False,,features,unreconciled,,,,,,,0.0,paid_line_active,True,2023-08-09,requires_contract_billing_confirmation,too expensive,source_not_identified
C-2a64c7,A-029f69,2024-06-17,churn_recorded,False,,budget,unreconciled,,,,,,,0.0,paid_line_active,True,2024-08-04,requires_contract_billing_confirmation,,source_not_identified
C-5899b9,A-484819,2023-06-29,churn_recorded,False,,support,unreconciled,,,,,,,0.0,paid_line_active,True,2024-01-01,requires_contract_billing_confirmation,,source_not_identified
C-7e5a22,A-6965e1,2024-12-09,churn_recorded,False,,features,unreconciled,,,,,,,0.0,paid_line_active,True,2024-12-11,requires_contract_billing_confirmation,,source_not_identified
C-c3815e,A-6965e1,2024-12-04,churn_recorded,False,,unknown,unreconciled,,,,,,,0.0,before_first_paid,False,2024-12-06,requires_contract_billing_confirmation,switched to competitor,source_not_identified
C-190a42,A-5fe118,2024-12-16,churn_recorded,False,,features,unreconciled,,,,,,,114.86,paid_line_active,True,,requires_contract_billing_confirmation,,source_not_identified
C-d2077d,A-cab532,2024-07-10,churn_recorded,False,,support,unreconciled,,,,,,,0.0,paid_line_active,True,2024-07-23,requires_contract_billing_confirmation,too expensive,source_not_identified
C-3b6b00,A-9289f6,2023-08-24,churn_recorded,False,,support,unreconciled,,,,,,,17.93,paid_line_active,True,2023-12-06,requires_contract_billing_confirmation,too expensive,source_not_identified
C-42ca6e,A-1b9609,2024-02-02,churn_recorded,False,,pricing,unreconciled,,,,,,,0.0,paid_line_active,True,2024-02-17,requires_contract_billing_confirmation,too expensive,source_not_identified
C-d9a1f3,A-118f1c,2024-12-17,churn_recorded,False,,budget,unreconciled,,,,,,,0.0,paid_line_active,True,2024-12-21,requires_contract_billing_confirmation,,source_not_identified
C-217360,A-76fa4d,2024-12-03,churn_recorded,False,,pricing,unreconciled,,,,,,,31.49,paid_line_active,True,2024-12-05,requires_contract_billing_confirmation,too expensive,source_not_identified
C-aa3075,A-7dacce,2024-12-27,churn_recorded,False,,budget,unreconciled,,,,,,,0.0,paid_line_active,True,,requires_contract_billing_confirmation,missing features,source_not_identified
C-3f2f59,A-a8b49c,2024-06-17,churn_recorded,False,,features,unreconciled,,,,,,,0.0,paid_line_active,True,2024-09-25,requires_contract_billing_confirmation,missing features,source_not_identified
C-4f6e40,A-cb5333,2024-08-11,churn_recorded,False,,features,unreconciled,,,,,,,0.0,paid_line_active,True,2024-09-06,requires_contract_billing_confirmation,too expensive,source_not_identified
C-2f95dd,A-f19409,2023-03-26,churn_recorded,False,,competitor,unreconciled,,,,,,,0.0,before_first_paid,False,2023-04-22,requires_contract_billing_confirmation,switched to competitor,source_not_identified
C-38b77f,A-a8d89d,2024-01-18,churn_recorded,False,,features,unreconciled,,,,,,,0.0,paid_line_active,True,2024-04-12,requires_contract_billing_confirmation,switched to competitor,source_not_identified
C-58deed,A-81edc3,2024-12-16,churn_recorded,False,,support,unreconciled,,,,,,,0.0,paid_line_active,True,,requires_contract_billing_confirmation,too expensive,source_not_identified
C-86f8a6,A-ccc747,2024-04-15,churn_recorded,False,,budget,unreconciled,,,,,,,0.0,before_first_paid,False,2024-06-24,requires_contract_billing_confirmation,switched to competitor,source_not_identified
C-5d91cd,A-3f9cc0,2024-08-09,churn_recorded,False,,features,unreconciled,,,,,,,0.0,paid_line_active,True,,requires_contract_billing_confirmation,,source_not_identified
C-bfcee5,A-8e47ca,2024-12-31,churn_recorded,False,,support,unreconciled,,,,,,,0.0,paid_line_active,True,,requires_contract_billing_confirmation,missing features,source_not_identified
C-450414,A-87aa7b,2024-12-26,churn_recorded,False,,budget,unreconciled,,,,,,,0.0,paid_line_active,True,,requires_contract_billing_confirmation,switched to competitor,source_not_identified
C-dd4207,A-f45426,2024-08-05,churn_recorded,False,,competitor,unreconciled,,,,,,,47.17,before_first_paid,False,2024-08-09,requires_contract_billing_confirmation,missing features,source_not_identified
C-d4c4c6,A-09540c,2024-03-05,churn_recorded,False,,unknown,unreconciled,,,,,,,71.44,before_first_paid,False,2024-04-11,requires_contract_billing_confirmation,,source_not_identified
C-149fc9,A-e1462e,2024-12-05,churn_recorded,False,,competitor,unreconciled,,,,,,,0.0,paid_line_active,True,,requires_contract_billing_confirmation,switched to competitor,source_not_identified
C-de3fd0,A-19b2c8,2024-08-16,churn_recorded,False,,pricing,unreconciled,,,,,,,0.0,paid_line_active,True,2024-10-25,requires_contract_billing_confirmation,missing features,source_not_identified
C-577ffa,A-10b8f2,2024-06-04,churn_recorded,False,,support,unreconciled,,,,,,,0.0,paid_line_active,True,2024-12-16,requires_contract_billing_confirmation,too expensive,source_not_identified
C-a77075,A-32728c,2023-01-25,churn_recorded,False,,pricing,unreconciled,,,,,,,0.0,before_first_paid,False,2023-04-04,requires_contract_billing_confirmation,switched to competitor,source_not_identified
C-4cdb6f,A-f25509,2024-06-15,churn_recorded,False,,pricing,unreconciled,,,,,,,0.0,paid_line_active,True,2024-07-14,requires_contract_billing_confirmation,missing features,source_not_identified
C-a9e0c4,A-94d3da,2024-04-12,churn_recorded,False,,competitor,unreconciled,,,,,,,0.0,paid_line_active,True,2024-09-28,requires_contract_billing_confirmation,switched to competitor,source_not_identified
C-0f0386,A-751c58,2024-09-17,churn_recorded,False,,budget,unreconciled,,,,,,,64.22,paid_line_active,True,2024-09-20,requires_contract_billing_confirmation,switched to competitor,source_not_identified
C-3c8ea9,A-7641d3,2023-11-10,churn_recorded,False,,support,unreconciled,,,,,,,35.05,paid_line_active,True,2024-05-10,requires_contract_billing_confirmation,missing features,source_not_identified
C-66c9fe,A-86902e,2024-12-07,churn_recorded,False,,features,unreconciled,,,,,,,0.0,paid_line_active,True,2024-12-11,requires_contract_billing_confirmation,,source_not_identified
C-533d1c,A-1619f8,2024-07-19,churn_recorded,False,,competitor,unreconciled,,,,,,,0.0,paid_line_active,True,2024-07-21,requires_contract_billing_confirmation,,source_not_identified
C-02719d,A-5247b3,2024-10-12,churn_recorded,False,,support,unreconciled,,,,,,,28.84,paid_line_active,True,2024-10-14,requires_contract_billing_confirmation,missing features,source_not_identified
C-16ef52,A-9b9fe9,2024-09-04,churn_recorded,False,,features,unreconciled,,,,,,,0.0,paid_line_active,True,2024-10-17,requires_contract_billing_confirmation,switched to competitor,source_not_identified
C-6d80a6,A-02fac6,2024-08-21,churn_recorded,False,,support,unreconciled,,,,,,,0.0,paid_line_active,True,2024-09-10,requires_contract_billing_confirmation,missing features,source_not_identified
C-23d5a9,A-54ecc2,2024-09-22,churn_recorded,False,,pricing,unreconciled,,,,,,,0.0,paid_line_active,True,2024-09-27,requires_contract_billing_confirmation,too expensive,source_not_identified
C-2e9b92,A-855a48,2024-08-01,churn_recorded,False,,unknown,unreconciled,,,,,,,7.92,paid_line_active,True,,requires_contract_billing_confirmation,too expensive,source_not_identified
C-a8e84b,A-c1dfe1,2024-06-06,churn_recorded,False,,features,unreconciled,,,,,,,0.0,paid_line_active,True,2024-07-07,requires_contract_billing_confirmation,missing features,source_not_identified
C-edb201,A-a7bd4b,2024-10-15,churn_recorded,False,,features,unreconciled,,,,,,,0.0,paid_line_active,True,,requires_contract_billing_confirmation,too expensive,source_not_identified
C-92e7a2,A-d535f6,2024-10-05,churn_recorded,False,,unknown,unreconciled,,,,,,,0.0,paid_line_active,True,2024-11-13,requires_contract_billing_confirmation,missing features,source_not_identified
C-990050,A-4f18f0,2024-12-01,churn_recorded,False,,features,unreconciled,,,,,,,0.0,paid_line_active,True,2024-12-20,requires_contract_billing_confirmation,missing features,source_not_identified
C-e49016,A-b7724f,2024-09-01,churn_recorded,True,,competitor,unreconciled,,,,,,,111.42,paid_line_active,True,2024-09-15,requires_contract_billing_confirmation,switched to competitor,source_not_identified
C-151fb1,A-fd7ad3,2024-12-19,churn_recorded,True,,support,unreconciled,,,,,,,0.0,paid_line_active,True,2024-12-23,requires_contract_billing_confirmation,missing features,source_not_identified
C-9b229e,A-249769,2024-06-12,churn_recorded,True,,pricing,unreconciled,,,,,,,0.0,paid_line_active,True,2024-07-18,requires_contract_billing_confirmation,too expensive,source_not_identified
C-d33672,A-a1b80b,2024-07-11,churn_recorded,True,,budget,unreconciled,,,,,,,12.99,paid_line_active,True,2024-07-15,requires_contract_billing_confirmation,switched to competitor,source_not_identified
C-f180f4,A-ac14bb,2024-10-01,churn_recorded,False,,competitor,unreconciled,,,,,,,0.0,paid_line_active,True,,requires_contract_billing_confirmation,too expensive,source_not_identified
C-d8d1fd,A-5b1bcd,2024-08-07,churn_recorded,False,,competitor,unreconciled,,,,,,,4.45,paid_line_active,True,2024-09-24,requires_contract_billing_confirmation,,source_not_identified
C-f918d7,A-202b67,2024-03-30,churn_recorded,False,,features,unreconciled,,,,,,,69.59,paid_line_active,True,2024-05-18,requires_contract_billing_confirmation,,source_not_identified
C-a77cbf,A-bad8c1,2023-10-04,churn_recorded,True,,unknown,unreconciled,,,,,,,0.0,paid_line_active,True,2024-02-22,requires_contract_billing_confirmation,too expensive,source_not_identified
C-f5dfda,A-2446e3,2024-07-20,churn_recorded,True,,competitor,unreconciled,,,,,,,34.87,paid_line_active,True,2024-09-16,requires_contract_billing_confirmation,missing features,source_not_identified
C-9b80de,A-533452,2024-12-01,churn_recorded,False,,pricing,unreconciled,,,,,,,132.32,paid_line_active,True,2024-12-15,requires_contract_billing_confirmation,missing features,source_not_identified
C-515343,A-b54c01,2024-10-23,churn_recorded,False,,budget,unreconciled,,,,,,,0.0,before_first_paid,False,2024-10-28,requires_contract_billing_confirmation,too expensive,source_not_identified
C-da7b0d,A-2ebb4b,2023-08-04,churn_recorded,False,,pricing,unreconciled,,,,,,,0.0,paid_line_active,True,2023-10-03,requires_contract_billing_confirmation,missing features,source_not_identified
C-efed73,A-9123ac,2024-10-23,churn_recorded,False,,competitor,unreconciled,,,,,,,0.0,paid_line_active,True,,requires_contract_billing_confirmation,missing features,source_not_identified
C-8d2855,A-8bde0c,2024-12-30,churn_recorded,False,,pricing,unreconciled,,,,,,,0.0,paid_line_active,True,,requires_contract_billing_confirmation,,source_not_identified
C-992f28,A-f44180,2023-04-29,churn_recorded,False,,competitor,unreconciled,,,,,,,38.15,paid_line_active,True,2023-05-20,requires_contract_billing_confirmation,too expensive,source_not_identified
C-d47c85,A-c37601,2024-12-17,churn_recorded,False,,support,unreconciled,,,,,,,0.0,paid_line_active,True,2024-12-23,requires_contract_billing_confirmation,switched to competitor,source_not_identified
C-ad8b54,A-a09355,2024-09-13,churn_recorded,False,,support,unreconciled,,,,,,,0.0,paid_line_active,True,2024-09-24,requires_contract_billing_confirmation,,source_not_identified
C-89198d,A-038089,2024-10-21,churn_recorded,False,,competitor,unreconciled,,,,,,,0.0,paid_line_active,True,2024-12-30,requires_contract_billing_confirmation,,source_not_identified
C-f33efc,A-8ed5dd,2024-10-30,churn_recorded,False,,support,unreconciled,,,,,,,0.0,paid_line_active,True,2024-11-01,requires_contract_billing_confirmation,switched to competitor,source_not_identified
C-13ca3a,A-313be3,2024-03-23,churn_recorded,False,,features,unreconciled,,,,,,,43.03,paid_line_active,True,2024-08-14,requires_contract_billing_confirmation,too expensive,source_not_identified
C-07f6e3,A-e888d1,2023-06-06,churn_recorded,False,,budget,unreconciled,,,,,,,0.0,paid_line_active,True,2023-08-05,requires_contract_billing_confirmation,too expensive,source_not_identified
C-65b589,A-7a0d69,2024-12-05,churn_recorded,False,,competitor,unreconciled,,,,,,,0.0,paid_line_active,True,2024-12-10,requires_contract_billing_confirmation,switched to competitor,source_not_identified
C-ea6df1,A-e51ec7,2024-04-07,churn_recorded,False,,budget,unreconciled,,,,,,,0.0,paid_line_active,True,2024-04-18,requires_contract_billing_confirmation,switched to competitor,source_not_identified
C-f78dc9,A-1619f8,2024-09-21,churn_recorded,False,,budget,unreconciled,,,,,,,0.0,paid_line_active,True,2024-11-05,requires_contract_billing_confirmation,,source_not_identified
C-9d9bff,A-f5641b,2024-06-17,churn_recorded,False,,features,unreconciled,,,,,,,0.0,paid_line_active,True,2024-07-25,requires_contract_billing_confirmation,too expensive,source_not_identified
C-9d8799,A-dfbd31,2024-01-01,churn_recorded,False,,features,unreconciled,,,,,,,0.0,before_first_paid,False,2024-02-15,requires_contract_billing_confirmation,too expensive,source_not_identified
C-2fb169,A-0532a9,2024-10-09,churn_recorded,False,,pricing,unreconciled,,,,,,,2.4,paid_line_active,True,2024-10-17,requires_contract_billing_confirmation,too expensive,source_not_identified
C-3bac11,A-f5641b,2024-04-20,churn_recorded,False,,pricing,unreconciled,,,,,,,0.0,before_first_paid,False,2024-04-21,requires_contract_billing_confirmation,too expensive,source_not_identified
C-49868d,A-309e54,2024-12-14,churn_recorded,False,,support,unreconciled,,,,,,,106.67,paid_line_active,True,2024-12-20,requires_contract_billing_confirmation,missing features,source_not_identified
C-27770c,A-7988d1,2024-06-19,churn_recorded,False,,competitor,unreconciled,,,,,,,16.89,paid_line_active,True,2024-07-25,requires_contract_billing_confirmation,too expensive,source_not_identified
C-118bea,A-65aeb5,2024-12-02,churn_recorded,True,,budget,unreconciled,,,,,,,0.0,paid_line_active,True,,requires_contract_billing_confirmation,missing features,source_not_identified
C-cf17ca,A-e08cd3,2024-12-17,churn_recorded,False,,features,unreconciled,,,,,,,0.0,paid_line_active,True,2024-12-25,requires_contract_billing_confirmation,too expensive,source_not_identified
C-25c0d2,A-e693b6,2024-10-10,churn_recorded,False,,budget,unreconciled,,,,,,,0.0,paid_line_active,True,2024-11-19,requires_contract_billing_confirmation,missing features,source_not_identified
C-05224a,A-f17767,2023-05-03,churn_recorded,False,,pricing,unreconciled,,,,,,,0.0,paid_line_active,True,2023-07-30,requires_contract_billing_confirmation,,source_not_identified
C-fe7ee4,A-b44e3e,2024-04-14,churn_recorded,False,,unknown,unreconciled,,,,,,,0.0,paid_line_active,True,2024-04-15,requires_contract_billing_confirmation,switched to competitor,source_not_identified
C-14ac13,A-68f37c,2024-12-18,churn_recorded,True,,features,unreconciled,,,,,,,0.0,paid_line_active,True,,requires_contract_billing_confirmation,too expensive,source_not_identified
C-fa1c87,A-342303,2024-03-20,churn_recorded,False,,features,unreconciled,,,,,,,0.0,before_first_paid,False,2024-05-03,requires_contract_billing_confirmation,switched to competitor,source_not_identified
C-29b7f7,A-8ae05d,2024-08-30,churn_recorded,False,,unknown,unreconciled,,,,,,,0.0,paid_line_active,True,2024-11-27,requires_contract_billing_confirmation,missing features,source_not_identified
C-22b92e,A-32fb14,2024-04-03,churn_recorded,False,,features,unreconciled,,,,,,,0.0,paid_line_active,True,2024-07-05,requires_contract_billing_confirmation,too expensive,source_not_identified
C-46580a,A-81edc3,2024-03-03,churn_recorded,False,,unknown,unreconciled,,,,,,,0.0,paid_line_active,True,2024-06-08,requires_contract_billing_confirmation,missing features,source_not_identified
C-ef9abf,A-a33200,2024-10-07,churn_recorded,False,,features,unreconciled,,,,,,,21.61,paid_line_active,True,2024-10-14,requires_contract_billing_confirmation,too expensive,source_not_identified
C-88a176,A-d922bf,2024-12-06,churn_recorded,False,,support,unreconciled,,,,,,,11.13,paid_line_active,True,2024-12-10,requires_contract_billing_confirmation,too expensive,source_not_identified
C-681c7b,A-ff3c73,2024-05-09,churn_recorded,False,,competitor,unreconciled,,,,,,,2.42,paid_line_active,True,2024-09-17,requires_contract_billing_confirmation,missing features,source_not_identified
C-ca1941,A-37f969,2024-11-03,churn_recorded,False,,pricing,unreconciled,,,,,,,0.0,paid_line_active,True,,requires_contract_billing_confirmation,too expensive,source_not_identified
C-7fcce6,A-4bfa33,2024-12-08,churn_recorded,False,,unknown,unreconciled,,,,,,,0.0,before_first_paid,False,2024-12-10,requires_contract_billing_confirmation,missing features,source_not_identified
C-5328d6,A-0b0d6d,2024-12-31,churn_recorded,False,,competitor,unreconciled,,,,,,,0.0,paid_line_active,True,,requires_contract_billing_confirmation,,source_not_identified
C-cd7797,A-a8d89d,2024-08-26,churn_recorded,False,,pricing,unreconciled,,,,,,,0.0,paid_line_active,True,2024-09-17,requires_contract_billing_confirmation,,source_not_identified
C-7f0644,A-ae052e,2024-10-17,churn_recorded,False,,budget,unreconciled,,,,,,,0.0,paid_line_active,True,2024-10-24,requires_contract_billing_confirmation,too expensive,source_not_identified
C-2d4533,A-117171,2024-10-22,churn_recorded,False,,features,unreconciled,,,,,,,102.86,paid_line_active,True,2024-11-11,requires_contract_billing_confirmation,switched to competitor,source_not_identified
C-d9410c,A-87aa7b,2024-06-19,churn_recorded,False,,pricing,unreconciled,,,,,,,136.0,paid_line_active,True,2024-07-18,requires_contract_billing_confirmation,missing features,source_not_identified
C-75fdd6,A-0f7d77,2024-11-09,churn_recorded,True,,competitor,unreconciled,,,,,,,0.0,before_first_paid,False,2024-11-11,requires_contract_billing_confirmation,missing features,source_not_identified
C-3018d4,A-34ea2f,2024-10-19,churn_recorded,False,,unknown,unreconciled,,,,,,,1.85,paid_line_active,True,2024-10-21,requires_contract_billing_confirmation,too expensive,source_not_identified
C-fcbd6e,A-1e1b80,2024-11-13,churn_recorded,False,,features,unreconciled,,,,,,,0.0,paid_line_active,True,,requires_contract_billing_confirmation,switched to competitor,source_not_identified
C-79999b,A-58b9ff,2024-10-10,churn_recorded,False,,pricing,unreconciled,,,,,,,0.0,paid_line_active,True,2024-10-13,requires_contract_billing_confirmation,too expensive,source_not_identified
C-62ad35,A-6965e1,2024-12-02,churn_recorded,False,,budget,unreconciled,,,,,,,0.0,before_first_paid,False,2024-12-06,requires_contract_billing_confirmation,,source_not_identified
C-f0bd80,A-117171,2024-11-14,churn_recorded,False,,pricing,unreconciled,,,,,,,0.0,paid_line_active,True,2024-12-14,requires_contract_billing_confirmation,,source_not_identified
C-f49d4c,A-65c341,2024-12-16,churn_recorded,False,,unknown,unreconciled,,,,,,,0.0,paid_line_active,True,,requires_contract_billing_confirmation,switched to competitor,source_not_identified
C-462222,A-ae052e,2023-10-07,churn_recorded,False,,support,unreconciled,,,,,,,0.0,before_first_paid,False,2024-03-31,requires_contract_billing_confirmation,too expensive,source_not_identified
C-f68651,A-eafc6e,2024-12-12,churn_recorded,False,,unknown,unreconciled,,,,,,,0.0,paid_line_active,True,,requires_contract_billing_confirmation,,source_not_identified
C-9c4603,A-c58f49,2024-09-21,churn_recorded,False,,support,unreconciled,,,,,,,7.6,paid_line_active,True,2024-10-05,requires_contract_billing_confirmation,switched to competitor,source_not_identified
C-c179a3,A-e7beab,2024-04-25,churn_recorded,False,,features,unreconciled,,,,,,,0.0,paid_line_active,True,2024-07-24,requires_contract_billing_confirmation,missing features,source_not_identified
C-2c9dae,A-b179bf,2024-11-25,churn_recorded,False,,features,unreconciled,,,,,,,0.0,paid_line_active,True,2024-12-24,requires_contract_billing_confirmation,,source_not_identified
C-2c86b1,A-afa505,2024-03-02,churn_recorded,False,,support,unreconciled,,,,,,,0.0,paid_line_active,True,2024-05-10,requires_contract_billing_confirmation,missing features,source_not_identified
C-1172fe,A-4a267b,2024-06-17,churn_recorded,False,,support,unreconciled,,,,,,,64.54,paid_line_active,True,2024-08-09,requires_contract_billing_confirmation,missing features,source_not_identified
C-4f6d90,A-6a7c9d,2024-11-15,churn_recorded,False,,features,unreconciled,,,,,,,178.84,paid_line_active,True,2024-11-29,requires_contract_billing_confirmation,missing features,source_not_identified
C-f51f1d,A-32fb14,2024-04-28,churn_recorded,False,,competitor,unreconciled,,,,,,,0.0,paid_line_active,True,2024-07-05,requires_contract_billing_confirmation,too expensive,source_not_identified
C-bd5e5e,A-bd4513,2024-12-09,churn_recorded,False,,budget,unreconciled,,,,,,,35.14,paid_line_active,True,2024-12-13,requires_contract_billing_confirmation,too expensive,source_not_identified
C-9fd0cf,A-eb7fac,2024-07-22,churn_recorded,False,,unknown,unreconciled,,,,,,,0.0,paid_line_active,True,2024-09-03,requires_contract_billing_confirmation,switched to competitor,source_not_identified
C-dcbfa4,A-4e44e8,2024-08-25,churn_recorded,False,,features,unreconciled,,,,,,,35.48,paid_line_active,True,2024-09-01,requires_contract_billing_confirmation,too expensive,source_not_identified
C-f1268a,A-32728c,2024-07-19,churn_recorded,True,,budget,unreconciled,,,,,,,7.58,paid_line_active,True,2024-09-17,requires_contract_billing_confirmation,missing features,source_not_identified
C-0b2d8c,A-1b9609,2024-01-02,churn_recorded,False,,unknown,unreconciled,,,,,,,0.0,paid_line_active,True,2024-01-11,requires_contract_billing_confirmation,switched to competitor,source_not_identified
C-26865a,A-854864,2024-12-24,churn_recorded,False,,support,unreconciled,,,,,,,8.47,paid_line_active,True,2024-12-25,requires_contract_billing_confirmation,switched to competitor,source_not_identified
C-fba952,A-118d55,2024-12-27,churn_recorded,False,,pricing,unreconciled,,,,,,,0.0,paid_line_active,True,2024-12-30,requires_contract_billing_confirmation,too expensive,source_not_identified
C-e4261a,A-417d2f,2024-12-30,churn_recorded,False,,budget,unreconciled,,,,,,,0.0,paid_line_active,True,,requires_contract_billing_confirmation,missing features,source_not_identified
C-ab36fc,A-f03140,2024-10-03,churn_recorded,False,,competitor,unreconciled,,,,,,,0.0,paid_line_active,True,2024-10-04,requires_contract_billing_confirmation,missing features,source_not_identified
C-fdb715,A-241e75,2024-10-11,churn_recorded,False,,unknown,unreconciled,,,,,,,0.0,paid_line_active,True,2024-10-19,requires_contract_billing_confirmation,,source_not_identified
C-fcfc3c,A-98a59a,2024-09-11,churn_recorded,False,,support,unreconciled,,,,,,,0.0,paid_line_active,True,2024-09-12,requires_contract_billing_confirmation,switched to competitor,source_not_identified
C-a119b0,A-9f2731,2024-12-09,churn_recorded,False,,unknown,unreconciled,,,,,,,136.94,paid_line_active,True,,requires_contract_billing_confirmation,missing features,source_not_identified
C-cdb4d0,A-c222ab,2024-10-05,churn_recorded,False,,support,unreconciled,,,,,,,0.0,paid_line_active,True,2024-10-07,requires_contract_billing_confirmation,,source_not_identified
C-d08588,A-e51ec7,2024-01-15,churn_recorded,False,,budget,unreconciled,,,,,,,0.0,paid_line_active,True,2024-04-18,requires_contract_billing_confirmation,too expensive,source_not_identified
C-1eead2,A-5790f4,2024-12-26,churn_recorded,False,,support,unreconciled,,,,,,,51.18,paid_line_active,True,,requires_contract_billing_confirmation,too expensive,source_not_identified
C-9b6151,A-2bc93d,2024-08-15,churn_recorded,True,,competitor,unreconciled,,,,,,,99.1,paid_line_active,True,2024-09-10,requires_contract_billing_confirmation,switched to competitor,source_not_identified
C-cfb464,A-eb2fdc,2024-05-26,churn_recorded,False,,competitor,unreconciled,,,,,,,0.0,paid_line_active,True,2024-05-31,requires_contract_billing_confirmation,missing features,source_not_identified
C-249af9,A-ac14bb,2024-08-29,churn_recorded,False,,pricing,unreconciled,,,,,,,128.79,paid_line_active,True,,requires_contract_billing_confirmation,switched to competitor,source_not_identified
C-193426,A-7988d1,2024-12-24,churn_recorded,False,,unknown,unreconciled,,,,,,,0.0,paid_line_active,True,,requires_contract_billing_confirmation,missing features,source_not_identified
C-6a6704,A-180abf,2024-05-08,churn_recorded,False,,support,unreconciled,,,,,,,0.0,paid_line_active,True,2024-07-10,requires_contract_billing_confirmation,switched to competitor,source_not_identified
C-e41103,A-180abf,2024-05-04,churn_recorded,False,,competitor,unreconciled,,,,,,,0.0,paid_line_active,True,2024-07-10,requires_contract_billing_confirmation,,source_not_identified
C-53546c,A-e61e98,2024-10-19,churn_recorded,False,,features,unreconciled,,,,,,,0.0,paid_line_active,True,,requires_contract_billing_confirmation,switched to competitor,source_not_identified
C-f6f8a5,A-2d1036,2024-10-28,churn_recorded,True,,pricing,unreconciled,,,,,,,39.09,paid_line_active,True,2024-11-21,requires_contract_billing_confirmation,switched to competitor,source_not_identified
C-551bc8,A-87aa7b,2024-06-07,churn_recorded,False,,budget,unreconciled,,,,,,,0.0,paid_line_active,True,2024-06-17,requires_contract_billing_confirmation,,source_not_identified
C-31a49a,A-9123ac,2024-04-05,churn_recorded,True,,support,unreconciled,,,,,,,0.0,paid_line_active,True,2024-05-27,requires_contract_billing_confirmation,too expensive,source_not_identified
C-ef2329,A-0f6450,2024-12-30,churn_recorded,False,,competitor,unreconciled,,,,,,,0.0,paid_line_active,True,2024-12-31,requires_contract_billing_confirmation,,source_not_identified
C-88877a,A-313be3,2023-12-09,churn_recorded,False,,competitor,unreconciled,,,,,,,0.0,before_first_paid,False,2023-12-11,requires_contract_billing_confirmation,,source_not_identified
C-28085c,A-4bfa33,2024-12-21,churn_recorded,False,,budget,unreconciled,,,,,,,92.5,paid_line_active,True,2024-12-24,requires_contract_billing_confirmation,,source_not_identified
C-5f203c,A-80eeb6,2024-02-09,churn_recorded,False,,budget,unreconciled,,,,,,,0.0,paid_line_active,True,2024-02-16,requires_contract_billing_confirmation,too expensive,source_not_identified
C-a6d0e1,A-b179bf,2024-12-05,churn_recorded,False,,features,unreconciled,,,,,,,0.0,paid_line_active,True,2024-12-24,requires_contract_billing_confirmation,missing features,source_not_identified
C-95a18e,A-241e75,2024-12-19,churn_recorded,False,,features,unreconciled,,,,,,,0.0,paid_line_active,True,,requires_contract_billing_confirmation,switched to competitor,source_not_identified
C-b0b16c,A-ae052e,2024-12-14,churn_recorded,False,,competitor,unreconciled,,,,,,,0.0,paid_line_active,True,,requires_contract_billing_confirmation,too expensive,source_not_identified
C-dfe189,A-05f0e5,2024-11-25,churn_recorded,False,,features,unreconciled,,,,,,,72.19,paid_line_active,True,,requires_contract_billing_confirmation,,source_not_identified
C-9fe257,A-157070,2024-12-27,churn_recorded,False,,features,unreconciled,,,,,,,0.0,paid_line_active,True,,requires_contract_billing_confirmation,too expensive,source_not_identified
C-c1bc7e,A-993085,2023-09-20,churn_recorded,False,,features,unreconciled,,,,,,,0.0,paid_line_active,True,2023-09-22,requires_contract_billing_confirmation,,source_not_identified
C-27e9c1,A-c16b88,2024-06-01,churn_recorded,False,,competitor,unreconciled,,,,,,,0.0,before_first_paid,False,2024-06-03,requires_contract_billing_confirmation,switched to competitor,source_not_identified
C-8f8593,A-05d3b3,2024-09-09,churn_recorded,False,,unknown,unreconciled,,,,,,,0.0,paid_line_active,True,2024-09-10,requires_contract_billing_confirmation,switched to competitor,source_not_identified
C-9775db,A-331424,2024-02-21,churn_recorded,False,,competitor,unreconciled,,,,,,,0.0,paid_line_active,True,2024-05-01,requires_contract_billing_confirmation,switched to competitor,source_not_identified
C-3efa9b,A-cdf020,2024-11-07,churn_recorded,True,,support,unreconciled,,,,,,,0.0,paid_line_active,True,,requires_contract_billing_confirmation,too expensive,source_not_identified
C-917c1d,A-39868b,2024-05-24,churn_recorded,True,,budget,unreconciled,,,,,,,0.0,paid_line_active,True,2024-06-02,requires_contract_billing_confirmation,too expensive,source_not_identified
C-2d659a,A-72799b,2024-05-05,churn_recorded,False,,pricing,unreconciled,,,,,,,0.0,paid_line_active,True,2024-05-17,requires_contract_billing_confirmation,switched to competitor,source_not_identified
C-5d9db3,A-39868b,2024-05-06,churn_recorded,False,,unknown,unreconciled,,,,,,,0.0,paid_line_active,True,2024-06-02,requires_contract_billing_confirmation,,source_not_identified
C-0c829f,A-c7ffc2,2023-04-15,churn_recorded,False,,budget,unreconciled,,,,,,,0.0,before_first_paid,False,2023-05-25,requires_contract_billing_confirmation,too expensive,source_not_identified
C-83b55f,A-5790f4,2024-12-25,churn_recorded,False,,features,unreconciled,,,,,,,392.92,paid_line_active,True,2024-12-26,requires_contract_billing_confirmation,switched to competitor,source_not_identified
C-fa6149,A-3d957b,2024-05-05,churn_recorded,False,,budget,unreconciled,,,,,,,0.0,before_first_paid,False,2024-07-15,requires_contract_billing_confirmation,too expensive,source_not_identified
C-76d762,A-51ec1b,2023-12-09,churn_recorded,True,,unknown,unreconciled,,,,,,,0.0,before_first_paid,False,2024-02-10,requires_contract_billing_confirmation,too expensive,source_not_identified
C-4b071b,A-118d55,2024-11-25,churn_recorded,False,,unknown,unreconciled,,,,,,,0.0,paid_line_active,True,2024-12-02,requires_contract_billing_confirmation,missing features,source_not_identified
C-b3431e,A-e3bd71,2023-12-30,churn_recorded,False,,support,unreconciled,,,,,,,0.0,paid_line_active,True,2024-01-11,requires_contract_billing_confirmation,switched to competitor,source_not_identified
C-9a1ccc,A-b2af2e,2024-11-14,churn_recorded,False,,pricing,unreconciled,,,,,,,0.0,paid_line_active,True,2024-12-31,requires_contract_billing_confirmation,,source_not_identified
C-cb924b,A-089363,2023-11-27,churn_recorded,False,,pricing,unreconciled,,,,,,,0.0,paid_line_active,True,2024-01-10,requires_contract_billing_confirmation,switched to competitor,source_not_identified
C-a47d71,A-f51f16,2024-07-07,churn_recorded,False,,features,unreconciled,,,,,,,0.0,paid_line_active,True,2024-08-27,requires_contract_billing_confirmation,switched to competitor,source_not_identified
C-33c706,A-ffdfd5,2024-08-08,churn_recorded,False,,features,unreconciled,,,,,,,0.0,paid_line_active,True,2024-08-18,requires_contract_billing_confirmation,missing features,source_not_identified
C-901c1a,A-425e76,2023-08-10,churn_recorded,False,,competitor,unreconciled,,,,,,,0.0,paid_line_active,True,2023-08-18,requires_contract_billing_confirmation,too expensive,source_not_identified
C-481838,A-af0cd2,2023-10-26,churn_recorded,False,,unknown,unreconciled,,,,,,,0.0,paid_line_active,True,2024-05-30,requires_contract_billing_confirmation,switched to competitor,source_not_identified
C-ff002d,A-8ed5dd,2024-11-02,churn_recorded,False,,unknown,unreconciled,,,,,,,0.0,paid_line_active,True,2024-11-27,requires_contract_billing_confirmation,,source_not_identified
C-1cf079,A-354f12,2024-09-19,churn_recorded,False,,competitor,unreconciled,,,,,,,0.0,paid_line_active,True,2024-10-18,requires_contract_billing_confirmation,missing features,source_not_identified
C-f17b79,A-65c341,2024-03-07,churn_recorded,False,,support,unreconciled,,,,,,,0.0,paid_line_active,True,2024-03-14,requires_contract_billing_confirmation,too expensive,source_not_identified
C-020446,A-0cc442,2024-10-06,churn_recorded,True,,unknown,unreconciled,,,,,,,0.0,paid_line_active,True,2024-10-21,requires_contract_billing_confirmation,switched to competitor,source_not_identified
C-9f95d3,A-157070,2024-01-06,churn_recorded,False,,features,unreconciled,,,,,,,0.0,paid_line_active,True,2024-01-26,requires_contract_billing_confirmation,too expensive,source_not_identified
C-54993f,A-c43359,2024-12-19,churn_recorded,False,,support,unreconciled,,,,,,,8.92,paid_line_active,True,2024-12-22,requires_contract_billing_confirmation,missing features,source_not_identified
C-75ddda,A-425e76,2023-12-25,churn_recorded,False,,competitor,unreconciled,,,,,,,0.0,paid_line_active,True,2024-04-16,requires_contract_billing_confirmation,too expensive,source_not_identified
C-d7ded6,A-e888d1,2024-11-29,churn_recorded,False,,features,unreconciled,,,,,,,6.38,paid_line_active,True,2024-12-19,requires_contract_billing_confirmation,switched to competitor,source_not_identified
C-ba8af4,A-bb3bd4,2024-06-30,churn_recorded,False,,unknown,unreconciled,,,,,,,0.0,paid_line_active,True,2024-08-18,requires_contract_billing_confirmation,missing features,source_not_identified
C-811879,A-ad64c6,2024-07-29,churn_recorded,False,,unknown,unreconciled,,,,,,,0.0,paid_line_active,True,2024-08-15,requires_contract_billing_confirmation,,source_not_identified
C-6736e4,A-3be56b,2024-01-10,churn_recorded,False,,competitor,unreconciled,,,,,,,0.0,paid_line_active,True,2024-02-01,requires_contract_billing_confirmation,,source_not_identified
C-0f75be,A-0baac2,2024-10-18,churn_recorded,False,,features,unreconciled,,,,,,,30.73,paid_line_active,True,2024-10-27,requires_contract_billing_confirmation,too expensive,source_not_identified
C-59d7bd,A-0f3e88,2024-08-11,churn_recorded,False,,budget,unreconciled,,,,,,,0.0,paid_line_active,True,2024-10-08,requires_contract_billing_confirmation,missing features,source_not_identified
C-d0f6d8,A-6e7827,2023-09-19,churn_recorded,False,,support,unreconciled,,,,,,,0.0,paid_line_active,True,2023-11-05,requires_contract_billing_confirmation,switched to competitor,source_not_identified
C-9c899e,A-1e1b80,2024-10-14,churn_recorded,False,,competitor,unreconciled,,,,,,,0.0,paid_line_active,True,2024-11-04,requires_contract_billing_confirmation,,source_not_identified
C-fad4d3,A-d77f4c,2024-12-03,churn_recorded,False,,unknown,unreconciled,,,,,,,0.0,paid_line_active,True,2024-12-17,requires_contract_billing_confirmation,too expensive,source_not_identified
C-07ec1f,A-bbc346,2024-11-03,churn_recorded,False,,competitor,unreconciled,,,,,,,15.46,paid_line_active,True,2024-11-24,requires_contract_billing_confirmation,switched to competitor,source_not_identified
C-156544,A-d42431,2024-10-12,churn_recorded,False,,budget,unreconciled,,,,,,,17.42,paid_line_active,True,2024-10-17,requires_contract_billing_confirmation,switched to competitor,source_not_identified
C-e11abb,A-cc102e,2024-04-25,churn_recorded,False,,unknown,unreconciled,,,,,,,50.06,before_first_paid,False,2024-05-06,requires_contract_billing_confirmation,switched to competitor,source_not_identified
C-d85c26,A-42e5e1,2024-10-04,churn_recorded,True,,pricing,unreconciled,,,,,,,0.0,paid_line_active,True,2024-10-18,requires_contract_billing_confirmation,too expensive,source_not_identified
C-d28d0e,A-1e1b80,2023-10-04,churn_recorded,False,,competitor,unreconciled,,,,,,,0.0,before_first_paid,False,2023-10-11,requires_contract_billing_confirmation,missing features,source_not_identified
C-3bf203,A-e19ff6,2024-06-27,churn_recorded,False,,competitor,unreconciled,,,,,,,0.0,paid_line_active,True,2024-06-29,requires_contract_billing_confirmation,switched to competitor,source_not_identified
C-326d32,A-34d880,2024-12-20,churn_recorded,False,,unknown,unreconciled,,,,,,,10.4,paid_line_active,True,,requires_contract_billing_confirmation,missing features,source_not_identified
C-44918f,A-9208f0,2024-09-15,churn_recorded,True,,unknown,unreconciled,,,,,,,0.0,paid_line_active,True,,requires_contract_billing_confirmation,too expensive,source_not_identified
C-cf246e,A-7f6b86,2024-07-10,churn_recorded,False,,pricing,unreconciled,,,,,,,5.27,paid_line_active,True,2024-09-16,requires_contract_billing_confirmation,,source_not_identified
C-e20cc6,A-cc102e,2024-11-19,churn_recorded,False,,pricing,unreconciled,,,,,,,0.0,paid_line_active,True,2024-12-23,requires_contract_billing_confirmation,too expensive,source_not_identified
C-1f4cc0,A-56962b,2024-08-26,churn_recorded,False,,pricing,unreconciled,,,,,,,0.0,before_first_paid,False,2024-08-28,requires_contract_billing_confirmation,,source_not_identified
C-0d470e,A-7a0d69,2024-12-29,churn_recorded,False,,budget,unreconciled,,,,,,,0.0,paid_line_active,True,,requires_contract_billing_confirmation,,source_not_identified
C-562e14,A-c16cf7,2024-11-08,churn_recorded,False,,budget,unreconciled,,,,,,,0.0,paid_line_active,True,2024-11-13,requires_contract_billing_confirmation,,source_not_identified
C-06b32c,A-2ebb4b,2023-08-19,churn_recorded,False,,pricing,unreconciled,,,,,,,0.0,paid_line_active,True,2023-10-03,requires_contract_billing_confirmation,missing features,source_not_identified
C-4bbb74,A-c37cab,2024-11-16,churn_recorded,False,,competitor,unreconciled,,,,,,,0.0,paid_line_active,True,2024-11-26,requires_contract_billing_confirmation,missing features,source_not_identified
C-8e5c25,A-9b9fe9,2023-12-27,churn_recorded,False,,features,unreconciled,,,,,,,27.92,paid_line_active,True,2024-01-01,requires_contract_billing_confirmation,too expensive,source_not_identified
C-8a2d9d,A-0651a4,2024-11-22,churn_recorded,False,,features,unreconciled,,,,,,,0.0,paid_line_active,True,2024-11-24,requires_contract_billing_confirmation,missing features,source_not_identified
C-d39666,A-3b37d9,2023-12-26,churn_recorded,False,,budget,unreconciled,,,,,,,0.0,paid_line_active,True,2024-11-17,requires_contract_billing_confirmation,,source_not_identified
C-ed4dcb,A-5a3eb9,2024-06-12,churn_recorded,False,,competitor,unreconciled,,,,,,,58.37,paid_line_active,True,2024-06-14,requires_contract_billing_confirmation,missing features,source_not_identified
C-105c4c,A-0a62f5,2024-12-07,churn_recorded,False,,budget,unreconciled,,,,,,,21.95,paid_line_active,True,2024-12-21,requires_contract_billing_confirmation,,source_not_identified
C-c3b1e4,A-df1e44,2024-10-17,churn_recorded,False,,budget,unreconciled,,,,,,,0.0,paid_line_active,True,2024-10-29,requires_contract_billing_confirmation,too expensive,source_not_identified
C-b6997d,A-4ae22a,2024-07-20,churn_recorded,False,,pricing,unreconciled,,,,,,,0.0,paid_line_active,True,2024-07-24,requires_contract_billing_confirmation,,source_not_identified
C-36d17e,A-ac85cd,2024-12-13,churn_recorded,True,,pricing,unreconciled,,,,,,,102.39,paid_line_active,True,2024-12-23,requires_contract_billing_confirmation,,source_not_identified
C-5cfad3,A-bece89,2023-12-16,churn_recorded,False,,budget,unreconciled,,,,,,,56.15,before_first_paid,False,2024-01-18,requires_contract_billing_confirmation,missing features,source_not_identified
C-56b504,A-ef84cf,2024-08-14,churn_recorded,True,,unknown,unreconciled,,,,,,,18.81,paid_line_active,True,,requires_contract_billing_confirmation,switched to competitor,source_not_identified
C-2bf465,A-84ebe4,2024-01-20,churn_recorded,False,,support,unreconciled,,,,,,,0.0,paid_line_active,True,2024-02-14,requires_contract_billing_confirmation,missing features,source_not_identified
C-54ce4f,A-6dee43,2024-01-14,churn_recorded,False,,pricing,unreconciled,,,,,,,143.8,paid_line_active,True,2024-01-21,requires_contract_billing_confirmation,switched to competitor,source_not_identified
C-bb53cb,A-94f8c9,2024-05-02,churn_recorded,False,,budget,unreconciled,,,,,,,0.0,paid_line_active,True,2024-06-26,requires_contract_billing_confirmation,,source_not_identified
C-c4e0b8,A-b179bf,2024-10-31,churn_recorded,False,,support,unreconciled,,,,,,,0.0,before_first_paid,False,2024-11-15,requires_contract_billing_confirmation,too expensive,source_not_identified
C-ba801a,A-7cfe77,2024-09-09,churn_recorded,False,,unknown,unreconciled,,,,,,,0.0,paid_line_active,True,2024-11-21,requires_contract_billing_confirmation,,source_not_identified
C-1f8fd5,A-e351e1,2024-12-04,churn_recorded,True,,support,unreconciled,,,,,,,0.0,paid_line_active,True,2024-12-26,requires_contract_billing_confirmation,,source_not_identified
C-f477c9,A-3f9cc0,2024-07-18,churn_recorded,False,,pricing,unreconciled,,,,,,,0.0,paid_line_active,True,2024-07-21,requires_contract_billing_confirmation,too expensive,source_not_identified
C-4b854f,A-ef84cf,2024-09-28,churn_recorded,True,,pricing,unreconciled,,,,,,,0.0,paid_line_active,True,,requires_contract_billing_confirmation,too expensive,source_not_identified
C-1124ed,A-439b2f,2024-08-02,churn_recorded,True,,pricing,unreconciled,,,,,,,17.06,paid_line_active,True,2024-12-27,requires_contract_billing_confirmation,,source_not_identified
C-370962,A-075038,2024-09-05,churn_recorded,False,,features,unreconciled,,,,,,,6.38,paid_line_active,True,2024-10-26,requires_contract_billing_confirmation,,source_not_identified
C-cc90be,A-d82ef9,2024-08-06,churn_recorded,False,,budget,unreconciled,,,,,,,74.94,paid_line_active,True,2024-08-10,requires_contract_billing_confirmation,switched to competitor,source_not_identified
C-89af4e,A-d77f4c,2024-08-06,churn_recorded,False,,budget,unreconciled,,,,,,,0.0,paid_line_active,True,2024-10-10,requires_contract_billing_confirmation,too expensive,source_not_identified
C-e73b7f,A-e1462e,2023-10-05,churn_recorded,True,,support,unreconciled,,,,,,,0.0,paid_line_active,True,2023-12-01,requires_contract_billing_confirmation,too expensive,source_not_identified
C-5e0998,A-faa28c,2024-05-24,churn_recorded,False,,features,unreconciled,,,,,,,0.0,paid_line_active,True,2024-06-06,requires_contract_billing_confirmation,missing features,source_not_identified
C-09b7c7,A-08e34e,2024-09-01,churn_recorded,False,,features,unreconciled,,,,,,,3.57,paid_line_active,True,2024-09-02,requires_contract_billing_confirmation,missing features,source_not_identified
C-2299d7,A-fd7ad3,2024-11-23,churn_recorded,False,,support,unreconciled,,,,,,,0.0,paid_line_active,True,2024-11-26,requires_contract_billing_confirmation,too expensive,source_not_identified
C-67d3e1,A-86fc1d,2024-08-12,churn_recorded,False,,support,unreconciled,,,,,,,0.0,paid_line_active,True,2024-08-16,requires_contract_billing_confirmation,,source_not_identified
C-ca5f4b,A-832ec2,2024-09-15,churn_recorded,False,,pricing,unreconciled,,,,,,,0.0,paid_line_active,True,2024-11-27,requires_contract_billing_confirmation,switched to competitor,source_not_identified
C-0340b2,A-029f69,2024-10-31,churn_recorded,False,,competitor,unreconciled,,,,,,,0.0,paid_line_active,True,2024-11-08,requires_contract_billing_confirmation,switched to competitor,source_not_identified
C-5368b0,A-e83938,2024-08-11,churn_recorded,False,,pricing,unreconciled,,,,,,,0.0,paid_line_active,True,2024-11-28,requires_contract_billing_confirmation,switched to competitor,source_not_identified
C-ca81a1,A-ccc747,2024-09-02,churn_recorded,False,,competitor,unreconciled,,,,,,,0.0,paid_line_active,True,2024-09-11,requires_contract_billing_confirmation,switched to competitor,source_not_identified
C-ad7ea3,A-8145a0,2023-07-12,churn_recorded,False,,features,unreconciled,,,,,,,0.0,before_first_paid,False,2023-08-07,requires_contract_billing_confirmation,missing features,source_not_identified
C-864169,A-526d93,2024-08-05,churn_recorded,False,,support,unreconciled,,,,,,,6.77,paid_line_active,True,2024-09-26,requires_contract_billing_confirmation,switched to competitor,source_not_identified
C-488b42,A-1b707d,2023-07-21,churn_recorded,True,,competitor,unreconciled,,,,,,,0.0,before_first_paid,False,2023-11-14,requires_contract_billing_confirmation,missing features,source_not_identified
C-ce47da,A-cc102e,2024-11-19,churn_recorded,False,,pricing,unreconciled,,,,,,,61.1,paid_line_active,True,2024-12-23,requires_contract_billing_confirmation,switched to competitor,source_not_identified
C-fb2a95,A-902ef7,2024-09-26,churn_recorded,False,,pricing,unreconciled,,,,,,,0.0,paid_line_active,True,2024-09-30,requires_contract_billing_confirmation,too expensive,source_not_identified
C-8d834b,A-798a3f,2024-07-19,churn_recorded,False,,support,unreconciled,,,,,,,0.0,paid_line_active,True,2024-08-14,requires_contract_billing_confirmation,,source_not_identified
C-9e8172,A-ad64c6,2024-07-03,churn_recorded,False,,support,unreconciled,,,,,,,19.08,paid_line_active,True,2024-08-15,requires_contract_billing_confirmation,missing features,source_not_identified
C-474d36,A-6f50ae,2024-02-26,churn_recorded,True,,features,unreconciled,,,,,,,0.0,paid_line_active,True,2024-03-24,requires_contract_billing_confirmation,,source_not_identified
C-b7e6ac,A-9208f0,2024-05-24,churn_recorded,False,,budget,unreconciled,,,,,,,66.37,paid_line_active,True,,requires_contract_billing_confirmation,too expensive,source_not_identified
C-ffc2b8,A-0354fe,2024-11-15,churn_recorded,False,,unknown,unreconciled,,,,,,,0.0,paid_line_active,True,2024-11-16,requires_contract_billing_confirmation,switched to competitor,source_not_identified
C-a1bcf0,A-5ed98d,2024-09-27,churn_recorded,False,,features,unreconciled,,,,,,,0.0,paid_line_active,True,2024-11-01,requires_contract_billing_confirmation,missing features,source_not_identified
C-675c0a,A-a09355,2024-10-18,churn_recorded,False,,support,unreconciled,,,,,,,135.11,paid_line_active,True,2024-10-19,requires_contract_billing_confirmation,,source_not_identified
C-458075,A-4437e4,2024-06-21,churn_recorded,False,,features,unreconciled,,,,,,,0.0,paid_line_active,True,2024-07-10,requires_contract_billing_confirmation,too expensive,source_not_identified
C-3003bc,A-c58f49,2024-09-03,churn_recorded,False,,unknown,unreconciled,,,,,,,152.36,paid_line_active,True,2024-09-13,requires_contract_billing_confirmation,too expensive,source_not_identified
C-6ac144,A-6f50ae,2023-11-06,churn_recorded,False,,unknown,unreconciled,,,,,,,0.0,before_first_paid,False,2023-11-11,requires_contract_billing_confirmation,missing features,source_not_identified
C-9bb1b6,A-5ed98d,2024-10-02,churn_recorded,False,,competitor,unreconciled,,,,,,,0.0,paid_line_active,True,2024-11-01,requires_contract_billing_confirmation,missing features,source_not_identified
C-07fd6b,A-e351e1,2024-10-30,churn_recorded,False,,unknown,unreconciled,,,,,,,113.84,paid_line_active,True,2024-12-26,requires_contract_billing_confirmation,missing features,source_not_identified
C-2e2f04,A-2d1036,2024-10-19,churn_recorded,False,,budget,unreconciled,,,,,,,0.0,paid_line_active,True,2024-11-21,requires_contract_billing_confirmation,missing features,source_not_identified
C-2fc9c4,A-b30291,2024-09-03,churn_recorded,False,,competitor,unreconciled,,,,,,,277.54,paid_line_active,True,2024-09-27,requires_contract_billing_confirmation,too expensive,source_not_identified
C-109d03,A-1f0ac7,2024-11-08,churn_recorded,False,,support,unreconciled,,,,,,,0.0,paid_line_active,True,2024-11-14,requires_contract_billing_confirmation,missing features,source_not_identified
C-af7968,A-712426,2024-11-21,churn_recorded,False,,pricing,unreconciled,,,,,,,0.0,paid_line_active,True,2024-11-28,requires_contract_billing_confirmation,missing features,source_not_identified
C-785e8e,A-f25509,2024-11-10,churn_recorded,False,,features,unreconciled,,,,,,,0.0,paid_line_active,True,2024-12-26,requires_contract_billing_confirmation,,source_not_identified
C-2886ac,A-bcbe98,2024-11-25,churn_recorded,False,,competitor,unreconciled,,,,,,,0.0,paid_line_active,True,2024-12-06,requires_contract_billing_confirmation,missing features,source_not_identified
C-a40fa4,A-4c6f11,2024-06-29,churn_recorded,False,,competitor,unreconciled,,,,,,,0.0,paid_line_active,True,2024-07-14,requires_contract_billing_confirmation,too expensive,source_not_identified
C-965d90,A-df10db,2024-05-19,churn_recorded,False,,competitor,unreconciled,,,,,,,0.0,paid_line_active,True,2024-05-30,requires_contract_billing_confirmation,missing features,source_not_identified
C-6a6ed3,A-c1dfe1,2023-09-21,churn_recorded,False,,pricing,unreconciled,,,,,,,0.0,before_first_paid,False,2023-10-26,requires_contract_billing_confirmation,missing features,source_not_identified
C-9c89ca,A-3a7284,2024-12-26,churn_recorded,False,,unknown,unreconciled,,,,,,,0.0,paid_line_active,True,2024-12-28,requires_contract_billing_confirmation,missing features,source_not_identified
C-1dce6d,A-751c58,2024-12-16,churn_recorded,False,,budget,unreconciled,,,,,,,0.0,paid_line_active,True,2024-12-18,requires_contract_billing_confirmation,too expensive,source_not_identified
C-0d5e99,A-68f37c,2024-06-29,churn_recorded,True,,unknown,unreconciled,,,,,,,0.0,paid_line_active,True,2024-08-01,requires_contract_billing_confirmation,too expensive,source_not_identified
C-05bc56,A-533452,2024-11-17,churn_recorded,True,,features,unreconciled,,,,,,,0.0,before_first_paid,False,2024-11-21,requires_contract_billing_confirmation,missing features,source_not_identified
C-887a83,A-0baac2,2024-07-15,churn_recorded,False,,unknown,unreconciled,,,,,,,0.0,paid_line_active,True,2024-10-14,requires_contract_billing_confirmation,missing features,source_not_identified
C-84f039,A-b7724f,2024-01-01,churn_recorded,False,,support,unreconciled,,,,,,,78.25,paid_line_active,True,2024-06-20,requires_contract_billing_confirmation,missing features,source_not_identified
C-aad0f7,A-0dbdc6,2023-11-26,churn_recorded,False,,support,unreconciled,,,,,,,0.0,paid_line_active,True,2024-03-13,requires_contract_billing_confirmation,missing features,source_not_identified
C-6ab303,A-4c6f11,2024-10-18,churn_recorded,False,,competitor,unreconciled,,,,,,,0.0,paid_line_active,True,,requires_contract_billing_confirmation,too expensive,source_not_identified
C-4a3e8e,A-54ecc2,2024-11-23,churn_recorded,False,,support,unreconciled,,,,,,,0.0,paid_line_active,True,,requires_contract_billing_confirmation,,source_not_identified
C-f67026,A-b7ef83,2024-07-24,churn_recorded,False,,budget,unreconciled,,,,,,,60.25,paid_line_active,True,2024-09-14,requires_contract_billing_confirmation,missing features,source_not_identified
C-c6f6fe,A-922109,2024-12-17,churn_recorded,False,,support,unreconciled,,,,,,,0.0,paid_line_active,True,,requires_contract_billing_confirmation,,source_not_identified
C-374d5d,A-c43359,2024-12-12,churn_recorded,False,,unknown,unreconciled,,,,,,,0.0,paid_line_active,True,2024-12-14,requires_contract_billing_confirmation,too expensive,source_not_identified
C-8ae2f5,A-f25509,2024-05-17,churn_recorded,True,,features,unreconciled,,,,,,,0.0,before_first_paid,False,2024-05-28,requires_contract_billing_confirmation,,source_not_identified
C-c66a6c,A-02cd81,2024-04-30,churn_recorded,False,,pricing,unreconciled,,,,,,,0.0,paid_line_active,True,2024-05-04,requires_contract_billing_confirmation,,source_not_identified
C-7007f0,A-67be94,2024-05-28,churn_recorded,False,,support,unreconciled,,,,,,,74.55,paid_line_active,True,2024-06-20,requires_contract_billing_confirmation,missing features,source_not_identified
C-b411ad,A-ba6516,2024-03-17,churn_recorded,False,,budget,unreconciled,,,,,,,0.0,paid_line_active,True,2024-04-02,requires_contract_billing_confirmation,,source_not_identified
C-ca1379,A-ee42db,2024-11-12,churn_recorded,False,,unknown,unreconciled,,,,,,,23.52,paid_line_active,True,2024-12-22,requires_contract_billing_confirmation,,source_not_identified
C-615769,A-ccb686,2024-11-08,churn_recorded,False,,unknown,unreconciled,,,,,,,0.0,paid_line_active,True,2024-12-06,requires_contract_billing_confirmation,switched to competitor,source_not_identified
C-db2e8d,A-b7724f,2023-08-25,churn_recorded,False,,unknown,unreconciled,,,,,,,52.88,paid_line_active,True,2024-06-20,requires_contract_billing_confirmation,missing features,source_not_identified
C-ed73ea,A-5a3eb9,2024-04-14,churn_recorded,False,,features,unreconciled,,,,,,,0.0,paid_line_active,True,2024-05-28,requires_contract_billing_confirmation,,source_not_identified
C-e20d30,A-fd7ad3,2024-12-31,churn_recorded,False,,unknown,unreconciled,,,,,,,0.0,paid_line_active,True,,requires_contract_billing_confirmation,,source_not_identified
C-e42d29,A-a865bd,2023-11-26,churn_recorded,False,,unknown,unreconciled,,,,,,,0.0,before_first_paid,False,2024-01-17,requires_contract_billing_confirmation,missing features,source_not_identified
C-cd8fba,A-b7ef83,2024-06-01,churn_recorded,True,,unknown,unreconciled,,,,,,,0.0,before_first_paid,False,2024-06-12,requires_contract_billing_confirmation,too expensive,source_not_identified
C-2de339,A-e83938,2024-12-29,churn_recorded,False,,budget,unreconciled,,,,,,,13.5,paid_line_active,True,,requires_contract_billing_confirmation,,source_not_identified
C-ec714a,A-533452,2024-12-16,churn_recorded,False,,support,unreconciled,,,,,,,15.23,paid_line_active,True,2024-12-18,requires_contract_billing_confirmation,missing features,source_not_identified
C-a6aa23,A-ee42db,2023-10-13,churn_recorded,False,,support,unreconciled,,,,,,,0.0,paid_line_active,True,2023-10-21,requires_contract_billing_confirmation,missing features,source_not_identified
C-3b4085,A-4f18f0,2024-05-27,churn_recorded,False,,features,unreconciled,,,,,,,0.0,paid_line_active,True,2024-06-01,requires_contract_billing_confirmation,,source_not_identified
C-437da0,A-f6b2fb,2024-07-11,churn_recorded,False,,support,unreconciled,,,,,,,0.0,paid_line_active,True,2024-08-01,requires_contract_billing_confirmation,,source_not_identified
C-92da55,A-d26ab4,2024-12-26,churn_recorded,False,,pricing,unreconciled,,,,,,,86.02,paid_line_active,True,2024-12-27,requires_contract_billing_confirmation,too expensive,source_not_identified
C-307676,A-05f0e5,2024-01-14,churn_recorded,False,,unknown,unreconciled,,,,,,,0.0,paid_line_active,True,2024-02-28,requires_contract_billing_confirmation,missing features,source_not_identified
C-22d30d,A-d3c88e,2024-11-18,churn_recorded,False,,support,unreconciled,,,,,,,0.0,paid_line_active,True,2024-11-19,requires_contract_billing_confirmation,too expensive,source_not_identified
C-a4a4a7,A-104f1a,2024-09-09,churn_recorded,False,,features,unreconciled,,,,,,,0.0,paid_line_active,True,2024-10-11,requires_contract_billing_confirmation,switched to competitor,source_not_identified
C-16ddba,A-b2225d,2024-05-16,churn_recorded,False,,support,unreconciled,,,,,,,0.0,paid_line_active,True,2024-05-21,requires_contract_billing_confirmation,switched to competitor,source_not_identified
C-e8f3f5,A-5790f4,2024-12-31,churn_recorded,False,,competitor,unreconciled,,,,,,,0.0,paid_line_active,True,,requires_contract_billing_confirmation,too expensive,source_not_identified
C-6b9663,A-104f1a,2024-12-11,churn_recorded,False,,unknown,unreconciled,,,,,,,0.0,paid_line_active,True,2024-12-18,requires_contract_billing_confirmation,missing features,source_not_identified
C-65cff3,A-ccc747,2024-08-07,churn_recorded,False,,budget,unreconciled,,,,,,,104.25,paid_line_active,True,2024-09-11,requires_contract_billing_confirmation,,source_not_identified
C-a860c5,A-5f7781,2024-12-25,churn_recorded,False,,pricing,unreconciled,,,,,,,0.0,paid_line_active,True,,requires_contract_billing_confirmation,,source_not_identified
C-37929d,A-e1b9cd,2024-10-01,churn_recorded,False,,unknown,unreconciled,,,,,,,0.0,paid_line_active,True,2024-12-05,requires_contract_billing_confirmation,switched to competitor,source_not_identified
C-efe5bb,A-7988d1,2024-01-06,churn_recorded,False,,budget,unreconciled,,,,,,,0.0,before_first_paid,False,2024-04-29,requires_contract_billing_confirmation,too expensive,source_not_identified
C-248550,A-2922b6,2024-12-25,churn_recorded,False,,competitor,unreconciled,,,,,,,0.0,paid_line_active,True,,requires_contract_billing_confirmation,missing features,source_not_identified
C-38ef8e,A-0baac2,2024-09-30,churn_recorded,False,,pricing,unreconciled,,,,,,,0.0,previously_paid_no_active_line,True,2024-10-14,requires_contract_billing_confirmation,too expensive,source_not_identified
C-885a34,A-71615e,2024-07-16,churn_recorded,False,,pricing,unreconciled,,,,,,,0.0,paid_line_active,True,2024-07-20,requires_contract_billing_confirmation,missing features,source_not_identified
C-c4582f,A-9f0b68,2024-11-01,churn_recorded,False,,pricing,unreconciled,,,,,,,0.0,paid_line_active,True,2024-11-28,requires_contract_billing_confirmation,,source_not_identified
C-370175,A-9779ad,2024-08-03,churn_recorded,False,,competitor,unreconciled,,,,,,,0.0,paid_line_active,True,2024-08-14,requires_contract_billing_confirmation,missing features,source_not_identified
C-a529cf,A-bb3bd4,2024-05-30,churn_recorded,False,,pricing,unreconciled,,,,,,,0.0,paid_line_active,True,2024-06-11,requires_contract_billing_confirmation,missing features,source_not_identified
C-cc0058,A-f3ff05,2024-10-20,churn_recorded,False,,unknown,unreconciled,,,,,,,0.0,paid_line_active,True,2024-11-24,requires_contract_billing_confirmation,too expensive,source_not_identified
C-ae47d1,A-425e76,2024-10-22,churn_recorded,False,,competitor,unreconciled,,,,,,,0.0,paid_line_active,True,,requires_contract_billing_confirmation,switched to competitor,source_not_identified
C-59499c,A-fd7ad3,2024-11-12,churn_recorded,False,,pricing,unreconciled,,,,,,,70.03,paid_line_active,True,2024-11-26,requires_contract_billing_confirmation,switched to competitor,source_not_identified
C-b56a35,A-702032,2024-06-14,churn_recorded,False,,competitor,unreconciled,,,,,,,0.0,paid_line_active,True,2024-10-28,requires_contract_billing_confirmation,switched to competitor,source_not_identified
C-7e7822,A-dbc825,2024-02-03,churn_recorded,False,,budget,unreconciled,,,,,,,0.0,paid_line_active,True,2024-03-06,requires_contract_billing_confirmation,,source_not_identified
C-484fba,A-0a282f,2024-12-31,churn_recorded,False,,support,unreconciled,,,,,,,62.66,paid_line_active,True,,requires_contract_billing_confirmation,too expensive,source_not_identified
C-22f536,A-e5d6ab,2024-05-11,churn_recorded,False,,competitor,unreconciled,,,,,,,0.0,paid_line_active,True,2024-06-27,requires_contract_billing_confirmation,,source_not_identified
C-5e0b68,A-1f559b,2024-09-28,churn_recorded,False,,features,unreconciled,,,,,,,0.0,paid_line_active,True,2024-10-17,requires_contract_billing_confirmation,,source_not_identified
