subscription_id,upgrade_flag,downgrade_flag,churn_flag
S-8cec59,False,False,True
S-0f6f44,False,False,False
S-51c0d1,True,False,False
S-f81687,False,False,True
S-cff5a2,False,False,False
S-4b9b13,False,False,False
S-dceac6,False,False,False
S-8cad7b,False,False,False
S-24796e,False,False,False
S-d0c344,False,False,False
S-477506,False,False,False
S-79a9e1,False,False,False
S-59dc4b,True,True,False
S-7acd8b,False,False,False
S-428e9a,False,False,False
S-486088,False,False,False
S-13939b,False,False,True
S-9333c5,False,False,True
S-37e3ad,False,False,False
S-b17d04,False,False,False
S-c27134,False,False,False
S-3bd427,False,False,True
S-82989b,False,False,False
S-082b15,False,False,False
S-434140,False,False,False
S-c07ede,False,False,False
S-287914,False,False,False
S-b3bd43,False,False,False
S-4c82da,False,False,False
S-c75159,False,False,True
S-b5643b,False,False,False
S-49a9aa,False,False,False
S-2877e6,True,True,False
S-8c10c1,False,False,False
S-d7d398,False,False,False
S-ddad91,False,False,False
S-6762fa,False,False,False
S-bb1cf1,True,False,False
S-a805a5,False,False,False
S-da0a69,False,False,False
S-59c5d7,True,False,False
S-d3faae,False,False,False
S-73a4e4,False,False,False
S-35c8a3,False,False,False
S-99fbf7,False,False,False
S-e97b9f,False,False,False
S-763d33,False,True,False
S-323782,False,False,False
S-1cff18,False,False,False
S-ad39ef,True,False,False
S-bf806d,False,False,False
S-36f6ec,True,False,False
S-aff55c,False,False,True
S-b9fc6c,False,False,False
S-7f8cd8,False,False,True
S-e912e6,False,False,False
S-fef85a,False,False,False
S-36d5c9,False,False,False
S-b9ff15,False,False,False
S-10bd09,False,False,False
S-12bfc8,False,False,False
S-f5c472,False,False,False
S-dbc1ca,False,False,False
S-dc6dfd,False,False,False
S-b2d472,False,False,True
S-9dfce0,False,False,False
S-9cb6a7,False,False,False
S-dabcd2,False,False,False
S-8c3cc8,False,False,False
S-2923fc,False,False,False
S-f0a2e5,False,False,False
S-025bea,True,False,False
S-0e499f,False,False,False
S-0267b7,False,False,True
S-b5b9a5,False,False,False
S-8e45ba,False,False,False
S-37ed34,False,False,False
S-65dbf3,False,False,False
S-ce5450,False,False,True
S-6c969d,False,False,False
S-522aef,False,False,False
S-82db05,False,False,False
S-162596,False,False,False
S-f703bd,False,False,False
S-a1d6ad,False,False,False
S-8b1fc1,False,False,False
S-09cdac,False,False,True
S-fa5301,False,False,False
S-69937b,False,False,False
S-f2537d,False,False,False
S-27f7b2,False,False,False
S-9c2b8e,True,False,False
S-a4f26d,False,False,False
S-0cb6ed,False,False,True
S-367dee,False,False,False
S-3b9ad8,False,False,False
S-c9f8c1,False,True,False
S-57cd05,False,False,False
S-e505c1,False,False,False
S-121b4d,False,False,False
S-72b4f2,False,False,False
S-c9b0cc,False,False,False
S-27c993,False,False,False
S-8b9889,False,False,False
S-2214c6,False,False,False
S-ce695e,False,False,False
S-066d80,False,False,False
S-228457,False,False,False
S-e50612,False,False,False
S-64fba3,False,False,False
S-2372d2,False,False,False
S-2661dc,False,False,False
S-427275,False,False,False
S-628729,False,True,False
S-e260ff,False,False,False
S-89c03a,False,False,False
S-86455a,False,False,False
S-3660bb,False,False,False
S-6bf7d7,False,True,False
S-feccd8,False,False,False
S-0e4b0c,False,True,True
S-0e0578,False,False,False
S-74538d,False,False,False
S-c2a6cb,True,False,False
S-1bd2ec,False,False,True
S-3cc352,False,False,False
S-124207,False,False,False
S-76e7d9,False,False,False
S-44f453,False,False,False
S-03a97f,False,False,False
S-80c01c,True,False,False
S-666181,False,False,False
S-401496,True,False,True
S-ca0c98,False,False,False
S-017e33,False,False,True
S-183073,False,False,False
S-22f503,False,False,False
S-7de1b7,False,False,False
S-c7f564,True,False,False
S-ceffe9,False,False,False
S-9b2c95,False,False,True
S-cf6ec1,True,False,False
S-a44d72,False,False,False
S-0b0ffa,False,False,True
S-02af5d,False,False,False
S-d07c53,False,False,False
S-c67b80,False,False,False
S-5d68fb,False,False,False
S-fc9cc3,False,False,False
S-17f71d,True,False,False
S-5895f0,False,False,False
S-b042d9,False,False,False
S-ffd1ee,False,False,False
S-9c4bcd,True,False,False
S-4f91d0,False,False,False
S-672f1b,False,False,False
S-101201,False,False,False
S-eea643,False,False,False
S-5f9a67,False,False,False
S-327e7c,False,False,False
S-d97c5f,False,False,False
S-029c20,False,False,False
S-a74462,False,False,False
S-02ec76,False,False,False
S-d1c9e3,False,False,False
S-51d8db,False,False,False
S-c3c85e,False,False,False
S-44a646,False,False,False
S-431c03,False,False,True
S-4f0027,False,False,True
S-6c9ee1,False,False,False
S-396a84,False,False,True
S-6bea24,False,False,False
S-259804,False,False,False
S-33e40e,False,False,True
S-fbd522,False,False,False
S-bbafad,False,False,True
S-3edc14,False,False,False
S-11e29d,False,False,False
S-1feff8,False,False,False
S-61e86c,False,False,False
S-af41f0,False,False,False
S-65ae02,False,False,False
S-f7fccd,True,False,False
S-7904d3,False,False,True
S-48a54e,False,False,False
S-4a08bd,False,False,False
S-faa8ec,False,False,False
S-8db104,False,True,False
S-3c0121,False,False,False
S-13ca37,False,True,False
S-163e64,False,False,False
S-4d1ba6,False,False,False
S-e98d6b,False,False,False
S-041624,False,False,False
S-b78829,False,False,False
S-ca1c21,False,False,False
S-e1de58,True,False,False
S-721fea,False,True,False
S-eaac58,False,False,False
S-1218fd,True,False,False
S-936732,False,False,True
S-c2f293,False,False,True
S-fe3b71,False,False,False
S-f5f5b3,False,False,True
S-4afb53,False,False,True
S-851bbe,True,False,False
S-dab0d5,False,False,False
S-9aa190,False,False,False
S-f89d8c,False,False,False
S-766a62,False,False,False
S-10134d,False,False,False
S-85de7a,False,True,False
S-85796b,False,False,True
S-c97464,False,False,False
S-6732ff,False,False,False
S-aa20eb,False,False,False
S-b6aabe,False,False,False
S-0ff339,False,False,False
S-4d664d,True,True,False
S-8deb5f,False,False,False
S-e2d4e9,True,False,False
S-d8441d,False,False,False
S-6d356a,False,False,False
S-c005ac,False,False,False
S-d0913e,False,False,False
S-4bef15,False,False,True
S-2573e4,False,False,False
S-80c291,False,False,False
S-64acb8,False,False,False
S-13a948,True,False,False
S-081b81,False,False,False
S-68c537,False,False,False
S-3f82bc,False,True,False
S-fe6311,False,False,False
S-b3c4b8,False,False,False
S-8923b3,False,False,False
S-2410c6,False,False,False
S-7a06fe,False,False,False
S-ceaca8,False,False,False
S-02c3e7,False,False,False
S-3a1a06,False,False,False
S-7f5d03,False,False,False
S-c10f0c,False,False,False
S-cdd00a,False,False,False
S-d57a67,False,False,False
S-f75ac4,False,False,False
S-76c59f,False,False,False
S-0a15fa,False,False,False
S-d0f5fb,False,False,False
S-ffb6cc,False,False,False
S-1b8300,True,False,False
S-88de1c,False,False,False
S-a88ffd,False,False,False
S-f12a54,False,False,False
S-f9b284,False,False,False
S-61e53d,False,False,True
S-4c5456,False,False,False
S-b15cde,False,False,False
S-9e6a18,True,False,False
S-0b2ac3,False,False,False
S-cb8a5c,False,False,False
S-8b52b5,False,False,False
S-79b2bc,False,False,False
S-4fd9ba,True,False,False
S-163e9d,False,False,False
S-8324d4,False,False,True
S-22f848,False,False,False
S-b32512,False,False,False
S-98ac99,True,False,False
S-93fab3,False,False,True
S-838330,False,False,False
S-720d62,False,False,False
S-e2500e,False,False,False
S-2c091a,False,False,False
S-55d53c,False,False,False
S-df2fb8,False,False,False
S-24ae40,False,False,True
S-bdd4c5,False,False,False
S-2196c4,False,False,False
S-9626f8,False,False,False
S-03340d,False,False,False
S-ae1882,False,False,False
S-1cdd2c,False,False,False
S-6b7aa4,False,False,False
S-dfe952,False,False,False
S-763384,False,False,False
S-3e6a40,False,False,False
S-5fffe8,False,False,False
S-e51242,False,False,False
S-ae3270,False,False,False
S-808668,False,False,False
S-388f70,False,False,False
S-b84a07,False,False,False
S-a24476,False,False,False
S-ff78bf,False,False,False
S-695c1e,False,False,False
S-f97609,True,False,False
S-fee60b,False,False,True
S-3cc163,True,False,False
S-534c28,False,False,False
S-e1d553,False,False,False
S-358daa,False,False,False
S-ff2761,True,False,False
S-b6d200,False,False,False
S-518472,False,False,False
S-682d28,False,False,False
S-0a2238,False,False,False
S-6e4c1a,False,False,False
S-7564e1,False,False,False
S-41023c,False,False,False
S-6e0006,False,False,False
S-7e1791,False,False,False
S-1109d6,False,True,False
S-b35203,False,True,False
S-ef4ad8,False,False,False
S-2dad6b,False,False,False
S-4c100f,False,False,False
S-17cfc4,False,True,False
S-c317f9,False,False,False
S-3311b1,True,False,False
S-26e8f0,False,False,False
S-807d87,False,False,False
S-c4aa5f,False,False,False
S-86c28f,False,False,False
S-d635a2,False,False,False
S-463525,False,False,False
S-b2238e,False,False,False
S-d01053,False,False,True
S-b9bbfd,False,False,False
S-790762,False,False,False
S-321498,False,False,True
S-8cf2ef,False,False,False
S-48aa95,False,False,False
S-42218c,False,False,False
S-e6e96f,False,False,False
S-627cfa,False,False,True
S-47a04b,False,False,False
S-2a6eb3,False,False,False
S-c5f3d4,False,False,False
S-c3bf1d,False,False,False
S-a82441,False,False,False
S-ccdf41,False,False,False
S-3503cb,False,False,False
S-ed32c7,False,False,False
S-64bd69,False,False,False
S-abd244,False,False,False
S-1e83a6,False,False,False
S-e86a94,False,False,False
S-2480b0,False,False,False
S-095083,False,False,False
S-07abdd,False,False,False
S-c29f3a,True,False,False
S-b4ac47,False,False,False
S-2e017b,False,False,True
S-c64e87,False,False,False
S-c24467,False,False,False
S-f7b0e0,False,False,False
S-edeacd,False,False,False
S-3d6b69,False,False,False
S-63e282,True,False,True
S-ef2a21,False,False,True
S-e052d8,False,False,False
S-2d51ca,False,False,False
S-0921a1,False,False,False
S-62c98f,False,False,False
S-1cff77,False,False,False
S-3a28a1,False,False,False
S-42aaf0,False,False,True
S-d02277,True,False,False
S-72b92f,False,False,False
S-15609d,False,False,False
S-6d12c1,False,False,False
S-1bf267,False,False,False
S-2d4edf,False,False,False
S-050a91,False,False,False
S-e41457,False,False,False
S-9f2386,False,False,False
S-e23fd8,False,False,False
S-c1056f,False,False,False
S-c4c9ce,False,False,True
S-dc90ef,False,False,False
S-fc1114,False,False,True
S-b95110,False,False,False
S-e2e052,False,False,False
S-0de78a,False,False,False
S-8a37c8,False,False,False
S-8d6cec,True,False,False
S-65dd83,False,False,False
S-fa7c1a,False,False,False
S-cc964d,False,False,False
S-e72beb,True,False,False
S-80199e,True,False,False
S-b6f87e,False,False,False
S-6129d4,False,False,False
S-7b647e,False,True,False
S-426f2f,False,False,False
S-02cde8,False,False,False
S-61a87e,False,False,False
S-5698bd,False,False,False
S-702fe2,False,False,False
S-3e510d,False,True,False
S-ec7c12,False,False,False
S-d725da,False,False,False
S-c84c8d,False,False,False
S-049328,False,False,False
S-d9ad28,False,False,False
S-eec041,True,False,False
S-a554da,False,False,True
S-2ccc04,False,False,False
S-984f8b,False,True,True
S-d3613b,False,False,False
S-e27a20,False,False,False
S-41871d,False,False,False
S-9686c6,False,False,True
S-9b1f0e,True,False,False
S-3445f5,False,False,False
S-f6e14c,False,False,False
S-94cfff,False,False,True
S-ceb9bd,False,False,False
S-2c270f,False,False,False
S-baba71,False,False,False
S-d33d84,False,False,False
S-c1012c,False,False,False
S-42af3d,False,False,False
S-d4cc9b,False,False,False
S-1351ac,False,False,False
S-753a0a,False,False,False
S-62a710,False,False,False
S-85eb8f,False,False,False
S-e6f639,False,False,False
S-85ba19,True,False,False
S-a14f63,False,True,False
S-f80ef5,False,False,False
S-ed4e09,True,False,False
S-f49e0b,True,False,True
S-22be2c,False,False,False
S-6587d8,False,False,False
S-44fba6,False,False,False
S-f14c84,False,False,False
S-f243c1,False,False,True
S-ca454e,False,False,False
S-3e8283,True,False,False
S-70ae65,True,False,False
S-f615d2,True,False,False
S-a8f236,False,False,False
S-684751,False,False,False
S-4d9635,False,False,False
S-43c489,False,False,False
S-a346d6,False,False,True
S-47ce2d,False,False,False
S-b4212b,True,False,True
S-006908,False,True,False
S-60b7c7,False,False,False
S-3e54f5,False,False,False
S-e32789,False,True,False
S-6f398a,False,False,False
S-ccc0fe,False,False,False
S-1dd0ad,True,False,False
S-52385a,False,False,False
S-26a630,False,False,False
S-904784,False,False,False
S-80a6a6,False,False,False
S-d2d423,False,False,False
S-bdac36,False,False,False
S-a68f4f,False,False,False
S-eb84b1,False,False,False
S-c9b181,True,False,False
S-2e55e6,False,False,False
S-863c87,True,False,False
S-7564c5,False,False,False
S-8a9db8,False,False,True
S-200752,True,False,False
S-74e211,True,False,False
S-2aadef,False,False,False
S-fdc415,False,False,False
S-c03f87,False,False,False
S-a245f6,False,False,False
S-a1cc61,False,False,False
S-9b96c2,False,False,False
S-2e79e8,False,False,False
S-f965de,True,False,True
S-abff7d,False,False,False
S-791c64,False,False,False
S-7b7be8,False,False,False
S-6055d4,False,False,False
S-938e4e,False,False,False
S-1f3254,False,False,False
S-2c4909,False,False,False
S-e143c9,False,False,False
S-c3213f,False,False,False
S-102053,False,False,False
S-43c2e3,True,False,False
S-a2b83d,False,False,False
S-b6793d,False,False,False
S-a3a1c1,False,False,False
S-260e48,False,False,False
S-e98296,False,True,False
S-7d55dc,False,False,False
S-d26ff6,False,False,False
S-ba8c46,True,False,False
S-992c2a,False,False,False
S-19f899,False,False,False
S-b95751,False,False,False
S-d74a31,False,False,False
S-676254,False,False,False
S-3ad7c4,True,False,True
S-96fb48,False,True,False
S-afea79,True,False,False
S-c8a983,False,False,False
S-e3c3c8,True,False,False
S-020222,False,False,False
S-65c079,False,False,False
S-056af2,False,False,False
S-09761d,False,False,False
S-a7d379,False,False,False
S-a903ad,False,False,False
S-de3416,False,False,False
S-9161b0,True,False,False
S-f3274c,False,False,False
S-2991c7,False,False,False
S-239a39,False,False,False
S-19f80d,False,False,False
S-13c8b6,False,False,False
S-d5a07a,False,False,False
S-e5ba1c,False,False,False
S-e2793d,False,False,False
S-a37653,False,False,False
S-0b25d7,False,False,False
S-75c1b4,False,False,True
S-7262b9,False,False,False
S-6c6e62,False,False,False
S-add03a,False,False,False
S-648e54,True,False,False
S-01bbfe,False,False,False
S-6c9dc9,False,False,False
S-826424,False,False,False
S-e64c2b,True,False,False
S-c693b6,True,False,False
S-096065,False,False,False
S-d449e1,False,False,True
S-592c0d,False,False,False
S-ab24c6,False,True,False
S-e32b34,False,False,False
S-191550,True,False,False
S-c65c8b,False,False,False
S-39e88c,False,False,False
S-9a08ff,False,False,False
S-95d15a,False,False,False
S-7c5f3b,False,False,False
S-70af60,False,False,False
S-175429,False,False,False
S-d36b9f,False,False,False
S-65071f,False,False,False
S-ab63e3,False,False,False
S-260d1e,False,False,False
S-bdc6b7,False,False,True
S-1c3522,False,False,False
S-891ad9,False,False,False
S-2c1ca6,False,False,False
S-11066a,False,False,True
S-f4db1d,False,False,False
S-45baa6,False,False,False
S-f74ac6,False,False,False
S-bc1457,False,True,False
S-b8daaa,False,False,False
S-49aa80,False,True,True
S-9740c1,False,False,False
S-d6c9dc,False,False,False
S-1e8c9e,False,False,False
S-4c0b7b,False,True,False
S-e7b281,False,False,False
S-761a0f,False,False,False
S-859ee0,False,False,False
S-924925,False,False,False
S-c55cbb,False,False,False
S-872bdd,False,False,False
S-bf9b37,False,False,False
S-51924b,False,False,False
S-b03125,False,True,False
S-02ab8b,False,False,False
S-de5d6e,False,False,False
S-e1fa5b,False,False,True
S-b41494,False,False,False
S-d7ccbd,False,False,False
S-34f2f9,False,False,False
S-54d2a3,False,False,False
S-d1350e,False,False,False
S-e76e80,False,False,False
S-f4097a,False,False,False
S-d4f02f,False,False,False
S-bf3403,False,False,False
S-0a83cc,False,False,False
S-1a9fb7,False,False,False
S-1a3627,False,False,False
S-93f835,True,False,False
S-75e469,False,False,False
S-409291,False,False,False
S-41cdf0,True,False,True
S-5be27b,False,False,False
S-8f7c91,False,False,False
S-aaed3e,False,False,False
S-4fdfa3,False,False,False
S-f421c8,False,False,False
S-34553e,False,False,False
S-e6a17a,True,False,True
S-9d36ff,False,False,False
S-583ae2,False,False,False
S-e162d0,False,False,False
S-96383d,False,False,False
S-f0ad87,False,False,False
S-d619ad,False,False,False
S-d65491,False,False,False
S-34cc51,False,False,False
S-e4ba87,False,False,False
S-709484,False,False,False
S-631547,False,False,False
S-d7e65d,False,False,False
S-f32440,False,False,False
S-44d025,False,False,False
S-e3a257,False,False,False
S-6e0562,False,False,False
S-11d378,True,False,False
S-a69559,False,False,False
S-984423,False,False,False
S-49e3e5,True,False,False
S-0b6e58,False,False,False
S-16ef7a,False,False,False
S-3fb291,False,False,False
S-f6cd70,False,False,False
S-e7d026,False,False,False
S-c2fd82,False,False,True
S-38131a,False,False,False
S-aa3a36,True,False,False
S-46eb1c,False,False,False
S-6ed77d,False,False,False
S-f72b84,False,False,False
S-0f0d3a,False,False,True
S-05b080,False,False,False
S-bae2c4,False,False,False
S-8ca9f0,False,False,True
S-33eb1d,False,False,False
S-45baac,False,False,False
S-e9dc6e,False,False,False
S-871e83,False,False,False
S-88a47f,False,False,False
S-9714fa,False,False,False
S-c77c84,False,False,False
S-86d360,False,False,False
S-c15fcc,False,False,True
S-b0ed51,False,False,False
S-2e7756,False,False,False
S-2fe253,False,False,True
S-a575f5,False,False,False
S-39bb68,False,False,False
S-7685a3,True,False,False
S-712f3a,False,False,True
S-dfa4c8,False,False,True
S-f3dd83,False,False,False
S-a900c2,False,False,False
S-302856,False,False,True
S-51b668,False,False,False
S-310ae0,False,False,True
S-21eeea,False,False,False
S-7b9b62,False,False,False
S-799da2,False,False,False
S-e82bdc,False,False,False
S-879b43,False,False,False
S-6fd24b,False,False,False
S-d2e00a,False,False,False
S-a916cb,False,False,False
S-3fe1c3,False,False,False
S-dccf50,False,False,False
S-023f3c,False,False,False
S-c35f78,True,False,False
S-eb15a1,False,False,False
S-079321,False,False,False
S-c25263,True,False,False
S-a86344,True,False,False
S-4cdee1,False,False,False
S-381c99,False,False,False
S-8e719f,False,False,False
S-d111f5,False,False,False
S-82484b,False,False,False
S-891eb4,False,False,False
S-4e3e04,False,False,False
S-7679b6,False,False,False
S-de9ce0,False,False,True
S-37d13a,False,False,False
S-7d0dea,False,True,False
S-83c56d,False,False,False
S-5ee117,False,False,False
S-5e572d,False,False,False
S-7b29d1,False,False,False
S-ff79f7,False,False,False
S-bb82ac,False,False,False
S-b21a0b,False,False,False
S-711820,False,False,False
S-22365f,False,False,False
S-f0d2fd,False,False,False
S-f225d0,False,False,False
S-a10eb2,False,False,False
S-78ffdd,False,False,False
S-97a010,False,False,False
S-7785af,True,False,False
S-120ae3,False,False,False
S-37b59a,False,False,True
S-f36371,False,False,False
S-329a60,False,False,False
S-5ca11a,False,False,False
S-c8fa77,False,False,False
S-016b5f,False,False,False
S-cf2b4a,False,False,True
S-6f1051,False,False,False
S-33db08,False,False,False
S-4daf2d,False,False,False
S-4ed997,False,False,False
S-8ae507,True,False,False
S-3eb206,False,False,False
S-6643a2,False,False,False
S-41ca59,False,False,False
S-720c17,False,False,False
S-afc545,False,False,False
S-5e6fc2,False,False,False
S-9dcef8,False,False,False
S-389426,False,False,False
S-1131ff,False,False,True
S-c9da7a,False,False,False
S-eabe72,False,False,False
S-fffeb8,False,False,False
S-92dede,False,False,False
S-8d122e,False,False,False
S-285534,False,False,False
S-1cebf9,False,False,False
S-36ad61,False,False,False
S-9fbee8,False,False,False
S-d5d8ef,False,False,False
S-418b7c,False,False,False
S-506cbd,False,False,True
S-ee5448,False,False,False
S-d32441,False,False,True
S-7f5316,False,False,False
S-bdf8bf,False,False,True
S-795878,False,False,False
S-2fc8fa,True,False,False
S-c508b3,False,False,False
S-42d724,False,False,False
S-bd9394,True,False,False
S-9b12da,False,False,True
S-3632aa,False,False,False
S-9488ec,False,False,False
S-f40318,False,False,False
S-214edb,False,False,False
S-d43a40,False,False,False
S-565c4b,False,False,False
S-1ebe39,False,False,False
S-dc3bbc,False,False,False
S-937207,False,False,False
S-14c8b9,False,False,False
S-fd648e,False,False,False
S-3b3fac,False,False,False
S-561850,False,False,False
S-2ded36,True,False,False
S-6904e6,False,False,False
S-07f282,False,False,False
S-343743,False,False,False
S-d92159,False,False,False
S-a9916f,False,False,False
S-ec690c,False,False,False
S-ee2669,False,False,False
S-e6cfc1,False,False,True
S-195f9b,False,False,False
S-704b48,False,False,True
S-a1d67e,False,False,False
S-55a3e4,False,False,False
S-ffd591,True,False,True
S-f0972b,False,False,False
S-65491f,False,False,False
S-ad26e3,False,False,True
S-53fa80,False,False,False
S-592443,False,True,False
S-6c6e91,False,False,False
S-c17a35,False,False,False
S-3a79ac,False,False,False
S-2f138c,False,False,False
S-d2b5db,False,False,False
S-b6c0a0,False,False,False
S-770018,False,False,False
S-18f7e5,False,False,False
S-80632f,False,False,False
S-c0e639,False,False,False
S-63606e,True,False,False
S-038c7d,False,False,False
S-0c03b0,False,False,False
S-18f829,True,False,False
S-4bfa1d,False,False,True
S-c657b6,False,False,False
S-8b721c,False,False,False
S-290ee5,False,False,False
S-f6f1e1,True,False,False
S-597873,False,False,False
S-e50d84,False,False,False
S-9ed535,False,False,False
S-e66f1a,False,False,False
S-c8ba3e,False,False,False
S-755e1b,False,False,False
S-5cba26,False,False,False
S-579a24,True,False,False
S-e561b9,False,True,True
S-8ae804,False,False,False
S-d97ff1,False,False,False
S-bb8429,False,False,False
S-78ba09,True,False,False
S-979365,False,True,False
S-b96ee3,False,False,False
S-70cc83,False,False,False
S-3b29ea,False,False,False
S-8ff318,False,False,True
S-0509b8,False,False,True
S-95cf94,False,False,False
S-7da02b,False,False,True
S-07ff57,False,False,False
S-a0ba0c,False,False,False
S-b250cc,True,False,False
S-d11e9f,False,False,False
S-24a63d,False,False,False
S-aba835,False,False,True
S-a0c517,True,False,False
S-c3cb12,False,False,False
S-a88726,False,False,False
S-d7ae8c,True,False,False
S-86fd71,False,False,False
S-cac22d,False,False,False
S-f463d3,True,False,False
S-6ceec5,False,False,False
S-9220c9,False,False,False
S-d97185,False,False,False
S-0e3b42,False,True,True
S-1ad0ca,False,False,False
S-21e372,False,False,False
S-05624a,False,False,False
S-44a7c3,False,False,False
S-a9e864,False,False,False
S-5e558a,False,False,False
S-ea5984,False,False,False
S-d6d433,False,False,True
S-d93967,False,False,False
S-0e8ae2,False,False,False
S-5eb846,False,False,False
S-472fda,False,False,False
S-afc4cb,False,False,False
S-a69aed,False,False,False
S-41f762,False,False,False
S-853f5d,False,False,False
S-35a22f,False,False,False
S-fd04d6,False,False,False
S-5ed35a,False,False,True
S-2ddf94,False,False,False
S-02be35,False,False,True
S-6e0edc,False,False,False
S-01990c,False,False,False
S-28eb12,False,False,False
S-5e06b2,False,False,False
S-a01aad,False,False,False
S-e42331,False,False,False
S-36ee88,False,False,False
S-b147b9,False,False,False
S-fc44ed,False,False,False
S-3ee7c3,False,False,True
S-7a9d40,False,False,True
S-53d6be,False,False,False
S-dbd6b9,False,False,False
S-e63c67,False,False,False
S-82eb3e,False,False,False
S-5a18e5,True,False,False
S-193d88,True,True,False
S-29b014,False,False,False
S-7ce677,False,False,False
S-7f7e38,False,False,False
S-c5723e,False,False,False
S-388190,False,False,False
S-da0fb6,False,False,False
S-95c467,False,False,False
S-15a058,False,False,True
S-67474a,False,False,False
S-8c767b,False,False,True
S-5bde76,False,False,False
S-746e1b,False,False,False
S-460deb,True,False,False
S-62af97,False,False,False
S-7b01d4,True,False,False
S-59f6b6,True,False,False
S-8013f6,False,False,True
S-dcd084,False,False,True
S-8e6903,False,False,False
S-a96f6c,False,False,False
S-7730b1,False,False,False
S-62f048,False,False,False
S-4f56f5,False,False,False
S-851743,True,False,False
S-8bfab5,False,False,True
S-f5d8ce,False,False,False
S-58a152,False,False,False
S-ec41f7,True,False,False
S-8a4156,False,False,False
S-b0af8f,False,False,False
S-6cafdf,False,False,False
S-708924,False,False,False
S-fced99,False,False,False
S-8c61f4,False,False,False
S-2daa17,False,False,False
S-81fe83,False,False,False
S-53f831,False,False,False
S-fe0c52,False,False,False
S-6d3f0b,False,False,False
S-25b756,True,False,False
S-c899a3,False,True,False
S-05ef15,False,False,False
S-8ececc,False,False,False
S-a24db6,True,False,False
S-9acc7f,False,False,False
S-bb1a91,False,False,False
S-80c296,False,False,False
S-275d57,False,False,False
S-6ca46a,True,False,False
S-98845b,False,False,False
S-fb285f,False,False,False
S-da9f05,False,True,False
S-9f38a5,False,False,False
S-dc7143,False,False,False
S-68ecd5,False,False,False
S-601bbe,True,False,False
S-a34e37,False,False,False
S-0a70a3,False,False,True
S-de543d,False,False,True
S-084e4f,False,False,False
S-febd10,False,False,False
S-25a969,False,False,False
S-5d299e,False,False,False
S-5a1fc3,False,False,False
S-af854c,False,False,False
S-70b1cf,False,False,False
S-feaca1,False,False,False
S-f1aa04,False,False,False
S-ca0eb1,False,False,False
S-a4b1af,False,False,False
S-b15faf,False,False,False
S-108282,False,False,False
S-9b623b,False,False,False
S-b28ec2,False,False,False
S-d1ef4d,False,False,False
S-c4a98e,False,False,False
S-bff8c5,False,False,False
S-3401bf,False,False,False
S-a583df,False,False,False
S-f80617,False,False,True
S-e7e013,False,False,False
S-4d2392,True,False,False
S-f6b264,False,False,False
S-c8fd93,True,False,True
S-f60667,True,False,False
S-8e602b,False,False,False
S-2ba4ee,False,False,False
S-ed75af,True,False,False
S-214d98,False,False,False
S-343642,False,False,False
S-f5c7b2,False,False,False
S-33df6f,False,False,True
S-9225ac,False,False,False
S-a332ba,False,False,True
S-c2168a,False,False,False
S-31090f,False,False,False
S-f316d5,False,True,False
S-6d0817,False,False,False
S-b63db8,False,False,False
S-cfcd07,False,False,False
S-c192eb,False,False,False
S-bfc0f8,False,False,False
S-90525e,False,False,False
S-4d9bfd,False,False,False
S-741431,False,False,False
S-c3660c,False,False,False
S-9a8d01,True,False,False
S-18e3a5,False,False,True
S-a04ba5,False,False,False
S-be601b,False,False,False
S-951de6,False,False,True
S-665df9,False,False,False
S-a0f3f7,False,False,False
S-e090ae,False,False,False
S-dad08c,False,False,False
S-053142,False,False,False
S-5a6941,False,False,False
S-856241,False,False,False
S-eaa2c2,False,False,False
S-e567db,False,False,False
S-94fc5d,False,False,False
S-474b5a,False,False,False
S-bf304b,False,False,False
S-b22602,False,False,True
S-09c11e,False,False,False
S-13d6d1,False,False,False
S-9eda4d,False,False,False
S-779baa,False,False,False
S-20952f,False,False,False
S-d2fae0,False,False,False
S-0206eb,False,False,False
S-3bd95c,True,False,False
S-88cb91,False,False,False
S-bb45bb,False,False,False
S-5c631b,False,False,False
S-6f6fca,True,False,False
S-b6ab32,False,False,True
S-9a6596,False,True,False
S-8e5df4,False,False,False
S-d2624d,False,False,False
S-3c1038,False,False,False
S-ee53e8,False,False,False
S-11eef4,False,False,False
S-9a065e,False,False,False
S-7a2991,False,False,False
S-ca136e,False,False,False
S-52b9a9,True,False,False
S-712e04,False,False,False
S-70e232,False,False,False
S-04911c,False,False,True
S-384681,False,True,False
S-875cf3,False,False,False
S-335e1e,False,False,False
S-da8d5f,False,False,False
S-8cd315,False,False,False
S-0bb284,False,False,False
S-0283b5,False,False,False
S-9a8f71,False,False,False
S-44c9ae,False,False,False
S-c98905,False,False,False
S-bcbe03,False,False,False
S-9871f4,False,False,False
S-635c1e,False,True,False
S-d32fbc,False,False,False
S-17e05f,False,False,False
S-9c6bd0,False,False,False
S-90d405,False,False,False
S-d80516,True,False,False
S-425607,False,False,False
S-0eb2e0,False,False,False
S-fe753c,False,False,False
S-cb54dc,False,False,False
S-e338a1,False,False,False
S-441ab2,False,False,False
S-bb9299,False,False,False
S-07c505,True,False,False
S-cd3a01,False,False,False
S-9d78e2,False,False,False
S-8ca516,False,False,False
S-cafa84,False,False,False
S-92f4b4,False,False,False
S-1ad713,False,False,False
S-d9eb73,False,False,False
S-31ac79,False,False,False
S-2f8dbb,False,False,True
S-f554b0,True,False,False
S-81d63a,False,False,False
S-1b6221,False,False,True
S-e1ee60,False,False,False
S-44c5dd,False,False,False
S-f0fe0a,False,False,False
S-653165,False,False,True
S-5c8af8,False,False,False
S-878fe0,False,False,False
S-4d8a27,True,False,False
S-5c4ef1,False,False,False
S-d4c0a0,False,False,False
S-2d62ad,False,False,False
S-7d2c1b,False,False,False
S-6bfd97,True,False,False
S-b4c914,True,False,False
S-e9e03c,True,False,False
S-906b0c,False,False,False
S-783694,False,False,False
S-9c5590,False,False,False
S-b7c506,False,False,False
S-48ce17,False,False,False
S-a2aa70,False,False,False
S-6ff09c,False,False,False
S-b40b4d,False,False,False
S-c51ab8,False,False,False
S-07ace5,False,False,False
S-e715bb,False,False,False
S-fcfb31,False,False,False
S-8cb02e,False,False,True
S-79ba6e,False,False,False
S-4f2ca8,False,False,False
S-c97604,False,False,False
S-595693,False,False,False
S-276d44,False,False,False
S-6c9ec4,False,False,False
S-e33883,False,False,False
S-c25e9d,False,False,False
S-1d7e7f,False,False,True
S-c9199e,True,False,False
S-cdc347,False,False,False
S-3df0c3,False,False,False
S-ea4844,False,False,False
S-a1d3ad,False,False,False
S-19b415,False,False,False
S-4df6ec,False,False,False
S-8dfd77,True,False,False
S-126e7e,False,False,False
S-b608f5,False,False,False
S-1c45b4,False,False,False
S-4a8fda,False,False,False
S-ccc10f,False,False,False
S-689032,False,False,True
S-5e5ff0,False,False,False
S-bf43b4,False,False,False
S-379d32,True,False,False
S-0adca9,False,False,False
S-413a1d,False,True,False
S-8451e7,False,False,False
S-9c0df6,False,False,True
S-be0fc9,False,False,False
S-e3903e,False,False,True
S-8fcce1,False,True,False
S-3279f1,False,False,False
S-0da40c,False,False,True
S-343bab,False,False,False
S-b2d7c6,True,False,False
S-d322a2,False,False,False
S-b76de2,False,False,False
S-64dcb7,False,False,False
S-969f4c,False,False,True
S-b2409c,False,False,False
S-430691,False,False,False
S-4bb483,False,False,False
S-4ed473,False,False,True
S-223221,False,False,False
S-5eaab8,False,False,True
S-f5bd45,False,False,False
S-a6285f,False,False,False
S-dc2418,False,False,False
S-d0d19f,False,False,False
S-e73303,False,False,False
S-7f15a3,False,False,False
S-ee941d,False,False,False
S-ccf11b,False,False,False
S-a9ec8b,False,False,False
S-d959d3,False,False,False
S-124336,True,False,False
S-5cb8a6,False,False,False
S-aced77,False,False,False
S-a6e444,False,False,False
S-4f7b91,True,False,False
S-8f8c47,False,False,False
S-b9ea73,False,False,False
S-97efb2,False,False,True
S-76c7da,False,False,False
S-334ceb,False,False,False
S-09223a,False,False,False
S-2fcf09,False,False,False
S-e740b4,False,False,False
S-150c71,True,False,False
S-6ba608,False,False,False
S-e0bfb1,False,False,True
S-1e15d1,False,False,True
S-7d9605,False,False,False
S-0ae33f,False,False,False
S-eff018,False,True,False
S-08a3d4,False,False,False
S-48d1f2,False,False,False
S-92dbcc,False,False,False
S-da164e,False,False,False
S-3dc066,False,False,False
S-4fd561,False,False,False
S-feb4b0,False,False,False
S-3ba19e,False,False,False
S-461988,False,False,False
S-0b6899,False,False,False
S-bff540,False,False,False
S-a57b2c,False,False,False
S-e8776c,False,False,False
S-de9e50,False,False,False
S-429220,False,False,False
S-601f31,False,False,False
S-8dd1f6,False,False,False
S-ff109c,False,False,False
S-556071,False,False,True
S-f4019e,False,False,True
S-246f9c,False,True,False
S-5639de,False,False,False
S-104053,False,False,False
S-4bfe7b,False,False,False
S-deb65c,False,False,False
S-cfb108,False,True,False
S-e62fc9,False,False,False
S-935e79,False,False,False
S-92e8cb,False,True,False
S-1f4db5,False,False,False
S-4893cd,False,False,False
S-0abdec,False,False,False
S-31428b,False,False,False
S-381420,False,False,True
S-0a28cd,False,False,False
S-25ff39,False,False,False
S-a82639,False,False,False
S-ada718,False,False,False
S-06e837,False,False,True
S-b488bc,False,False,False
S-d11408,False,False,False
S-36f26c,False,False,False
S-7cc0ec,False,False,False
S-cb8654,False,False,False
S-934f6d,False,False,False
S-e9737c,False,False,False
S-7f0419,False,False,False
S-e002a1,False,False,False
S-5f30ce,False,False,False
S-557f3e,False,False,False
S-a3e1e3,False,False,False
S-70a554,False,False,False
S-b35b20,True,False,False
S-95d1dd,False,False,False
S-540cee,True,False,False
S-635570,False,False,False
S-172953,False,False,False
S-0d0202,False,False,True
S-21f8b3,False,False,False
S-8faa60,False,False,True
S-93cd57,False,False,False
S-8ec197,False,False,True
S-842638,False,False,True
S-763e52,True,False,False
S-ed4c45,False,False,True
S-390955,False,False,False
S-3ab534,False,False,False
S-9be237,False,False,False
S-021004,False,False,False
S-e36786,False,False,False
S-4691f1,False,False,False
S-d35d49,False,False,True
S-374628,False,False,False
S-36f84f,False,False,False
S-e0cd01,False,False,False
S-edc542,False,False,False
S-1bbdf0,False,False,False
S-a4d121,True,False,False
S-5b4149,False,False,False
S-ffe125,False,False,True
S-5aea91,False,False,False
S-a5baf1,False,False,False
S-5aacfa,False,False,False
S-69cc68,False,False,False
S-5cff9b,True,False,False
S-573f93,False,False,False
S-ea2c98,False,False,False
S-b2f3f3,False,False,False
S-5bc277,False,False,False
S-d0429b,True,False,False
S-d2a604,False,True,False
S-f586ed,False,False,False
S-f874e5,False,False,False
S-28d401,False,False,True
S-fa05d7,False,False,False
S-8ed77f,False,False,False
S-0d391c,False,False,False
S-beaa35,False,False,False
S-d44108,False,False,False
S-925f82,False,False,False
S-7d43e0,False,False,False
S-dc1cf4,False,False,False
S-bff3b5,False,False,False
S-f11653,False,False,False
S-f42cc4,False,False,False
S-22014f,False,False,False
S-1acdd2,False,False,False
S-c85167,False,False,False
S-b112eb,False,False,False
S-79bf38,False,False,False
S-ab152e,False,True,False
S-dbde43,False,False,False
S-2bbf5c,False,False,False
S-dfd629,False,False,False
S-233c23,True,False,False
S-770d98,False,False,False
S-972512,False,False,False
S-3965a4,False,True,True
S-632bba,False,False,False
S-307e49,False,False,False
S-b84175,False,False,False
S-83b2ee,False,False,True
S-969aac,False,False,False
S-aa5f00,False,True,False
S-f7fa56,False,False,False
S-d50f1d,False,False,False
S-5b9267,False,False,False
S-199697,False,False,False
S-cbe349,True,False,True
S-2b4a26,False,False,False
S-704195,False,False,False
S-4dae4c,False,False,False
S-d425c9,False,False,False
S-078e94,False,False,False
S-f869a0,True,False,False
S-b57a5e,False,False,False
S-a66766,False,False,False
S-13a013,False,False,False
S-813cdc,False,False,False
S-b6e15a,False,False,True
S-db3856,False,False,False
S-dbc4d5,False,False,False
S-eabdce,False,False,False
S-19029a,False,False,False
S-05be05,False,False,True
S-222167,False,False,True
S-a68d25,False,False,False
S-4305f1,False,False,False
S-95cc5a,True,False,False
S-0b7de7,False,False,False
S-f5888c,False,False,False
S-28489e,False,False,False
S-98dd7d,False,False,False
S-b10cfa,False,False,False
S-3199cf,False,False,False
S-61d573,False,False,False
S-2dbf26,False,False,False
S-eae773,False,False,False
S-18b808,False,False,False
S-d90f0a,False,False,False
S-82be96,False,False,False
S-7bd2d7,False,False,False
S-5f3359,False,False,False
S-9d7c19,False,False,True
S-2bc644,False,False,False
S-ec8b34,False,False,False
S-1d2d00,False,False,True
S-9a44ec,False,False,True
S-6c109f,False,False,False
S-f99f9e,False,False,True
S-9dda85,False,False,True
S-94009b,False,True,False
S-834097,False,False,False
S-61efc1,False,False,False
S-d1527e,False,False,False
S-caec41,True,False,False
S-921dc3,False,False,False
S-038f6f,True,False,True
S-93dc0e,False,False,True
S-10702d,False,False,False
S-737a28,False,False,False
S-e77b1e,False,False,False
S-d841e4,True,False,False
S-c6dc67,False,False,False
S-aaf1d0,False,False,False
S-e77144,True,False,False
S-9b8504,False,True,False
S-504683,False,False,False
S-f3138f,True,False,False
S-73688c,False,False,False
S-6e5a3d,False,False,False
S-af6f53,False,False,False
S-134753,True,False,False
S-3503b4,False,False,False
S-81e9f1,False,False,False
S-31e347,True,False,False
S-102ebf,False,False,False
S-a06b03,False,False,False
S-c14b9d,False,False,False
S-a5cf6d,False,True,False
S-6d96c9,False,False,False
S-d81959,False,False,False
S-c77f0c,False,False,False
S-6eb56d,False,False,False
S-b1dce0,False,False,False
S-a07c46,True,False,True
S-df91b0,False,True,False
S-f16bb2,False,False,False
S-94cf13,False,False,False
S-f9df40,False,False,False
S-f366b3,False,False,False
S-c38acd,False,False,False
S-0d93fe,False,False,False
S-8d8dd0,True,False,False
S-9395a2,False,False,False
S-b1c57d,False,False,False
S-f039f9,False,False,False
S-76b43f,False,False,False
S-27552b,False,False,False
S-5bf2e5,False,False,False
S-0c56e1,False,False,False
S-47985c,False,False,False
S-43b137,False,False,False
S-8d2824,False,False,False
S-2186ea,False,False,False
S-2f8d64,False,False,False
S-7501c9,False,False,False
S-718bf5,False,False,False
S-96e431,False,False,False
S-084f4a,False,False,True
S-fc8f09,True,False,False
S-5abbac,False,False,False
S-5aff5f,False,False,False
S-43cd30,True,False,False
S-339fce,False,False,False
S-9dcfb5,False,False,False
S-2fd650,False,False,False
S-50a388,True,False,False
S-1fd72a,False,False,False
S-40cbc0,False,False,False
S-0b831e,False,False,False
S-b5035b,False,False,False
S-1ac1b4,False,False,False
S-86e226,False,False,False
S-e60ba0,False,False,False
S-377ced,False,False,False
S-72cf21,False,True,False
S-d114e2,False,False,False
S-5521a1,False,False,False
S-206227,False,True,False
S-eac553,False,False,False
S-26191b,False,False,True
S-8c8315,True,False,False
S-7af0d5,False,True,False
S-b45a45,False,False,False
S-639d60,False,False,False
S-aaeb34,True,False,False
S-bef342,False,False,False
S-162d54,False,False,False
S-cf44af,False,False,False
S-2c3d7d,False,False,False
S-92795b,False,False,False
S-9cb1f7,False,True,False
S-ee994a,False,False,False
S-97df3f,False,False,False
S-c2b710,False,False,False
S-e768f5,False,False,False
S-6aa20b,False,False,False
S-feea3a,False,True,True
S-f86bcf,False,False,True
S-6608d9,False,False,False
S-f5efe4,False,False,False
S-32b223,False,False,False
S-155e15,False,False,False
S-a6010b,False,False,False
S-e60306,False,False,False
S-6bde88,False,False,False
S-6ca5ab,False,False,False
S-eafea7,False,False,False
S-55db9e,False,False,False
S-be079b,False,True,False
S-bd5207,False,False,False
S-f74bdd,False,False,False
S-b3071c,False,False,True
S-ed1026,False,False,False
S-8cfa7f,False,False,False
S-2dbf11,False,False,False
S-4311fb,False,False,False
S-5d729e,False,False,False
S-50e517,False,False,False
S-814624,False,True,False
S-f2d47e,False,False,False
S-a405f7,False,False,False
S-0c46bb,False,False,False
S-8b486a,False,False,False
S-ddb09e,False,False,False
S-561e21,True,False,False
S-8b1c37,False,False,False
S-fc6cb4,False,False,True
S-13dfe7,False,False,False
S-14d060,False,False,False
S-43f9f8,False,False,False
S-8c41e8,True,False,False
S-0a9660,False,False,False
S-9c85b0,False,False,False
S-f09b6c,False,False,False
S-a1e688,False,False,False
S-0b62cc,False,False,False
S-e41941,False,False,False
S-b7deea,False,False,True
S-b81c97,False,False,False
S-462547,False,False,False
S-38ac0c,False,False,False
S-4704e5,False,False,False
S-8b349c,False,False,True
S-33472f,False,False,False
S-70c369,False,False,False
S-2a6e4a,False,False,False
S-091a8d,False,False,False
S-a2afb0,False,False,False
S-85022b,True,False,False
S-b71b3a,False,False,False
S-cc80ee,False,False,False
S-2e8409,False,False,False
S-de9b4b,False,False,False
S-e5efce,False,False,False
S-d925e2,False,False,False
S-0ab4e8,False,False,False
S-585c3b,False,False,False
S-a4fd17,False,True,True
S-68b261,True,False,False
S-567afa,False,False,False
S-39b850,False,False,False
S-2a9676,False,False,False
S-fedcd9,False,False,False
S-627697,False,False,False
S-65e38d,True,False,False
S-8e5fd4,True,False,False
S-cf55da,False,False,False
S-e8488d,False,False,False
S-344c0d,False,False,False
S-3f0fb6,False,False,False
S-cd2085,False,True,True
S-91419b,False,False,False
S-a84c82,False,False,False
S-c9d323,False,False,False
S-404ecd,False,False,True
S-d224a1,False,False,False
S-a7ea10,False,False,True
S-3d1043,False,False,False
S-7c1eb7,False,False,False
S-4eb120,False,False,False
S-b11225,False,False,False
S-dbceba,False,False,False
S-b89305,False,False,False
S-81b6ee,False,False,False
S-fbbd54,False,False,False
S-f1fa8b,False,False,False
S-c6d8ce,False,False,False
S-226cf3,False,True,False
S-9e2c78,False,False,False
S-61bcfb,False,False,False
S-96a469,False,False,False
S-5c2991,False,False,False
S-771f7b,False,False,False
S-bdd5df,False,False,False
S-c46499,False,False,False
S-03a5b0,False,False,False
S-973e8e,False,False,True
S-8c8905,False,False,False
S-6d09f2,False,False,False
S-32d56d,False,False,False
S-54e8b2,False,False,False
S-2664e1,True,False,False
S-ceaff7,False,False,False
S-307b2b,False,False,True
S-491216,False,False,False
S-a70baa,False,False,False
S-b5337b,False,False,False
S-b2b1b9,True,False,False
S-6a02fe,False,False,False
S-0865f1,False,False,False
S-4f21c1,False,False,True
S-0ce88b,False,False,False
S-446c54,False,False,False
S-55aafd,True,False,False
S-f4caa8,False,False,True
S-7c24f6,False,False,False
S-c555c4,False,False,False
S-503afa,False,False,False
S-98f176,False,False,False
S-de473d,False,False,False
S-1876fb,False,False,False
S-8fd22d,False,False,False
S-7ded4d,False,False,False
S-2cb298,True,False,False
S-dfbd79,False,False,True
S-162e73,False,False,False
S-f0c747,False,False,False
S-cf72c8,False,False,False
S-befdba,False,False,True
S-921f19,False,False,False
S-e9395e,True,False,False
S-24cdb5,False,False,False
S-5aa4ba,False,False,False
S-207046,False,False,False
S-0d6ea4,False,False,True
S-5de79e,True,False,False
S-a04ec4,False,False,False
S-33deb8,False,False,False
S-08f8d3,False,False,False
S-292c06,False,False,False
S-0e9334,False,False,False
S-6a7c79,False,False,False
S-1cfab2,False,False,False
S-0c0691,False,False,False
S-b18ae9,False,False,False
S-a0abcf,False,False,False
S-567f8f,False,False,False
S-3673f2,False,False,False
S-3ff7bb,True,False,False
S-b9d674,False,False,False
S-381917,False,False,False
S-67c1d8,False,True,False
S-c85c63,False,False,False
S-8dd1cf,True,False,False
S-3741b9,False,False,True
S-90dd19,True,False,False
S-d62a15,False,False,False
S-2a928c,False,False,False
S-be86e3,False,True,False
S-3dc46b,False,False,False
S-d6106b,False,False,False
S-c5a75d,False,False,False
S-2f11bb,False,False,False
S-8f2b13,False,False,False
S-4047a8,False,False,False
S-969c1d,False,False,False
S-f41a31,False,False,False
S-7a36ee,False,False,True
S-b1d153,False,False,True
S-515485,False,False,False
S-fe910d,False,False,False
S-cd74b9,True,False,False
S-604bd0,False,False,False
S-cea51e,False,False,False
S-1d63bf,False,False,True
S-951c06,False,False,False
S-6e780e,False,False,False
S-501046,False,False,False
S-d88f58,False,False,False
S-3012fa,False,False,False
S-936e80,False,False,False
S-7bebc1,False,False,False
S-cd8a6a,False,False,False
S-810a67,False,False,False
S-370135,False,False,False
S-1ad030,False,False,False
S-fc155b,False,False,False
S-9c23e1,False,False,False
S-af5a51,True,False,False
S-7e86a2,False,False,False
S-12902a,True,False,False
S-7d4240,False,False,False
S-a94f54,True,False,True
S-64b181,False,False,False
S-239429,False,False,False
S-c1ad26,False,False,False
S-02b3a1,False,False,False
S-83b45d,False,False,False
S-43aa0e,False,False,False
S-ab06f4,False,False,False
S-4d2011,False,False,False
S-dc28c6,False,False,False
S-709b46,False,False,False
S-05eff5,False,False,False
S-e11cde,False,False,False
S-db47af,False,False,False
S-9af385,False,False,False
S-491caf,False,True,False
S-6bd30a,False,False,True
S-6cdfb7,False,False,False
S-2b7664,False,False,False
S-e6b35a,False,False,False
S-221db6,False,False,False
S-408c2f,False,False,False
S-f690b4,False,True,False
S-f4dc54,False,False,False
S-5717da,False,False,False
S-36c07b,False,False,False
S-01afa4,False,True,False
S-f7234f,False,False,False
S-dd1d46,False,False,False
S-fa0094,False,False,False
S-bf89e6,False,False,False
S-078c2b,False,False,False
S-496c1e,False,False,False
S-40dcf4,False,False,False
S-4cd678,False,False,False
S-f981fe,False,False,False
S-5da6e7,False,False,True
S-1a5fa7,False,False,False
S-067edc,True,False,False
S-16ce94,False,False,False
S-f2710b,False,False,False
S-709f67,False,False,False
S-1bc5a4,False,False,False
S-4d5623,False,False,False
S-91b63c,False,False,False
S-f5bef8,False,True,False
S-e6c900,False,False,False
S-3c9115,False,False,False
S-79af01,False,False,False
S-9fa738,False,False,False
S-786ead,False,False,False
S-9b5be4,False,False,False
S-3a4336,False,True,False
S-9a410c,False,True,False
S-cd3f49,False,False,False
S-896293,True,False,False
S-643ccd,False,False,False
S-34f8ad,False,False,False
S-d85c2f,False,False,False
S-826d19,False,False,True
S-323f3e,False,False,False
S-202695,False,False,False
S-905752,False,False,False
S-e53224,False,True,False
S-040422,False,False,False
S-aef80b,False,False,False
S-dda23d,False,False,False
S-d29830,False,False,False
S-fc86d6,False,False,False
S-7179fd,False,False,False
S-01daf5,False,False,False
S-916876,False,False,False
S-4eef1a,False,False,False
S-166024,False,False,False
S-3ee288,False,False,False
S-4da04b,False,True,False
S-2d494e,False,False,False
S-a80511,False,False,False
S-bc4da7,False,False,False
S-149409,True,True,True
S-5488ba,False,False,False
S-d5ce9f,False,False,False
S-680dbe,False,False,False
S-129a62,False,False,False
S-b821f4,False,False,False
S-b5d3cc,False,False,False
S-115510,False,False,False
S-244df8,False,False,False
S-688851,False,False,False
S-36aedb,True,False,False
S-642365,False,False,False
S-4d47e3,False,False,True
S-69b3ac,False,False,False
S-650c13,False,False,False
S-380617,False,False,False
S-a1874c,False,False,False
S-26dbbf,False,False,False
S-467918,False,False,False
S-5a4fb5,True,False,False
S-023f5f,False,False,False
S-4793bb,False,False,False
S-0da8be,False,False,True
S-6d6ab6,False,False,False
S-c033fa,False,False,False
S-330989,False,False,False
S-2632a2,False,True,False
S-e195f5,False,False,False
S-132103,False,False,False
S-53361d,False,False,False
S-0c42bc,False,False,False
S-b2cfac,False,False,False
S-fe2139,False,False,False
S-0386c2,False,False,False
S-3fb8f4,False,False,False
S-022a1e,False,False,False
S-a7a7c7,False,False,False
S-89d586,False,False,False
S-fdc127,False,False,False
S-5fb9ab,False,False,False
S-e36ccb,False,False,False
S-88bc66,False,False,False
S-6aa72f,False,False,False
S-029065,False,False,False
S-7070de,False,False,False
S-76b06c,False,False,False
S-a102aa,True,False,False
S-79c82e,False,False,False
S-af4059,False,False,False
S-22eb3c,False,False,False
S-4e0220,False,False,False
S-0ecec7,False,False,False
S-1b8454,False,False,False
S-ad8055,False,False,False
S-f762a3,False,False,False
S-d29575,False,False,False
S-0756ce,False,False,False
S-f6bb38,False,False,False
S-5685bf,False,False,False
S-7c727c,False,False,False
S-1c643d,False,False,False
S-7c633c,False,False,False
S-5de583,False,False,False
S-80af53,True,False,True
S-9210e7,False,False,False
S-f9bd62,False,False,False
S-d7c21d,False,False,False
S-0b73bd,False,True,False
S-9a8a30,False,False,True
S-50e9f3,False,False,False
S-f5f01f,False,False,False
S-0ec1d3,False,False,False
S-b784a1,False,False,False
S-01ae7f,False,False,False
S-1fabe5,False,False,False
S-2b8a8b,False,False,False
S-c455ec,False,False,False
S-f4d491,False,False,False
S-30bb47,False,False,False
S-9dbe8c,False,False,False
S-679c73,False,False,False
S-d9f26e,False,False,False
S-e6c842,False,False,False
S-b53850,False,False,True
S-0aba5b,False,False,False
S-99271f,False,False,False
S-b8a352,False,False,False
S-be509c,False,False,False
S-07c2c2,False,False,False
S-0e057d,False,False,False
S-606d6d,False,False,False
S-2ae21d,False,False,False
S-e60f46,False,False,False
S-87e8d3,False,False,False
S-b409d1,False,False,False
S-fb6734,False,False,False
S-8a46fe,False,False,False
S-ee3fa2,False,False,False
S-8bf576,False,False,False
S-9fa080,True,False,False
S-30e0c1,False,False,False
S-9eb13e,False,False,False
S-d1b062,False,False,False
S-9ffb31,False,False,False
S-9e2819,False,False,False
S-f9b1d0,False,False,False
S-7f28f3,True,True,False
S-c1164e,False,False,False
S-a9fb74,False,False,False
S-3e5a20,False,False,False
S-78da0b,False,False,False
S-e9bcb2,False,False,False
S-4d30ba,False,False,False
S-654529,False,False,False
S-342708,False,False,True
S-c067fc,False,False,False
S-e31e0c,False,False,False
S-cd79c0,False,False,False
S-b69d76,False,False,False
S-612bfb,True,False,False
S-51673a,False,False,False
S-0f9910,False,False,True
S-d4a76b,True,False,False
S-2abffe,False,False,False
S-938952,False,False,False
S-4f5eb2,False,False,False
S-7f92bd,False,True,True
S-ad45ea,False,False,False
S-f78a1a,False,False,False
S-3ad221,False,False,False
S-8b3331,False,False,False
S-e4ce2c,False,False,False
S-8b0498,False,False,False
S-2971ae,True,False,False
S-447189,False,False,False
S-474001,False,False,False
S-4c7591,False,False,False
S-477a57,False,False,False
S-a60299,False,False,False
S-f8bff8,False,False,False
S-8f181e,False,False,False
S-0ec903,False,False,False
S-591a64,False,False,False
S-3af70e,False,False,False
S-d44088,False,False,True
S-fb95f2,False,False,False
S-d07886,False,False,False
S-977d49,False,False,False
S-270e94,True,False,False
S-b8ee76,False,False,False
S-c3472f,False,False,False
S-46dfac,False,False,False
S-eb8b81,False,False,False
S-7ea264,False,False,False
S-209456,False,False,False
S-c63e51,False,False,False
S-40d87e,False,False,False
S-2ee7ec,False,False,False
S-2c11c6,False,False,True
S-d232ad,False,False,False
S-3a28cc,False,False,False
S-775dd1,False,False,False
S-4c2f78,False,False,False
S-91cd9b,False,False,True
S-e0a4c5,True,False,False
S-76c065,False,False,False
S-3cae3d,False,False,False
S-71c67c,False,False,False
S-fe6eb1,False,False,False
S-2dc99d,False,False,False
S-cd4dcd,False,False,False
S-21ebb6,False,False,False
S-94c6a5,True,False,False
S-89c7ff,False,False,False
S-6da42f,True,True,False
S-ec242e,False,False,False
S-7003c5,False,False,False
S-ac6f24,False,False,False
S-52b74f,False,False,False
S-e89b90,False,False,False
S-70d15d,False,False,True
S-0d497d,False,False,False
S-14f672,False,False,False
S-7be132,False,False,False
S-0fdcfe,True,False,False
S-600e05,False,False,False
S-2b0a2d,True,False,False
S-3a6a71,False,False,False
S-c27df9,False,False,False
S-abddce,False,False,True
S-5d0af1,False,False,False
S-a2d132,False,False,False
S-a610f6,False,False,False
S-60890c,False,False,False
S-be53ea,False,False,False
S-710a78,False,False,False
S-9bd0ec,False,False,False
S-f36088,False,False,False
S-a55d16,False,False,False
S-7f94c2,False,False,False
S-bff4f8,False,False,False
S-07a006,False,False,False
S-35a9b6,False,False,False
S-c7190f,True,False,False
S-7dab19,False,False,True
S-a7ce33,True,False,False
S-ddf5ff,False,False,True
S-b262a1,False,False,False
S-db37e1,False,False,False
S-a67bb7,False,False,False
S-2ec763,False,False,False
S-142456,False,False,True
S-81d580,False,False,False
S-47cfb3,False,False,False
S-d5bf88,False,True,False
S-62b93c,False,False,False
S-8bac4e,False,False,False
S-35cf1c,False,False,False
S-820711,False,False,False
S-304196,False,False,False
S-39e396,False,False,False
S-1e8910,False,False,False
S-b465a7,False,False,False
S-5163bd,False,False,False
S-20d02a,False,False,True
S-34b845,False,False,False
S-12ca50,True,False,False
S-6dff9e,False,False,False
S-a24aa1,True,False,False
S-a7360b,True,False,False
S-1082f7,False,False,False
S-d747bc,True,False,False
S-4d1a78,False,False,False
S-a79d1f,False,False,False
S-0bd442,False,False,False
S-71cefe,False,False,False
S-a36a36,False,False,False
S-9d505c,False,False,False
S-e7416c,False,False,False
S-a7cab8,False,False,False
S-5ae105,False,False,False
S-ed9451,False,False,True
S-bfd04c,False,False,False
S-fc2742,False,False,False
S-8e9e9b,True,False,False
S-2f0291,False,False,False
S-74a274,False,False,False
S-82848e,False,False,False
S-6a0399,False,True,True
S-29597a,False,False,False
S-4c8ab8,False,False,False
S-0638dc,False,False,False
S-2557d9,True,False,False
S-bd1ee1,False,False,False
S-ee3466,True,False,False
S-477317,True,False,False
S-5bb13f,False,False,False
S-6ee6c9,False,False,False
S-4a2fc6,False,False,False
S-e768c6,False,False,False
S-5cce27,False,False,False
S-8707e7,False,False,False
S-2ff0ab,True,False,False
S-5b58b1,False,False,False
S-0ba1fe,False,True,False
S-c58d66,False,False,False
S-2cc962,False,False,False
S-235670,False,True,False
S-98126d,False,False,False
S-ebfbbe,False,False,False
S-7a55d9,False,False,False
S-6ce221,False,False,True
S-4cff80,False,False,False
S-7e2e5c,False,False,False
S-af8f54,False,False,True
S-b152d6,False,False,False
S-276555,False,False,False
S-fcd20b,False,False,False
S-41bb1b,False,False,False
S-0c63de,False,False,False
S-658f5f,False,False,False
S-4994d6,False,True,False
S-3a897f,False,False,False
S-afa2a9,False,False,False
S-998ec2,False,False,False
S-d19797,False,False,False
S-40e528,False,False,False
S-5c4b5d,False,False,False
S-89c6dc,True,False,False
S-4291f7,True,False,False
S-151fce,False,False,False
S-dfaf24,False,False,True
S-1dfa14,False,False,False
S-f9e2ca,False,False,False
S-294fb2,False,False,False
S-673c51,False,False,False
S-c2b60b,False,False,False
S-2756ac,False,False,False
S-5e7357,False,False,False
S-f2be88,False,False,False
S-461334,False,False,False
S-23dcff,False,False,False
S-ed61a2,False,False,False
S-28e491,False,True,False
S-e32bf8,False,False,False
S-09251c,False,False,True
S-9a7851,False,False,True
S-ef398a,False,False,False
S-e3b379,False,True,False
S-dbf124,False,False,False
S-df3e3d,False,False,False
S-57f1a7,False,False,False
S-991f61,False,False,False
S-8fb49f,False,False,False
S-450fa9,False,False,True
S-2d04a6,True,False,False
S-7c47af,False,False,False
S-fb9972,True,False,False
S-804fb3,False,False,False
S-1883dc,False,False,False
S-a8bed8,False,False,False
S-049667,True,False,False
S-9a952b,False,False,False
S-ac462f,False,False,False
S-ff582b,False,False,False
S-05555d,True,False,False
S-9fc9f5,False,False,False
S-a30f36,False,False,False
S-5521f5,False,False,False
S-9f123c,False,False,False
S-694aa7,False,False,False
S-b72911,False,False,False
S-1d5f4e,False,False,True
S-dd85c4,False,False,True
S-cdcf4a,False,False,False
S-c8fedf,False,False,False
S-fa8c75,False,False,False
S-3abf3f,False,False,False
S-58c146,False,False,False
S-0e594f,False,False,False
S-d3ecc2,False,False,False
S-7252b5,False,False,False
S-da0c62,False,False,False
S-e2a10c,True,True,False
S-e8a2fa,False,False,False
S-198dbe,False,False,False
S-4a8ce0,False,False,False
S-be05fd,False,False,False
S-afed2d,False,False,True
S-22e21a,False,False,False
S-a2da20,False,False,False
S-342037,True,False,False
S-e7c172,False,False,False
S-b37b2a,True,False,False
S-3c87b4,False,False,False
S-4522a0,False,False,False
S-628884,False,False,False
S-bf893c,False,False,False
S-305a67,False,False,False
S-58a7c0,False,False,False
S-4d8612,False,False,False
S-eadebb,False,False,False
S-f61f42,False,False,False
S-d3f138,False,False,True
S-0f3df6,False,False,False
S-7791c3,False,False,False
S-1bbdb1,False,False,False
S-cc4bf0,False,False,False
S-46b63b,False,True,False
S-f020d4,False,False,False
S-63671f,False,False,False
S-6c9763,False,False,False
S-e78857,True,False,True
S-5bb58e,False,False,False
S-cd13b5,False,False,False
S-7554c2,False,False,False
S-06c096,False,False,False
S-883efd,False,False,False
S-a9762e,False,False,False
S-85c06f,True,False,False
S-cccce3,True,False,False
S-d69e2c,False,False,False
S-16fb78,False,False,False
S-b01b1c,False,False,False
S-574b52,False,False,False
S-de705a,False,False,False
S-0ae114,False,False,False
S-8e701b,False,False,False
S-374be8,False,False,False
S-737994,False,False,False
S-41acf0,False,False,False
S-faf395,False,False,False
S-ab7022,False,False,False
S-76cdf1,False,False,False
S-cb5020,False,False,False
S-b7cbc2,False,False,False
S-6b97b7,False,False,False
S-3c853b,False,False,False
S-21bd25,False,False,False
S-a175c2,True,False,False
S-2f2ba3,False,False,False
S-f29e7f,False,False,False
S-783131,False,False,True
S-c87441,False,False,False
S-39a28e,False,False,False
S-775719,False,False,False
S-8e3b74,False,False,False
S-7553fb,False,False,True
S-8e5ceb,False,False,True
S-9c8d9e,False,False,False
S-c2c321,True,False,True
S-43af5a,False,False,False
S-39539d,False,False,False
S-aa0c6b,False,False,True
S-a01486,False,False,False
S-951053,True,False,False
S-b5e9e7,False,False,False
S-246942,False,False,False
S-1d7003,False,False,False
S-3e24ed,False,False,False
S-4bfab2,False,False,False
S-003fc0,False,False,False
S-b7f657,False,False,False
S-3d6100,False,False,False
S-5818be,False,False,False
S-125201,True,False,False
S-987539,False,False,False
S-127844,False,False,False
S-bc5755,False,False,False
S-882f1d,False,False,False
S-0ec442,False,False,False
S-62c824,False,False,True
S-11dba6,False,False,False
S-8fd62c,False,False,False
S-05ad41,False,False,False
S-77ca30,True,False,False
S-6450ac,False,False,False
S-d2863b,False,False,True
S-fade3d,True,False,False
S-2223bf,False,False,True
S-6bbf29,False,False,False
S-d76f8b,False,False,False
S-b7d290,False,False,False
S-b36569,True,False,False
S-79d1e0,False,False,True
S-089fa7,False,False,False
S-de059a,False,False,False
S-eccbe0,False,False,False
S-9a4589,False,False,False
S-e83351,True,False,False
S-6e8126,False,False,False
S-134439,False,False,False
S-8bab7f,False,True,True
S-dd3b36,False,False,True
S-085f96,True,False,False
S-6895d0,False,False,False
S-670476,False,False,True
S-2d807a,False,False,False
S-2245c0,False,False,False
S-0a5cd7,False,False,False
S-f93185,False,False,False
S-3c072b,False,False,False
S-7c81dd,False,False,False
S-a7a9c3,False,False,False
S-8856af,False,False,False
S-0a8acf,True,False,False
S-dbad62,False,False,False
S-7134c2,False,False,False
S-18f80d,False,False,False
S-92d873,False,False,False
S-37bdb4,True,False,False
S-c226ae,False,False,False
S-16b6dc,False,False,False
S-3b98b1,False,False,False
S-234115,False,False,False
S-862572,False,False,False
S-aad754,False,False,False
S-59fe1d,False,False,False
S-3a3d0f,False,False,False
S-575bef,False,False,False
S-74761f,False,False,False
S-79123c,False,False,False
S-600ea7,False,False,False
S-fc7e8e,False,False,False
S-b2f038,False,False,False
S-1170cb,False,False,False
S-ba69a4,False,False,False
S-56122a,False,False,False
S-29a901,False,False,False
S-c6c2f6,False,False,False
S-13b606,True,False,False
S-1dceca,False,False,False
S-c14f97,True,False,False
S-8a7e47,False,False,False
S-feba2a,False,False,False
S-02d46a,False,False,False
S-b5165e,False,False,False
S-bb47b9,False,False,False
S-4920e0,False,False,False
S-3781d0,False,False,True
S-fec1cd,True,False,False
S-75cba6,False,False,False
S-f5ce8e,False,False,False
S-444c6a,False,False,False
S-1a2f35,False,False,False
S-9d8525,False,False,False
S-9b8421,False,False,True
S-704cf3,False,False,False
S-d31de5,False,True,False
S-383fc5,False,False,False
S-ce0d60,False,False,False
S-5e8d9f,False,False,False
S-5bbfe3,False,False,False
S-c935b8,False,False,False
S-e4b79e,False,False,False
S-76767f,False,False,False
S-e07b30,True,False,False
S-da78bb,False,False,False
S-1862f2,False,False,True
S-f9cb2b,False,False,False
S-02a3aa,False,False,False
S-ce61e0,True,False,True
S-e98bfd,False,False,False
S-1b524a,False,True,False
S-bc2633,False,False,False
S-1d69ca,False,False,False
S-dcf449,False,False,False
S-67965d,False,False,False
S-c86cb0,False,False,False
S-9c4090,False,False,False
S-162441,False,False,False
S-a63da6,False,False,False
S-4b5470,False,False,False
S-fd2307,False,False,False
S-78f738,False,True,False
S-81d174,False,False,False
S-cfd4a3,False,False,False
S-86673a,False,False,False
S-df262a,True,False,False
S-58d2c8,True,False,False
S-02949d,False,False,False
S-d5c6cc,False,False,False
S-35c7c8,False,False,False
S-f9ec8f,False,False,False
S-5da1b8,False,False,True
S-0e9f1e,False,False,False
S-8d516f,False,False,False
S-34a131,False,False,False
S-ee4c5c,False,False,False
S-9781fe,False,False,True
S-527d18,False,False,False
S-060019,False,True,False
S-bc2ca5,False,False,False
S-abdeb7,False,False,False
S-d55d8a,False,False,False
S-99aaa4,True,False,False
S-cb117a,False,False,False
S-e5fdf9,False,False,False
S-455183,False,False,False
S-57bdc2,False,False,False
S-96b8d5,False,False,False
S-bc7cab,False,True,False
S-751802,False,False,False
S-2e2d6c,False,False,False
S-90a2c8,False,False,False
S-08fc73,False,False,False
S-89e27e,False,True,False
S-e4df5d,False,False,False
S-73d0eb,False,False,False
S-cb38be,False,True,False
S-415065,False,False,False
S-0e1d53,False,False,False
S-20a297,False,False,False
S-bf424e,False,False,False
S-0b80b4,True,False,False
S-c5cfb0,False,False,False
S-f4a4c8,True,False,True
S-16a545,False,False,False
S-f95951,False,False,False
S-1e349b,False,False,False
S-d660d6,False,True,False
S-1bb4f4,False,False,False
S-c43200,False,False,False
S-1da72c,False,False,False
S-9e15d0,False,False,False
S-9e7060,False,False,False
S-15a8c0,False,False,False
S-27ab7f,False,False,False
S-bedd26,False,False,False
S-1319ac,False,False,False
S-abd9be,True,False,False
S-56ed05,False,True,False
S-d20d7c,False,False,False
S-da4a98,False,False,False
S-4a90fd,False,False,False
S-cd4d67,True,False,False
S-d6cffe,False,False,False
S-53bced,False,False,True
S-772ef0,False,False,False
S-f4059b,True,False,False
S-71827b,False,False,True
S-063586,False,False,True
S-478ae9,False,True,False
S-018501,False,False,False
S-7536e5,False,False,False
S-c80ac4,False,False,False
S-9f4914,False,False,False
S-67c2c9,False,False,False
S-5eeb46,False,False,False
S-e71f4a,False,False,False
S-812c7c,False,False,False
S-18356d,True,False,False
S-23a6c5,False,False,False
S-934bd4,False,False,False
S-695606,False,False,False
S-c59d50,False,False,False
S-009027,False,False,False
S-f6f97e,False,False,True
S-8b3e35,False,False,False
S-d1201a,False,False,False
S-c7c366,False,False,False
S-c1d6cf,False,False,False
S-ba672b,False,False,False
S-1f149a,False,False,False
S-e14e00,False,False,False
S-7b3464,False,True,False
S-ea3c2c,False,False,False
S-d90f5e,False,False,True
S-9cca23,False,False,False
S-b7d291,False,False,True
S-ae1278,False,False,True
S-a5d949,False,False,False
S-cfa635,False,False,False
S-001561,False,False,False
S-c5e371,False,False,False
S-539566,False,False,False
S-36b46e,False,False,False
S-b94bce,False,False,False
S-f8357e,False,False,False
S-1bdc35,False,False,False
S-56c529,False,False,False
S-cdfe99,False,False,False
S-e11518,False,False,False
S-82a7dd,False,False,False
S-f110db,False,False,False
S-651c01,False,False,False
S-531970,False,False,False
S-93ce26,False,False,True
S-b520e9,False,False,False
S-ade2d5,False,False,False
S-767957,True,False,False
S-2c80ba,False,False,False
S-cd0f21,True,True,False
S-18f498,False,False,False
S-d61475,True,False,False
S-66ffe0,False,False,False
S-fd790e,False,False,False
S-d1a6c6,False,False,True
S-6c1ca5,False,False,True
S-ea71b5,True,False,False
S-61c27e,False,False,False
S-a7d34e,False,False,False
S-0eba5a,False,False,False
S-1d661c,True,False,False
S-6a56f1,False,False,False
S-ff4a47,True,False,False
S-9e74ba,False,False,False
S-d53c0a,True,False,False
S-22cbb3,False,True,False
S-5313fa,False,False,False
S-d8fa45,False,False,False
S-24d19a,False,False,False
S-c87391,False,False,False
S-a9952f,False,False,False
S-3867d6,False,False,False
S-60cb51,False,False,True
S-8ba974,False,False,True
S-f7e37f,False,False,False
S-ff1b11,False,False,False
S-f6e116,False,True,False
S-ed7a72,False,False,False
S-27e42e,False,False,False
S-bd3e24,False,False,True
S-9e64bd,False,False,False
S-ad5d94,False,False,False
S-44483e,False,True,True
S-b75a31,False,False,False
S-731ee3,False,False,True
S-0c91c4,False,True,False
S-148506,False,False,False
S-23d802,False,False,False
S-3e3033,False,False,False
S-d5ac8c,False,False,False
S-ad31b0,False,False,False
S-a61006,True,False,False
S-467d4a,False,False,False
S-e1dc0b,False,False,False
S-4b7873,False,False,False
S-9f57f5,False,False,False
S-a82473,False,False,False
S-15582c,False,False,False
S-caca4f,False,False,False
S-4911f9,False,False,False
S-f7f6d7,False,False,False
S-1a0f22,False,False,False
S-3037ab,False,True,False
S-722103,False,False,False
S-ca1cb9,False,False,True
S-00f31d,False,False,False
S-3236ee,False,False,False
S-5cb87c,False,False,False
S-3baf90,False,False,False
S-3110d9,False,True,False
S-a0a5e3,False,False,False
S-fc2bf2,False,False,False
S-9c67ab,True,False,False
S-f22b7f,False,False,True
S-71d31c,False,False,False
S-64d8c9,True,False,False
S-f4335b,False,False,False
S-1ad9cb,False,False,False
S-866608,False,False,False
S-fccc09,True,False,False
S-19858e,False,True,False
S-db0f41,False,False,False
S-897d69,False,False,False
S-b57dcd,False,False,False
S-6d3477,False,False,False
S-6c3700,False,False,False
S-50334b,False,False,False
S-9f9dfe,False,False,False
S-fa2170,False,False,False
S-f50851,False,False,False
S-89e98a,False,False,False
S-51dd23,False,False,False
S-532e80,False,False,False
S-1682d4,False,False,False
S-dcbf45,True,False,False
S-7151d9,True,False,False
S-523cce,False,False,False
S-c069ab,False,False,False
S-d66d63,False,False,False
S-6f75be,False,False,False
S-ea3d54,False,False,False
S-dc6a2a,False,False,False
S-e21910,False,False,False
S-6cfb27,False,False,False
S-37a280,False,False,False
S-81caea,True,True,False
S-af430c,False,False,False
S-e2c20a,False,False,False
S-cbfd83,False,False,False
S-864157,False,False,False
S-d9d6ac,False,True,False
S-67da25,False,False,False
S-80016a,False,False,False
S-817cf0,False,False,False
S-c9e261,False,True,False
S-49b0da,False,False,False
S-765100,False,False,False
S-62fb8e,False,False,False
S-3e0382,False,False,False
S-fc4ac6,False,False,True
S-798707,True,False,False
S-039a8e,False,False,True
S-d9f518,False,False,False
S-eb23dd,False,False,True
S-816354,False,False,False
S-4e4b10,False,False,False
S-2fd486,False,False,False
S-70a8d6,True,False,False
S-3bb8a2,False,False,False
S-b0e621,False,False,False
S-7018bf,False,False,False
S-326577,False,False,False
S-26deeb,False,False,False
S-59c612,False,False,False
S-d933e7,False,False,False
S-45ee20,False,False,False
S-8c9649,False,False,False
S-83b708,False,False,False
S-f84a6f,False,False,True
S-369495,False,False,True
S-6f0aa3,False,False,False
S-da198f,False,False,False
S-c0a7d8,False,False,False
S-b6aefa,False,False,False
S-d19216,False,False,True
S-330457,False,False,False
S-495d33,False,False,False
S-adf00a,False,False,False
S-a54381,False,False,False
S-21b68e,False,False,False
S-4040a9,False,False,False
S-8966c9,False,False,False
S-70275b,False,True,False
S-6cff51,False,False,False
S-0185ce,False,False,False
S-e5bed6,False,False,False
S-3e453b,False,False,False
S-c341e1,False,False,False
S-2bef13,False,False,False
S-ccf9c8,False,False,False
S-8eff6d,False,True,False
S-927235,False,False,False
S-0ff1eb,False,False,False
S-c287ef,False,False,False
S-8eb955,False,False,False
S-0891f1,False,True,False
S-266ada,False,False,False
S-e50f43,False,False,False
S-3647aa,False,False,False
S-cfb886,False,False,False
S-15d2d2,False,False,False
S-462bd2,False,False,False
S-83e7bb,True,False,False
S-5178de,False,False,False
S-375190,False,False,False
S-2c5e1c,False,True,False
S-84e146,False,False,True
S-5fea89,False,False,False
S-a18bb2,False,False,False
S-41d4ca,True,False,False
S-c6acda,False,False,False
S-918151,False,False,False
S-38a5fb,False,False,False
S-dea1f5,False,True,False
S-fee7b2,True,False,False
S-875645,False,False,False
S-f018e9,False,False,False
S-8a74bb,False,False,False
S-2aa395,False,False,False
S-7de656,False,False,True
S-f2ccdd,False,False,False
S-e2fd71,False,False,False
S-9b493e,False,False,False
S-742e23,False,False,False
S-e7fe6f,True,False,False
S-2940a5,False,True,False
S-0fc93f,False,False,False
S-81a509,True,False,False
S-62f5b1,True,False,False
S-a801d1,False,False,False
S-ad1e4a,True,False,False
S-ad3ef7,False,False,False
S-a5a40b,False,False,True
S-05b245,False,False,False
S-3cc641,True,False,False
S-f973d4,True,False,False
S-f25e72,False,False,False
S-4f81c2,False,False,False
S-b65ff3,False,False,False
S-5f5b36,False,False,False
S-e5c35c,False,False,False
S-bc66af,False,False,True
S-eff39c,False,False,False
S-3c0075,False,False,False
S-aaaa83,False,False,False
S-a09141,False,False,False
S-19edee,False,False,False
S-6f0169,False,False,True
S-bfdb45,False,False,False
S-9da0f3,True,False,False
S-68adfa,False,False,False
S-fcd231,False,False,False
S-9a1e04,False,False,False
S-38b3b4,False,False,False
S-b69fa2,False,False,False
S-a924c2,False,False,False
S-05553e,False,False,False
S-6ace80,False,False,False
S-0b2faf,False,False,False
S-c01d79,False,False,False
S-df69fe,False,False,False
S-f9d635,False,False,False
S-d96652,False,False,False
S-869bba,False,False,False
S-7c1eb9,False,False,False
S-3f00dc,False,False,False
S-60ea07,False,False,False
S-7052a5,False,False,False
S-1b713e,True,False,False
S-63e79e,False,False,False
S-a54fb2,False,False,False
S-07734f,False,False,False
S-6015db,False,False,False
S-1e3a06,False,False,False
S-82a67a,False,False,True
S-531e3a,False,False,False
S-7d8dde,False,False,False
S-f00f7e,False,False,False
S-92f78a,False,False,False
S-1200b3,False,False,False
S-e2799b,False,False,False
S-155b3e,False,False,False
S-691bff,False,False,False
S-5ddf8d,False,False,False
S-57019e,False,False,False
S-36480d,False,False,False
S-ad7716,False,False,False
S-6cd38d,False,False,False
S-88c79e,False,False,True
S-42fb01,False,False,False
S-393c51,False,True,False
S-29ec80,False,False,False
S-9bf16e,False,False,True
S-5d5a8d,False,False,True
S-b18d59,False,False,False
S-56cb4f,False,False,False
S-3fa87d,False,False,False
S-96e3e8,True,False,False
S-b834a9,False,False,False
S-7452a4,False,False,True
S-7b65f4,False,False,True
S-a3300f,False,False,False
S-a9b904,False,False,False
S-43b6e9,False,False,False
S-eec4d5,False,False,False
S-7ac30a,False,False,False
S-c696fa,False,False,False
S-86ed20,False,False,False
S-dda681,False,False,False
S-88d746,False,False,False
S-fc01ba,False,True,False
S-0586ad,False,False,False
S-24631a,False,False,False
S-3d0e5c,False,False,False
S-519509,False,False,False
S-8b9deb,False,False,True
S-31178d,False,False,False
S-b29d83,False,False,False
S-a384d2,False,False,False
S-a61485,False,False,False
S-d1f12e,False,False,False
S-021985,False,False,True
S-6cb472,False,False,False
S-fdb8f1,False,False,False
S-d9d52b,False,False,False
S-6754a4,False,False,False
S-b11cdb,False,False,True
S-a84e7f,False,False,False
S-4f3f73,False,False,True
S-164594,False,False,False
S-aef18a,True,False,False
S-16dc40,True,False,False
S-a8299c,False,False,False
S-842582,False,False,False
S-6956dc,False,False,False
S-2aad81,False,False,False
S-f09511,True,False,False
S-52d03a,False,False,False
S-70b537,True,False,False
S-8e7d28,False,False,False
S-3128b4,False,False,False
S-ce9977,True,False,False
S-16486d,False,False,False
S-c5835c,False,False,False
S-890baf,False,False,False
S-ec0efa,False,False,False
S-09ada1,False,False,False
S-2ecaea,False,False,False
S-0d86a4,False,False,False
S-a2f231,False,False,False
S-dbcf87,False,False,False
S-d6e421,False,False,False
S-50815c,False,False,False
S-25ec8c,False,False,False
S-180b6c,False,False,False
S-ae20d8,True,False,True
S-cb3c72,False,False,False
S-7bb339,False,False,False
S-374d5f,False,False,False
S-2f7250,False,False,False
S-1d081a,False,False,True
S-0e9f04,False,False,False
S-d7163c,False,True,False
S-3bdedd,False,False,False
S-14a95a,False,False,False
S-f15008,False,False,True
S-c76699,False,False,False
S-7456c5,False,False,False
S-947b62,False,False,False
S-7b2efe,False,False,False
S-92421b,False,False,False
S-ede618,False,False,False
S-65b963,False,False,False
S-adbb41,False,False,False
S-ce6528,False,False,False
S-c45df0,False,False,False
S-faee8b,False,False,False
S-9bb9da,False,False,False
S-913134,False,False,False
S-0ada66,False,False,False
S-75fe32,False,False,False
S-1dfdd0,False,False,False
S-4815a3,False,False,False
S-691d69,True,False,False
S-e90e70,False,False,False
S-8eb6df,False,False,False
S-4dae4f,False,False,False
S-f4376f,False,False,False
S-ce5e0e,False,False,False
S-5bc71c,False,False,True
S-80af85,False,False,False
S-9a115f,False,False,False
S-a959a3,False,False,False
S-6def60,False,False,False
S-2a57b3,False,False,False
S-b39049,False,False,False
S-802cc6,False,False,False
S-19c44c,False,False,False
S-396a83,False,False,False
S-d1aacf,True,False,False
S-2beaee,False,False,False
S-16e21f,False,False,False
S-a918f3,False,False,False
S-b4b400,True,False,False
S-52699f,False,False,True
S-52404a,False,False,False
S-dacc80,False,False,False
S-91c435,False,False,False
S-64d514,False,False,False
S-006fed,False,False,True
S-2aafa6,False,False,False
S-1577c3,False,False,False
S-3ea3af,False,False,False
S-615537,False,False,False
S-fc8463,False,False,False
S-8106d9,False,False,False
S-5b699e,False,False,False
S-021297,False,False,False
S-0f7a92,False,False,False
S-85caaf,True,False,False
S-d8a52e,False,False,False
S-7b3fd3,False,False,True
S-9a1297,False,False,False
S-858aa0,False,False,False
S-8b345c,False,True,False
S-456829,False,False,False
S-c2cc5c,False,False,False
S-2126cd,False,False,False
S-91ab2e,False,False,False
S-8cba1c,False,False,False
S-6ee525,False,False,False
S-400e62,False,False,False
S-5f2554,False,False,False
S-877508,False,False,False
S-37b367,False,False,False
S-ac6547,False,False,False
S-525864,False,False,False
S-856627,False,False,False
S-195cd5,False,False,True
S-4e4ab7,False,False,False
S-cfca40,False,False,False
S-a82909,False,False,False
S-ab212b,True,False,False
S-92e1fc,False,False,False
S-add36b,True,True,False
S-dcde3f,False,False,False
S-94fa70,False,False,False
S-80f65d,False,False,False
S-1b373c,False,False,False
S-54a3ed,False,False,False
S-77c22b,False,False,False
S-bf9e6d,False,False,False
S-9daaad,False,False,False
S-d316df,False,False,False
S-d106d4,False,False,False
S-4757c8,False,False,False
S-504bce,False,False,True
S-16be20,False,False,False
S-2ae5d8,False,False,False
S-6522e4,False,False,False
S-bc736c,False,False,False
S-1b7677,False,False,True
S-b8d2f6,False,False,True
S-509f0d,False,False,False
S-708ac6,False,False,False
S-81510a,False,False,False
S-80c24c,True,False,True
S-843a53,False,False,False
S-3b5031,True,False,False
S-a29ba3,False,False,False
S-ce7c30,False,False,False
S-90c2a9,False,False,False
S-3c52a6,False,False,True
S-44ed0c,False,True,False
S-2c9cea,False,False,False
S-47cf94,False,False,True
S-f3d5d7,False,False,False
S-519f1c,False,False,False
S-b75eaa,False,False,False
S-106283,False,False,False
S-f093d0,False,False,False
S-9c19fe,False,False,False
S-f27134,False,False,False
S-ef83b4,False,False,False
S-00fcc5,False,False,False
S-a6f0f1,False,False,False
S-2c4527,False,False,False
S-0144ac,False,False,False
S-8a50a0,False,False,False
S-363c29,False,False,True
S-f28cde,True,False,False
S-ef00f5,False,False,False
S-dbe2ac,True,False,False
S-b8fcc5,True,False,True
S-37b6b2,False,False,False
S-a83bf1,False,False,False
S-e301c9,False,False,False
S-762cae,False,False,False
S-261a8d,True,False,False
S-1c5955,False,False,False
S-a99771,False,False,False
S-ad02b5,True,False,False
S-e267d1,False,False,False
S-0c4162,False,False,False
S-49b640,False,False,False
S-327a60,False,False,False
S-9a41e6,False,False,False
S-e1081c,False,False,False
S-f44c76,False,False,False
S-8e169f,False,False,False
S-68e134,False,False,False
S-7820a5,False,False,False
S-d8c527,False,False,False
S-d30894,False,False,False
S-632337,False,False,True
S-3d4f7a,False,False,False
S-956036,False,False,False
S-873a22,True,False,False
S-868325,False,False,False
S-0e8b21,False,False,False
S-f50afe,False,False,False
S-28a4b7,False,False,False
S-3d46f8,False,False,False
S-bc0806,False,False,False
S-9171f0,False,False,False
S-38eb77,True,False,True
S-f3ff06,False,False,False
S-ecb8d5,False,False,False
S-1fddda,False,False,False
S-876f0b,False,False,False
S-5a5bdb,False,False,False
S-76a214,False,False,False
S-4a89a7,False,False,False
S-c43a91,False,False,False
S-0a8200,False,False,False
S-ece5a5,False,False,False
S-80ed6b,False,False,False
S-19950d,False,False,False
S-aaf847,False,False,False
S-5d0f41,False,False,False
S-d041d2,False,False,False
S-4c6ee1,False,False,False
S-991d05,False,False,False
S-a3ab14,False,False,True
S-70c743,False,False,False
S-c52d77,True,False,False
S-5d5250,False,True,False
S-5f40a3,False,False,False
S-b23d8d,False,False,False
S-87db32,False,False,False
S-38dcab,False,False,True
S-aa7247,False,False,False
S-58ccb4,False,True,False
S-3b5458,False,False,False
S-a9b8a2,False,False,False
S-41cf50,False,False,False
S-48d2b5,False,False,True
S-be655e,False,False,False
S-8985d3,False,False,False
S-9bf1a0,False,False,False
S-4571b1,False,False,False
S-1b4be3,True,False,False
S-ab37ae,False,False,False
S-c23126,False,False,False
S-150930,False,False,False
S-7dcec3,False,False,True
S-88338a,False,False,False
S-869430,False,False,False
S-5e6790,False,False,False
S-55ef07,False,False,False
S-8cc2e2,False,False,False
S-f71bb0,True,False,False
S-cb7ea9,True,True,False
S-9c06f8,False,False,False
S-637b20,False,False,False
S-0b46b0,False,False,False
S-071ade,False,True,False
S-08a5fd,False,False,False
S-acf8ce,False,False,False
S-104941,True,False,False
S-a91e0c,False,True,False
S-115423,False,False,False
S-6ef81d,False,False,True
S-fe25ff,False,False,False
S-c3d2f9,False,False,False
S-decbf7,False,False,False
S-ae4310,False,False,False
S-9e8ce0,False,False,False
S-6d51c5,False,False,False
S-c0127d,False,False,False
S-9b08ae,False,False,False
S-26836c,False,False,False
S-a603dd,False,False,False
S-94b283,False,False,False
S-f7b517,False,False,False
S-09c1df,False,False,True
S-50aaaa,False,False,False
S-fbee8e,True,False,False
S-7e145e,False,False,False
S-0e12c9,False,False,False
S-4f3461,False,False,False
S-56886a,False,False,False
S-fd0d21,False,False,False
S-f0081e,False,False,True
S-cf30e2,False,False,False
S-3c9178,False,False,False
S-86a4e3,False,False,False
S-27514e,False,True,False
S-aea1bf,False,False,False
S-41128b,False,False,False
S-a80c62,True,False,False
S-d7497b,False,False,False
S-0e7e70,False,False,False
S-2f0815,False,False,False
S-06770c,False,False,False
S-a525b3,True,False,False
S-f030d4,False,False,False
S-b83d8d,False,False,False
S-e78c09,False,False,False
S-19465f,False,False,False
S-b45bc6,False,False,True
S-35ff7e,False,False,False
S-f932c0,False,False,False
S-c58b17,False,False,False
S-b32a70,False,False,False
S-e3dff3,False,False,False
S-2b2fa8,True,False,False
S-6b3ac8,False,True,False
S-e964b6,False,False,False
S-6c1ca6,False,False,False
S-ce887e,False,False,False
S-95c2e3,False,False,False
S-f55146,False,False,False
S-04ec2f,False,False,False
S-89a8a2,False,False,False
S-ac8fd3,True,False,False
S-70addb,False,False,False
S-1261fb,False,False,False
S-561d54,False,False,False
S-f6f848,False,False,False
S-c021c2,False,False,False
S-b91501,False,False,False
S-d507da,False,False,False
S-6bf118,False,False,False
S-f2f40c,False,False,False
S-a9bfe0,False,False,True
S-96bb5c,True,False,False
S-fd12a3,False,False,True
S-7e5af5,False,False,False
S-3a5c75,False,False,False
S-211bc2,False,False,False
S-1f5faf,False,False,True
S-54b286,True,False,False
S-8cfc1b,False,False,False
S-3c3a3e,False,False,True
S-d735d1,False,False,False
S-87b9f7,False,False,False
S-bfc2c2,False,False,False
S-d19da0,False,False,False
S-683e1e,False,False,False
S-b38152,False,False,False
S-5f4cc6,False,False,False
S-0fa88d,False,False,False
S-0d4d11,False,True,False
S-21393c,True,False,False
S-cdde2b,True,False,False
S-965b1c,False,False,False
S-b4dd00,False,False,False
S-c284ce,False,False,False
S-4d260c,False,False,False
S-d9821f,False,False,False
S-dd8371,False,False,False
S-7ab68f,False,False,False
S-c619d6,False,False,False
S-4e00a0,False,False,False
S-a0af0a,False,False,False
S-a67e83,False,False,False
S-9c735f,False,False,False
S-4970c1,False,False,False
S-a46dd4,False,False,False
S-96ead2,False,False,False
S-4d8633,False,False,False
S-788739,False,False,False
S-0380a3,False,False,False
S-e8eb5c,True,False,False
S-cb100e,True,False,False
S-c26c22,False,False,False
S-1cf9b0,False,False,True
S-26bf58,False,False,False
S-106bf6,False,False,False
S-511e50,False,False,False
S-69b070,True,False,False
S-648397,False,False,False
S-3ceff3,False,False,False
S-3d8c2f,True,True,True
S-1be5a9,False,False,False
S-507731,False,False,False
S-04b127,False,False,False
S-e27e43,False,False,False
S-b099ea,False,False,False
S-dcc084,False,False,False
S-165850,False,False,False
S-367d84,False,False,False
S-db7c1d,False,False,False
S-303f63,False,False,False
S-f2b79f,False,True,False
S-806d7b,False,False,False
S-04fd47,False,False,False
S-cc9b9d,False,False,False
S-76bf6c,False,False,False
S-46852c,False,False,False
S-9a0b2f,True,False,False
S-06447b,False,False,False
S-c6e62c,False,False,False
S-b5162d,False,False,False
S-e98121,False,False,False
S-2852dd,False,False,False
S-128f55,False,False,False
S-615487,False,False,False
S-c95ecc,False,False,False
S-a2ee32,False,False,False
S-8eab5b,False,False,True
S-3223a2,False,False,False
S-b81ed3,False,False,False
S-d031a4,False,False,False
S-5a2a05,False,False,False
S-aa3dd4,False,False,False
S-cfcb11,False,False,False
S-a5a9b8,False,False,False
S-b559da,False,False,False
S-43c80c,False,False,False
S-5d5699,False,False,False
S-e44044,False,False,False
S-83f2e5,True,False,False
S-ba3fc7,False,False,False
S-b51d34,False,False,True
S-8a3abd,False,False,False
S-f677d3,False,False,False
S-e7e4bd,False,False,False
S-1c23d2,False,False,False
S-22778a,False,False,False
S-c3b622,True,False,False
S-33598f,False,False,False
S-32e881,False,False,True
S-0b054a,False,False,False
S-71c55a,False,False,False
S-269b4a,False,False,False
S-93592e,False,False,False
S-bba658,False,False,False
S-073381,False,False,True
S-c0820a,False,False,False
S-dd73ac,False,False,False
S-e32b16,False,False,False
S-070d42,True,False,False
S-396546,False,False,False
S-c22c29,False,False,True
S-e73cdf,False,False,False
S-1976bb,False,False,False
S-3f08d7,False,True,False
S-db6454,False,False,False
S-6ab430,False,False,False
S-04d260,False,False,False
S-77f7fd,False,False,False
S-456d47,False,False,False
S-9780e9,False,False,False
S-e477e9,False,False,False
S-020dce,False,False,False
S-ae6295,False,True,False
S-067c38,False,False,False
S-0aedf8,False,False,False
S-8bb388,False,False,False
S-e8d48e,False,False,False
S-2d63e2,False,False,False
S-4695b8,False,False,True
S-2e84f2,False,False,False
S-9de4eb,False,False,False
S-6100a4,False,False,False
S-18565e,False,False,False
S-012b26,False,False,False
S-7b7e04,False,False,False
S-896e2f,True,False,False
S-f482de,False,False,False
S-140813,False,False,False
S-a7524a,False,False,False
S-2fc028,True,False,True
S-606747,False,False,False
S-92a38d,False,False,False
S-c89bff,False,False,False
S-3d5e0c,False,False,False
S-2359a2,False,False,False
S-63c794,False,False,False
S-87ebe6,False,False,False
S-12c163,False,False,False
S-684915,False,False,False
S-6b7487,True,False,False
S-911e27,False,False,False
S-a0a358,False,False,False
S-373490,False,False,False
S-94aaef,True,False,False
S-ea66df,False,False,False
S-2176da,False,False,False
S-a64940,False,False,False
S-289702,False,False,False
S-30fa6f,False,False,True
S-65bb33,False,False,False
S-5d434f,False,False,False
S-9ea111,False,False,False
S-46526e,False,False,False
S-f713a1,False,False,False
S-5a5338,False,False,False
S-a94ec7,False,False,False
S-f9e5e9,False,False,False
S-8486d2,False,False,False
S-b479cd,False,False,False
S-a5d1e3,False,False,False
S-c1eb68,True,False,False
S-f429e0,True,False,False
S-0ed0cb,False,False,False
S-0c43c2,False,False,False
S-73fc8f,False,False,False
S-4ad7b1,False,True,False
S-909b7f,False,False,False
S-2de449,False,False,False
S-7bcd95,False,False,False
S-3fb251,True,False,False
S-69a807,False,False,False
S-cfaa97,False,False,False
S-0e6b77,False,False,False
S-224bca,False,False,False
S-a68b52,False,False,False
S-aabbf4,True,False,False
S-1cefc9,False,False,False
S-61cc6f,True,False,False
S-3b7f8e,False,False,False
S-104ed3,False,False,False
S-b86304,False,False,False
S-b192d9,True,False,False
S-b156cf,False,False,False
S-b859e7,False,False,False
S-4c9107,True,False,False
S-57e129,False,False,False
S-79ab7e,False,False,True
S-8f4f5b,False,False,False
S-2574a3,False,False,False
S-f30a79,False,False,False
S-e702a4,False,False,False
S-5e0619,False,False,False
S-4fc5ca,False,False,False
S-457217,False,False,False
S-113e86,True,False,False
S-9f479f,True,False,False
S-3ec165,False,False,True
S-7fa78f,False,False,False
S-1b4693,False,False,False
S-15c444,False,True,False
S-d8c6a0,False,False,False
S-e874c1,False,False,False
S-80fa36,False,False,False
S-5ed335,False,False,True
S-ec56f3,False,False,False
S-527b39,False,False,True
S-bc5908,False,False,False
S-af4e84,False,False,False
S-6ce794,True,False,False
S-f17152,False,False,False
S-0a59be,False,False,False
S-6f488b,False,False,True
S-094e82,False,False,True
S-1eb467,False,False,False
S-7f9ce5,False,False,False
S-69362d,False,False,False
S-36069b,False,False,False
S-d24841,True,False,False
S-cd6bb6,False,False,False
S-6a9918,False,False,False
S-549438,False,False,False
S-f7cde3,False,False,False
S-de6767,False,False,False
S-d3d720,False,False,True
S-21b034,False,False,False
S-9e6f0c,False,False,False
S-c1316c,False,False,False
S-3383a4,False,False,False
S-d27f96,False,False,False
S-5a75eb,False,False,False
S-fef8bf,False,False,False
S-e2f1fd,False,False,False
S-1c406a,False,False,False
S-80dc6b,False,False,False
S-4faeb9,True,False,False
S-0e8781,False,False,False
S-53a9f7,False,False,False
S-b95aac,False,False,False
S-41a4cb,False,False,False
S-7a6697,False,True,False
S-bdf4de,False,False,False
S-2c617b,False,False,False
S-a54f87,False,False,False
S-30c045,False,False,False
S-af2d97,False,False,True
S-bfe8ca,False,False,False
S-91da84,False,False,True
S-ba7f2a,False,False,False
S-d7ef67,True,False,False
S-ec58ac,False,False,False
S-526874,False,False,False
S-2fe6c0,False,False,False
S-6c7227,False,False,False
S-bbd26a,False,False,False
S-4ef4fd,False,False,False
S-6b0a2f,False,False,False
S-7f04ec,True,False,False
S-b553d7,False,False,False
S-31d9ee,False,False,False
S-a8e49e,False,False,False
S-715ace,False,False,False
S-0a3e58,False,False,False
S-23ccf4,False,False,False
S-fae334,False,False,False
S-6e177f,False,False,False
S-c18476,False,False,False
S-111683,False,False,False
S-5fe3e5,False,False,False
S-5a37dc,True,False,False
S-a09e70,True,False,False
S-8942cf,False,False,False
S-3c4cae,True,False,False
S-8464b6,False,False,True
S-936a83,False,False,False
S-ed2bb5,False,False,False
S-dd220e,False,False,False
S-07aba0,True,False,False
S-04ab7e,False,False,False
S-62c088,False,False,False
S-f71904,False,False,False
S-302add,False,False,False
S-39b5ce,False,False,False
S-15cfa1,False,False,False
S-90229f,True,False,False
S-7ac9dd,False,False,False
S-3196e2,False,False,False
S-51569a,False,False,False
S-dc86fa,False,False,False
S-c881bc,False,False,True
S-25ee09,True,False,False
S-5631a9,False,False,False
S-ad8908,False,False,False
S-ac3a32,False,False,False
S-b90a53,False,False,False
S-4d2bda,True,False,False
S-cce34b,False,False,False
S-cb3a85,False,False,False
S-129cf4,True,False,False
S-2c8143,False,False,False
S-8fd98a,False,False,False
S-615915,False,False,True
S-09cb75,False,False,True
S-bbcf43,False,False,False
S-ed55d2,False,False,False
S-54ac93,False,False,True
S-5901a1,False,False,False
S-931899,False,False,False
S-21d7be,False,False,False
S-66a625,False,False,False
S-0bf451,True,False,False
S-f951ac,True,False,False
S-c2701b,False,False,True
S-6cff7d,False,False,False
S-2ff628,True,False,False
S-c3ecd8,False,False,False
S-ede33a,False,False,True
S-373c6e,False,False,False
S-c83dfd,False,False,False
S-215e9c,False,False,False
S-8da449,False,False,False
S-c58ed5,False,False,False
S-4b75c6,False,False,False
S-3872fd,False,False,False
S-3f82f4,False,False,False
S-7277c8,False,False,False
S-827bc4,False,False,False
S-0efb82,False,False,False
S-4c9c01,False,False,True
S-1f94ad,False,False,False
S-6bb2c5,False,False,False
S-865af3,False,False,False
S-f65381,False,False,False
S-115823,False,False,False
S-de66c3,False,False,False
S-0ac09f,False,False,False
S-a02981,True,False,False
S-487d18,False,False,False
S-697d16,False,False,False
S-f8e69c,False,False,False
S-b279c9,False,False,False
S-9fc31d,False,False,True
S-3f2b4c,False,False,False
S-0459a1,False,False,False
S-7dd478,False,False,False
S-ab2b5b,True,False,False
S-9df4f6,True,False,False
S-9ce22d,False,False,False
S-53b07a,False,False,False
S-bf6d7b,False,True,False
S-5228d6,True,False,True
S-4b9d7c,False,True,False
S-79bb4c,False,False,True
S-1bbf0a,False,False,False
S-a6820d,False,False,False
S-7f219a,False,False,False
S-3ca6d2,False,False,False
S-f26ae0,False,False,False
S-3bc591,False,True,False
S-a84e2b,True,False,False
S-12f05a,False,False,False
S-3476e2,True,False,False
S-ab0f4c,False,False,False
S-23ae3c,False,False,False
S-d2e82c,False,False,False
S-041534,False,False,False
S-2f998d,False,False,False
S-5ffb84,True,False,False
S-ae9ce7,True,False,False
S-a707da,True,False,False
S-b37d03,True,False,False
S-4473ec,False,False,False
S-a81bcd,True,True,False
S-c4cef7,False,False,False
S-2a6c1f,False,False,False
S-1712e6,False,False,True
S-cde950,False,False,False
S-ca98c9,False,False,False
S-497d95,False,False,False
S-63d104,False,False,False
S-c41762,False,False,True
S-2fd379,True,False,False
S-11b2c6,False,False,False
S-899319,False,False,False
S-542c37,False,False,False
S-cef05a,False,False,False
S-51f213,False,False,False
S-e4b8fd,False,False,False
S-7ba2ad,False,False,False
S-301b73,False,False,False
S-dee62f,False,False,False
S-8bc290,False,False,False
S-1f8215,False,False,False
S-12e3ff,True,False,False
S-23587d,False,False,False
S-0c5771,False,False,True
S-9d35cf,False,False,False
S-f1cc81,False,False,False
S-44046d,False,False,True
S-97aa94,False,False,False
S-2ee940,False,False,False
S-b2c291,False,False,False
S-62b4fc,False,False,False
S-6fa5cd,False,False,False
S-33e4e2,False,True,False
S-718f18,False,False,False
S-95a570,False,False,True
S-b526e3,True,False,False
S-0bccd9,False,True,False
S-f50b14,False,False,False
S-0eff34,False,False,False
S-06fb6f,False,False,False
S-24323f,False,False,False
S-e1e2bf,False,True,True
S-dacbda,False,False,False
S-f66b5d,False,False,False
S-62a6d7,False,False,False
S-c5a146,True,False,False
S-3ad334,False,False,False
S-9c1bcb,False,False,False
S-3e8909,True,False,False
S-6b200f,True,False,True
S-ebbda6,False,False,False
S-c7a771,False,False,False
S-b8097b,False,False,False
S-628842,False,False,False
S-4690b3,False,False,True
S-8fbabd,False,False,True
S-6bab8f,False,False,False
S-e4cb85,True,False,False
S-aeec81,False,False,False
S-5a3412,False,False,False
S-4904cd,False,False,False
S-1d4aa3,False,False,False
S-fcc241,False,False,False
S-b046ad,False,False,False
S-0463f5,False,False,False
S-68a558,False,False,False
S-b420be,False,False,False
S-d74733,False,False,False
S-52280f,False,False,False
S-0f949d,False,False,False
S-38bf32,False,False,False
S-0c47cb,False,False,False
S-28d64b,False,False,False
S-003647,False,False,False
S-c0789c,False,False,False
S-fc3dcb,False,False,False
S-1ffdd8,False,False,False
S-e9a159,False,False,False
S-3803ff,False,False,False
S-aaf30f,False,False,False
S-b362a5,False,False,False
S-b07043,False,False,False
S-140d3a,False,False,False
S-2eb247,False,False,True
S-ef7534,False,False,True
S-b204c4,False,False,False
S-c787e2,False,False,False
S-e60430,True,False,False
S-92afb8,True,False,False
S-0b7eba,False,False,False
S-a113a2,False,False,False
S-624857,False,False,False
S-b95c5c,False,False,False
S-6bd42d,False,False,False
S-45ab1a,False,False,False
S-7fc49b,True,False,False
S-06b9f0,False,False,False
S-3b43b5,False,False,False
S-78554e,False,False,False
S-f83811,False,False,False
S-3d0e64,False,False,False
S-0f15b7,False,False,False
S-24ecbf,False,False,False
S-03906f,False,False,False
S-a4d69d,False,False,False
S-9a8646,False,False,False
S-3d7bed,False,False,False
S-a9a707,True,False,False
S-1eba7d,True,False,False
S-7863b1,False,False,False
S-8d3495,True,False,False
S-509e88,False,False,False
S-35ff9e,False,False,False
S-c84ce4,False,False,False
S-75c438,False,False,False
S-ccd045,False,False,False
S-28e7bf,False,False,False
S-656302,False,False,False
S-c5cee8,False,False,False
S-d6aefa,False,False,False
S-354f6f,False,False,False
S-14f39f,False,False,True
S-c7667c,False,False,False
S-85f2ab,False,False,False
S-2d2a88,False,False,False
S-58d17c,False,False,False
S-941e0f,False,False,False
S-f0c3f6,False,False,False
S-00837c,False,False,True
S-904886,False,False,True
S-d0bb87,False,False,False
S-9ae8de,True,True,False
S-f971ab,False,False,False
S-ae4bb3,True,False,False
S-b8ca59,False,False,False
S-3ae7af,False,False,False
S-ed2593,False,True,False
S-ac4799,True,False,True
S-2b35cc,False,True,False
S-9f59fd,False,False,False
S-19cb09,False,False,False
S-909612,False,False,False
S-01fa46,False,False,False
S-45c47e,False,False,False
S-a50803,False,False,False
S-4984e3,False,False,False
S-1f93cd,False,False,False
S-6cf058,False,False,False
S-cd6d68,False,False,False
S-041553,False,False,False
S-3ea19d,False,False,False
S-f62f59,False,False,False
S-c99814,False,False,False
S-23ba41,False,False,False
S-3981c7,False,False,False
S-6d507b,False,False,False
S-1d3af2,True,False,False
S-f53776,False,False,False
S-e05ab8,False,False,False
S-da0b9b,False,False,True
S-131064,False,False,False
S-541d7a,False,False,True
S-2ddb46,False,False,False
S-16cf6a,False,False,False
S-0a01c5,False,False,False
S-ba8f61,False,False,False
S-0ed7be,False,False,False
S-c985c4,False,False,False
S-894692,False,False,False
S-2cec4e,False,False,False
S-aede24,True,False,False
S-d0af44,True,False,False
S-3e0c7b,False,False,False
S-3d0aa6,False,False,False
S-0639f1,False,False,False
S-907e70,False,False,False
S-227856,False,False,False
S-4af421,False,False,False
S-f4dbc7,False,False,False
S-526a2c,False,False,False
S-aa5012,False,False,False
S-551502,False,False,False
S-007e2c,False,False,False
S-3e0991,False,False,True
S-fe0bc0,False,False,False
S-ed76ff,False,False,False
S-c8d680,False,False,True
S-8b1b5a,False,False,False
S-c0d979,False,False,False
S-a8ae52,False,True,False
S-05aaef,False,False,False
S-a14d4b,False,False,False
S-f97537,False,False,False
S-d6dc7a,False,False,False
S-ca6962,True,False,True
S-1f4c01,False,False,False
S-d6f7cd,False,False,False
S-c847dc,False,False,False
S-dbe1b3,False,False,False
S-26593b,True,False,False
S-7d66fb,False,False,False
S-4206eb,False,False,False
S-b998a9,False,False,False
S-040f03,False,False,False
S-440dde,False,False,False
S-9a85ab,False,False,False
S-778c7e,True,False,False
S-138c41,False,False,False
S-109e0c,True,False,False
S-8e5be7,False,False,False
S-497428,False,False,False
S-846d41,False,False,False
S-9def16,False,False,False
S-807f28,False,False,False
S-056775,True,False,False
S-39c024,False,False,False
S-9e450b,False,False,True
S-e66964,False,False,False
S-5a500d,False,False,False
S-62fe77,False,False,False
S-3eb9c8,False,False,True
S-6fa3a3,False,False,False
S-8e5d9f,False,False,False
S-012ab9,False,False,False
S-b12284,False,False,False
S-ae355b,False,False,False
S-90432a,False,False,True
S-e04d93,False,False,True
S-0f569f,False,False,False
S-6d6bde,False,False,False
S-0cbce0,True,False,False
S-93cf65,False,False,False
S-c3aa52,True,False,False
S-68dca1,False,False,False
S-a97ab5,False,False,False
S-c68e80,False,False,False
S-0c9fdd,False,False,False
S-d64a4e,False,False,False
S-efcb1e,False,False,False
S-3909f9,False,False,False
S-ab476e,False,False,False
S-f5fcc9,False,False,False
S-804a70,False,False,False
S-834a48,False,False,False
S-f6f308,True,False,False
S-06fb77,False,False,False
S-5df64f,False,False,False
S-cf12f4,True,False,False
S-ee30bb,True,False,False
S-ff93b5,False,False,False
S-2db458,False,False,False
S-e505f2,False,False,False
S-fcbe5a,True,False,False
S-d49a8f,False,False,False
S-b120fb,False,False,True
S-6c7bd8,False,False,False
S-ca321d,False,False,False
S-7cd9fa,False,False,False
S-2a53d5,False,False,False
S-101324,False,False,False
S-307a21,False,False,False
S-f30081,False,False,False
S-d3e724,False,False,False
S-713e06,False,False,False
S-e977e4,True,False,False
S-9464f8,False,False,False
S-3473af,True,False,False
S-2565f0,False,False,False
S-769f70,False,False,False
S-d48577,False,True,False
S-703faf,False,False,True
S-a3dc1e,True,False,False
S-ac1f01,False,False,False
S-e6ce29,False,False,False
S-00866d,False,False,False
S-b7c825,False,False,False
S-22c99d,False,False,False
S-329db8,False,False,False
S-5fe191,True,False,False
S-c19e74,False,False,False
S-0e526f,False,False,False
S-beff12,False,False,False
S-f9b4d8,False,False,False
S-d76bd0,False,False,True
S-edf4e0,False,False,False
S-326691,False,False,True
S-e7a190,False,False,False
S-f73a84,False,False,False
S-ba67a5,False,False,False
S-5272ff,False,False,False
S-d407d0,False,False,False
S-54d8cf,False,False,False
S-bdf7c2,False,True,True
S-e9257d,True,False,False
S-c15f06,True,True,False
S-fbc35d,False,False,False
S-78c894,True,False,False
S-2ee2e1,True,False,False
S-5677fb,False,False,False
S-3c9a70,False,False,False
S-036362,False,False,False
S-18b1f9,False,False,False
S-31afc4,False,False,False
S-6ea0ad,True,False,False
S-c25d2f,False,False,True
S-444f22,True,False,False
S-f3ff07,False,False,True
S-154119,False,False,False
S-62fa42,False,True,True
S-97a57b,False,False,False
S-7c2997,False,False,True
S-9122a4,False,False,False
S-f9f7af,False,False,False
S-f6edd4,False,False,True
S-bbe998,False,False,False
S-02508a,False,False,False
S-7e44b0,False,False,False
S-028f5b,False,False,True
S-d26ee3,False,False,True
S-a1901c,False,False,False
S-c96d86,True,False,False
S-ea8479,False,True,False
S-7eb81c,False,False,False
S-8d4b81,False,False,False
S-9e5075,False,False,False
S-6bdda7,False,False,False
S-2c52b6,False,False,False
S-9c09cb,False,False,False
S-3829dc,False,False,False
S-d238c2,False,False,False
S-885bd4,False,False,False
S-700923,False,False,False
S-d538f6,False,True,False
S-5ca0fe,False,False,False
S-83dc0a,False,False,False
S-39a8f1,False,False,False
S-0a765d,False,False,False
S-fa9b43,False,False,False
S-3a57be,False,False,False
S-5ede24,False,False,False
S-df5924,False,False,True
S-eb9911,False,False,False
S-7db513,False,False,False
S-2ded06,True,False,False
S-c0ca82,False,True,False
S-7cf7c6,False,False,False
S-9fa49b,True,False,False
S-4a3e6c,False,False,False
S-112733,False,False,False
S-28332f,False,False,False
S-6709f4,False,False,False
S-0b059f,False,False,True
S-d91908,False,False,False
S-381988,False,False,False
S-535e55,True,False,False
S-a22ca2,False,False,False
S-4e762d,False,False,False
S-1d3a93,False,False,False
S-1c5650,False,False,False
S-593787,True,False,False
S-28a2b2,False,False,False
S-0bdbb3,False,False,False
S-dc8c2f,False,False,False
S-a33656,False,False,False
S-b991d2,False,False,False
S-a53e06,False,False,False
S-249448,False,False,False
S-768196,False,False,False
S-e6513c,False,False,False
S-0acba4,False,False,False
S-e57a7d,False,True,False
S-f24609,False,False,False
S-cfb246,False,False,False
S-242e1b,True,False,False
S-89d7b0,False,False,False
S-5a26fc,False,False,False
S-d64e41,False,True,False
S-482962,False,False,False
S-e77d56,False,False,False
S-658bcb,False,False,False
S-56c23b,False,False,False
S-39f1b0,False,False,False
S-21d0ab,False,False,False
S-b27c2f,False,False,False
S-1224ea,False,False,False
S-0d8293,False,False,False
S-f409d8,False,False,False
S-374511,False,False,False
S-c1f160,False,True,True
S-2b58a7,False,False,False
S-4dfd17,True,True,False
S-4781b1,False,False,False
S-c53808,False,False,False
S-e3165d,False,False,False
S-0334aa,True,False,False
S-6c625e,False,False,False
S-e48c4d,False,False,False
S-322a59,False,False,False
S-41b844,False,False,False
S-12125f,False,False,False
S-91709b,False,False,True
S-ff681f,True,False,False
S-6b534f,False,False,False
S-2d3434,False,False,False
S-b8caad,False,False,False
S-58ab69,False,True,False
S-6c877e,False,False,False
S-ff4611,False,False,False
S-f3c329,False,False,False
S-270a4e,True,False,False
S-2a312e,False,False,False
S-3aa11b,False,False,False
S-0a8cff,True,False,False
S-b4d224,False,True,False
S-f0e458,False,False,False
S-af5ec3,False,False,False
S-683c6b,False,False,False
S-1df679,False,False,False
S-ca74fe,False,False,False
S-061025,False,False,False
S-333abd,False,False,False
S-5281ee,False,False,False
S-1bf697,False,False,False
S-9b8167,False,False,False
S-585d4c,True,False,False
S-cdd281,False,False,False
S-f83141,False,False,False
S-3af429,True,False,False
S-0cb4fe,False,False,False
S-da3b68,False,False,False
S-620b62,True,False,False
S-4056f6,False,False,False
S-7a1803,False,False,False
S-ddc51c,False,False,False
S-ba228b,False,False,False
S-e3255c,False,False,False
S-5619af,False,False,False
S-47048b,False,False,False
S-b60208,False,False,False
S-64d203,False,False,False
S-a87ff6,False,False,False
S-0ff481,False,False,False
S-bb3c63,False,False,False
S-55aa8a,False,False,False
S-196dc6,False,False,False
S-afa7a7,False,False,False
S-fcef74,False,False,False
S-a3129d,False,False,False
S-8def89,False,False,False
S-a2cde5,False,False,False
S-c855b0,True,False,False
S-85ddea,False,False,False
S-982ee2,False,False,False
S-6ce11a,False,False,False
S-d638c7,True,False,False
S-f967c2,False,False,False
S-196c1e,False,False,False
S-559e85,False,False,False
S-af7a2c,True,False,False
S-e66253,False,False,False
S-25f647,False,False,False
S-766d8b,False,False,True
S-39f1ed,False,False,False
S-70c734,False,False,False
S-e44831,False,False,False
S-21c164,False,False,False
S-d83789,False,False,False
S-dafec3,False,False,False
S-9cd745,False,False,False
S-90e2d7,False,False,False
S-ca72d9,False,False,False
S-e05562,False,False,False
S-c14073,True,False,False
S-01b2dc,True,False,False
S-e25e6e,False,False,False
S-47e122,False,False,False
S-5856ab,False,False,True
S-edd29b,False,False,False
S-dc77b7,False,False,False
S-2d0c1f,False,False,False
S-ac42e8,False,False,False
S-5c3f50,False,False,False
S-84e658,False,False,False
S-1dbbc2,False,False,False
S-b633be,False,False,True
S-a1676a,False,False,False
S-e958ba,False,False,False
S-86571c,False,False,False
S-4193dd,False,False,False
S-860bc8,False,False,False
S-2e78ce,False,False,True
S-b5a1a0,True,True,False
S-480226,True,False,False
S-be828b,False,False,False
S-3ffd93,False,False,False
S-94d88f,False,False,False
S-b27c39,True,False,True
S-d073bb,False,False,False
S-afe3b8,False,False,False
S-bbd8b5,False,False,False
S-6d10f7,False,False,False
S-491d53,False,False,False
S-cfedb3,False,False,False
S-62a617,False,False,True
S-0b3f0c,False,False,False
S-e5909f,True,False,False
S-53ff75,False,True,False
S-4a724b,False,False,False
S-ce90ba,False,False,False
S-672dd6,False,False,False
S-78172b,False,False,False
S-ea9f08,False,True,False
S-5aa854,False,False,False
S-e81358,False,False,False
S-e95f57,False,False,False
S-0027d3,False,False,False
S-3ce79c,False,False,False
S-6e81f5,False,False,False
S-775a4f,False,False,False
S-f4e6c0,False,False,False
S-089366,False,False,False
S-a19f87,False,False,False
S-2de283,False,False,False
S-f497df,False,False,False
S-c8a4ff,False,False,True
S-294d8b,False,False,False
S-a3927a,False,False,True
S-2cf162,False,False,False
S-7be036,True,False,False
S-1facfc,False,False,False
S-ccdc31,False,False,False
S-d3efa2,False,False,False
S-dcc1a5,False,False,False
S-0d2fb8,False,False,False
S-0fcf7d,False,False,False
S-e76552,False,False,False
S-c14566,False,False,False
S-a2fb62,False,False,False
S-bd1912,False,False,True
S-d5605e,False,False,False
S-b9c635,False,True,False
S-f2dd76,False,False,True
S-e7de53,False,False,False
S-8ed780,False,False,False
S-6a017c,False,False,False
S-f2e134,False,False,True
S-9fbdfb,True,False,False
S-2416eb,False,False,False
S-20812a,False,False,False
S-e88276,False,False,False
S-51cb35,False,False,True
S-53e028,False,False,False
S-f64908,False,False,False
S-a0c741,False,False,False
S-65d722,False,False,False
S-5b9bb9,False,False,False
S-84c44b,True,False,False
S-0fb7bb,False,True,False
S-cdc644,False,False,True
S-c57c91,False,False,False
S-2d7947,False,False,False
S-b81200,False,False,False
S-8ea942,False,False,False
S-0146f6,False,False,False
S-8b0950,False,False,False
S-5bbb5b,False,True,False
S-ecefa1,False,False,False
S-1526b7,True,False,False
S-55d484,False,False,False
S-94471b,False,False,False
S-eb4b0a,False,False,False
S-f7a5b9,False,False,False
S-410fd5,False,False,False
S-32ab86,False,False,False
S-9e8b22,False,False,True
S-bf4ec8,False,False,False
S-a25d8b,False,False,False
S-37f480,False,False,False
S-c27e9c,False,False,False
S-a76521,False,False,False
S-0ab9fb,False,False,False
S-afc43d,False,False,False
S-b6e44c,False,False,False
S-6a8046,False,False,False
S-a3cbd4,False,False,True
S-f74e00,False,False,False
S-c2eeba,False,False,False
S-371662,False,False,False
S-8ebe58,False,False,False
S-6102fe,False,False,False
S-6676fa,False,True,False
S-2b550a,True,False,False
S-c48d0d,False,False,False
S-7fca0e,False,False,False
S-5d343c,False,False,False
S-76b176,False,False,True
S-e746d2,False,False,False
S-7b896c,False,False,False
S-c9a968,False,False,False
S-f4b648,False,False,True
S-f4a3ac,False,False,False
S-42671b,False,False,False
S-88cc86,False,False,True
S-02b754,False,False,False
S-7826c1,False,False,False
S-45c2cf,False,False,False
S-df819a,False,False,False
S-983266,False,False,True
S-16dfaf,False,False,False
S-f77847,False,True,False
S-1053c9,False,False,False
S-8eae4e,False,False,False
S-bf39f7,False,False,False
S-a4142f,False,False,False
S-e6dee4,False,False,False
S-b76ba6,False,False,False
S-5a94f7,False,False,False
S-61afee,False,False,False
S-2a73e2,False,False,False
S-e0075b,False,False,False
S-5bbb53,False,False,False
S-65731a,False,True,True
S-2d5c04,False,False,False
S-34253c,False,False,False
S-d18856,False,False,False
S-e6b450,False,False,False
S-0d8cfd,False,False,False
S-86e45a,False,False,False
S-dcae52,False,False,False
S-17bbdd,False,False,False
S-f24690,False,False,False
S-9a3e85,False,False,False
S-1c2a4a,False,False,False
S-c37ee1,False,False,False
S-4ebd94,False,False,False
S-61797c,False,False,False
S-f8d0a2,False,False,False
S-d0eeb2,False,True,False
S-10fc7d,True,False,False
S-c249fb,False,False,False
S-c86492,False,False,False
S-1be7c5,False,False,True
S-86bcda,True,False,False
S-ee956d,False,False,False
S-404132,False,False,True
S-4d5ab5,False,False,False
S-e5d9a4,True,False,False
S-3684d3,False,False,False
S-cce4fc,False,False,False
S-3cae45,False,False,False
S-82b11e,False,False,False
S-23d18f,False,False,True
S-652885,False,False,False
S-2e7b85,False,False,False
S-48c5be,False,False,False
S-277111,False,False,False
S-505f35,False,False,False
S-70b655,False,False,False
S-4ac0bb,False,False,False
S-4ea564,False,False,False
S-1a9c5c,False,False,False
S-23dab0,False,False,False
S-d396d1,False,False,True
S-f1826f,False,False,False
S-1c3a42,False,False,False
S-27c00d,False,False,False
S-2e4018,True,False,False
S-4da459,False,False,False
S-5879cf,False,False,False
S-2e965d,False,False,False
S-e0f238,False,False,False
S-752e61,False,False,False
S-1a3d9c,False,False,False
S-525d6b,False,False,True
S-a45a12,False,False,False
S-975ee4,False,False,True
S-50c6f5,False,False,True
S-150c8e,False,False,False
S-da2f0b,True,False,False
S-2bc860,True,False,False
S-da9d5f,False,False,False
S-c7f2e5,False,False,True
S-eef92e,False,False,False
S-3947da,True,False,False
S-51590f,False,False,False
S-383ac2,False,False,False
S-44e3ac,False,False,False
S-ebe172,False,False,False
S-a4139f,False,False,False
S-32d874,False,False,False
S-4e63e7,False,False,True
S-810c27,False,False,False
S-74d86d,True,False,False
S-ad32a8,False,False,False
S-2f729b,False,False,True
S-3eb56d,False,False,False
S-21bd9b,False,False,False
S-2e0575,False,False,True
S-1630dd,False,False,False
S-9842bb,False,False,False
S-12ed58,False,False,False
S-be3ff6,False,False,False
S-a36281,False,False,False
S-7d651b,False,False,False
S-668cdc,False,False,False
S-3ef584,False,False,False
S-9211e5,False,False,False
S-3ae2dd,False,False,False
S-942caf,False,False,False
S-d71bdd,False,False,False
S-f32731,False,False,False
S-911b0a,False,False,False
S-d09309,False,False,False
S-4260ed,False,False,False
S-c7e38a,False,False,False
S-d22c1d,False,True,False
S-aadf83,False,False,True
S-096835,False,False,False
S-8ba96c,False,False,False
S-3112d0,False,False,False
S-7ea5d9,True,False,False
S-c796c1,False,False,False
S-0ea795,False,False,False
S-32545c,False,False,False
S-2aaca3,False,False,False
S-6fde5e,False,False,False
S-7ccc38,False,False,False
S-ff9bde,False,False,True
S-a01d87,False,False,False
S-9ac7cb,False,False,False
S-b47d75,False,False,False
S-d71a1f,True,False,False
S-08e560,False,False,True
S-46ff9c,False,False,True
S-d91f4c,False,True,True
S-40adae,False,False,False
S-db4e11,False,False,False
S-e4a862,False,False,False
S-e7cb68,False,False,False
S-e093a9,True,False,False
S-56834c,False,False,False
S-11d922,False,True,False
S-58b22d,False,False,False
S-42daaa,False,False,False
S-fa0d9e,False,False,False
S-55c61c,False,False,False
S-9917a2,False,False,False
S-154918,False,False,False
S-20152a,False,False,False
S-f0e08e,False,False,False
S-0896f4,False,False,False
S-328ac2,False,False,False
S-4df118,True,False,True
S-01bbff,False,False,False
S-31d765,True,False,False
S-c64b73,False,False,False
S-720940,True,False,False
S-e753fa,True,False,False
S-755502,False,False,False
S-5480a7,True,False,False
S-db7a77,False,False,False
S-6403db,False,False,False
S-22f096,False,False,False
S-20f1bd,False,False,False
S-bbff6f,False,False,False
S-3a694d,False,False,False
S-e1820e,False,False,False
S-67595c,False,False,False
S-17fb4d,False,False,False
S-f8a794,False,False,False
S-dc1c10,False,False,False
S-59d050,True,False,False
S-a3b329,False,True,False
S-2881e0,False,True,False
S-5d532c,False,True,False
S-f9c661,False,False,False
S-817e4b,False,False,False
S-59be40,False,False,False
S-d82234,True,False,True
S-68f388,False,False,False
S-eae806,False,False,False
S-1f0d7f,False,False,False
S-544f34,False,False,False
S-e71203,False,True,False
S-a53eac,False,False,False
S-efdeae,False,False,False
S-29ccb8,False,False,False
S-467016,False,False,False
S-12a13c,False,False,False
S-82ffca,False,False,False
S-85b5ce,False,False,False
S-c1c645,True,False,False
S-02984e,False,False,False
S-15e705,False,False,False
S-0a19d1,False,False,False
S-d50d25,False,False,False
S-cb2ad3,True,False,False
S-15afd8,False,False,False
S-e79dbc,False,False,False
S-33200e,False,False,False
S-d5eae3,False,False,False
S-f20079,False,False,False
S-93622a,False,False,False
S-c62bb7,False,False,False
S-6696a0,False,False,False
S-510999,True,False,False
S-255846,False,False,False
S-fd8bb6,False,False,False
S-d7461b,False,False,False
S-2361ec,False,False,True
S-9c47f6,False,False,False
S-c20518,False,False,False
S-cdf835,False,False,False
S-cde2c6,False,False,False
S-af6974,False,False,False
S-38c5fd,False,False,True
S-7bf6d8,False,False,False
S-ada98e,True,False,False
S-3a3be9,False,False,True
S-d4e525,False,False,False
S-8a6579,True,False,False
S-db7a97,False,True,False
S-699110,True,False,False
S-f5f52a,False,False,False
S-748318,False,False,False
S-bb7eef,True,False,True
S-af6536,False,False,True
S-5f75b5,False,False,False
S-6f47c5,False,False,True
S-552434,False,False,False
S-86615c,True,False,False
S-778307,False,False,False
S-1e1853,False,False,True
S-e371b7,False,False,False
S-36885c,False,False,False
S-304f59,False,False,False
S-3e5d57,False,False,False
S-013f5c,False,False,False
S-acb7af,False,False,False
S-9fae95,True,False,False
S-70cf3c,False,False,False
S-d26bbf,False,False,False
S-f7ef84,False,False,False
S-7480e6,False,False,False
S-b95b76,False,False,False
S-639754,False,False,False
S-06e3cd,False,False,False
S-0e43ee,False,False,False
S-a408fe,True,False,False
S-916cca,True,False,True
S-332e0d,False,True,False
S-5798f3,False,False,False
S-ea389c,False,False,False
S-8932ce,False,False,False
S-14d515,False,False,False
S-99efdc,False,False,False
S-183502,False,False,False
S-7ff88c,False,False,False
S-583674,False,False,False
S-6e0386,False,False,False
S-79535e,False,False,False
S-180ae3,False,False,False
S-31be9c,False,False,False
S-183460,False,False,False
S-2b608a,False,False,False
S-499ea3,False,False,True
S-a916c8,False,False,False
S-4e563b,False,False,False
S-f4e0a6,False,False,False
S-7717d6,True,False,False
S-ff4e21,True,False,False
S-40b133,False,False,False
S-92f228,False,False,False
S-2aec7e,False,False,False
S-78f326,False,False,False
S-0e12d4,False,False,False
S-9093cf,False,False,False
S-db94ad,False,False,False
S-59edf9,False,False,False
S-e854de,False,False,False
S-28eeec,True,False,False
S-b93c11,False,False,False
S-6cb3d7,True,False,True
S-bbdf5c,False,False,False
S-5b8c4f,False,False,False
S-6b9696,False,False,False
S-9f009b,False,False,False
S-8317da,False,False,False
S-d61866,True,False,False
S-0b8b0c,False,False,False
S-084930,False,False,False
S-2abab6,False,True,True
S-6b144c,False,False,False
S-0efc9b,False,False,False
S-f690e0,False,False,False
S-6ac338,False,False,False
S-f52c97,False,True,False
S-8b00ff,False,False,False
S-c7f25a,True,False,False
S-dbee03,False,False,False
S-1f15a2,False,False,False
S-3da8ee,False,False,False
S-51dfbc,False,False,False
S-027102,False,False,False
S-d6f31b,True,False,False
S-b5b39a,False,False,False
S-7ab956,False,False,False
S-0a7396,False,True,False
S-337c84,True,False,False
S-b8c3e6,False,False,False
S-cd5968,False,False,False
S-dc3e11,False,False,False
S-b18409,False,False,False
S-d365af,False,False,False
S-eaf2e2,False,False,False
S-b7482e,False,False,False
S-74704b,False,False,False
S-f8e091,False,False,False
S-41d741,False,False,False
S-79e254,False,False,False
S-2d21b9,False,False,False
S-d56460,False,False,False
S-8921cb,False,False,False
S-920d64,False,False,False
S-ae7a5d,False,False,False
S-d518e8,False,False,False
S-3f1bb5,False,False,False
S-83ee41,False,False,False
S-9eeb7e,False,False,False
S-649bb6,False,False,False
S-9f8b23,False,False,True
S-510009,False,False,False
S-295bac,False,False,False
S-b555de,True,False,False
S-1f5841,False,False,False
S-0d6da2,False,False,False
S-5c4dd7,False,False,False
S-904529,True,False,True
S-eed91a,False,True,True
S-71466f,False,False,False
S-24d48b,False,False,True
S-518ce3,False,True,False
S-0e0ec8,False,False,False
S-fe0869,False,False,False
S-457294,False,False,False
S-3bb28f,True,False,False
S-31d8aa,True,False,False
S-29c16b,False,False,True
S-b3f2cb,False,False,False
S-5d6528,False,False,False
S-dbb8b9,False,False,False
S-9f7ef0,False,False,False
S-2178f0,False,False,True
S-31cec4,False,False,False
S-a1426b,False,False,False
S-5ea66d,False,False,False
S-4f9730,False,False,False
S-befdf1,False,False,False
S-2b504d,False,False,False
S-4484ae,True,False,False
S-a2e1dd,False,False,True
S-00dea4,False,False,False
S-b73fdf,False,False,True
S-07e821,False,False,False
S-c8292c,False,False,False
S-47b86b,False,False,False
S-07976e,False,False,False
S-412125,False,False,False
S-1d15a7,True,False,False
S-655049,False,False,False
S-9cfabf,False,False,False
S-dd80e4,True,False,False
S-1fb7ac,False,False,True
S-576519,False,False,False
S-b23ec5,False,True,False
S-1cb993,False,False,False
S-c87692,False,False,False
S-2aaa9c,False,False,False
S-8426e7,False,False,False
S-ed857b,False,False,False
S-2843fe,False,False,False
S-4c8e19,False,False,False
S-b4b084,False,False,False
S-0802a4,False,False,False
S-37879d,False,False,False
S-8048cc,False,True,False
S-c2a14b,False,False,True
S-549340,False,False,False
S-83d49e,False,False,False
S-2ad954,False,False,False
S-4e4ef4,False,True,False
S-a0d68d,False,False,False
S-f3f2bd,False,False,False
S-37a9e3,False,False,True
S-c9d475,False,False,False
S-646813,False,False,False
S-d0bab8,True,False,False
S-57bbae,False,False,False
S-59778a,False,False,False
S-94c40b,False,False,True
S-b9c6ce,False,False,False
S-f1ffee,False,False,False
S-cc30c5,False,False,False
S-9fa60e,False,False,False
S-44c2c1,False,True,False
S-3d6648,False,False,False
S-d97fa8,False,False,False
S-398291,False,False,False
S-d7ee6f,True,False,False
S-3663bb,False,False,False
S-81cd46,False,False,False
S-e6678a,False,False,False
S-69b66d,True,False,False
S-68565b,False,False,False
S-00b0bc,False,False,False
S-f6ca9e,False,False,False
S-8fd696,False,False,True
S-71cb15,False,False,False
S-37dc91,False,False,False
S-6cf72f,True,False,False
S-117d65,False,False,False
S-529f0c,False,False,True
S-3d58c6,False,False,False
S-b33593,False,False,False
S-c6287d,False,False,False
S-a2cd6a,False,False,False
S-30a9dd,False,False,False
S-eef0cd,False,False,False
S-15a897,False,False,False
S-9ee11d,False,False,False
S-f76252,False,False,False
S-d920e7,False,False,False
S-75985b,False,False,False
S-765a5f,False,False,True
S-c318ea,False,False,False
S-964542,False,False,False
S-6c4770,False,False,False
S-694277,False,False,False
S-97fab7,False,False,True
S-fb4fae,False,False,True
S-7b211a,False,False,False
S-da9362,False,False,False
S-79b038,False,False,False
S-9a6a1b,False,False,False
S-82348a,False,False,False
S-df0314,False,False,False
S-dd5a4c,False,False,False
S-54bb4e,False,False,False
S-d98caa,False,False,False
S-eea4ae,False,False,False
S-bd02dd,False,False,False
S-6d4050,False,False,False
S-3bb329,False,False,False
S-f639fb,False,False,False
S-466093,False,False,False
S-8bbfcd,False,False,False
S-ff23a7,False,False,False
S-c92099,False,False,True
S-188518,False,False,False
S-4f8c90,False,False,False
S-495e57,True,False,True
S-3fbf9e,False,False,False
S-15be1c,False,False,False
S-a18ab0,False,False,False
S-008cab,False,False,False
S-09950d,False,False,False
S-8b24a0,False,False,True
S-648618,False,False,False
S-d9659f,False,False,False
S-ddbad0,False,False,False
S-1f9da0,False,False,False
S-74f146,False,False,False
S-e0179e,False,False,False
S-8055fa,False,False,True
S-c1446e,False,False,False
S-27e9ad,False,False,False
S-c08805,False,False,True
S-4012d6,True,False,False
S-4236fa,False,False,False
S-a87c2f,False,False,True
S-3df6ee,False,False,False
S-ca9532,False,False,False
S-be42e1,False,False,False
S-7d4d45,False,False,False
S-3c5dab,False,False,False
S-e43d0d,False,False,False
S-f5df4a,False,False,False
S-9925b9,False,True,False
S-1ff580,False,False,False
S-f40285,False,False,False
S-c59502,False,False,False
S-54283b,False,False,True
S-b48787,False,False,False
S-d859b7,False,False,False
S-49d73e,False,False,False
S-dfad0a,False,False,False
S-dec1fb,True,False,False
S-90a6c9,False,False,False
S-e339fb,False,False,True
S-f4a92a,False,False,False
S-d1f7ad,False,False,True
S-81fc45,False,False,False
S-a25ed2,False,False,True
S-51b3ed,True,False,False
S-d604ec,False,False,False
S-864b0c,False,False,False
S-4c4852,False,False,False
S-7576bd,False,False,False
S-b41269,False,False,False
S-786a36,False,False,False
S-264c8a,False,False,False
S-196e49,False,False,False
S-cda242,True,False,False
S-c3d6a2,False,False,False
S-43c737,False,False,False
S-021ca9,False,False,False
S-576aec,False,False,False
S-6485d5,False,False,False
S-de7a48,False,False,True
S-7d5bf1,False,False,False
S-83ee75,True,False,False
S-5ddeef,False,False,False
S-25270a,False,False,False
S-7e09c4,False,False,True
S-9efd1b,False,True,False
S-b8a3b6,False,False,False
S-1db3e6,False,False,False
S-17c51e,False,False,True
S-b9fe85,False,False,False
S-c62428,False,False,False
S-6eeae1,False,False,False
S-79ef9b,False,False,False
S-0455a5,True,False,True
S-ae093b,False,False,False
S-72e73f,True,False,False
S-8c118d,False,False,False
S-ab7a04,False,False,False
S-761518,False,False,False
S-f49f24,False,False,False
S-22083e,False,False,False
S-c14eeb,False,False,False
S-804965,False,False,False
S-19abcf,False,False,False
S-004d19,False,False,False
S-11939f,False,False,False
S-6cea1b,False,False,False
S-74be40,True,False,False
S-8f9410,False,False,False
S-395a98,False,False,False
S-151b22,False,False,False
S-6b0789,False,False,False
S-f94b9b,False,False,True
S-0e068c,False,False,False
S-212fc4,False,False,False
S-eec056,True,False,False
S-28e360,False,False,False
S-52119f,False,False,False
S-008f3c,False,False,True
S-82c91a,False,False,False
S-fcab86,False,False,False
S-92b77f,False,False,False
S-099dbc,False,False,False
S-da7f1f,False,False,False
S-62641a,False,False,True
S-2c3b6d,False,False,False
S-3e0c24,False,False,False
S-9d7fa9,False,False,False
S-9f13f8,False,False,False
S-0359cf,False,False,False
S-f29976,False,False,False
S-23281c,False,False,False
S-b4536d,False,False,False
S-e5a001,False,False,False
S-d56a2c,False,False,False
S-5ab139,False,False,False
S-1e5fd7,False,False,False
S-1c7a41,False,False,False
S-b7feb8,False,False,False
S-b89456,False,False,True
S-e93577,True,False,False
S-69a2d8,False,False,False
S-00fb6e,False,False,False
S-26bc22,True,False,False
S-77ba64,True,False,False
S-6f04a4,False,False,False
S-0268ba,False,False,False
S-0abd10,True,False,True
S-dab0d8,False,False,False
S-046595,True,False,False
S-5aaf6f,False,False,False
S-a10469,False,False,False
S-cbf8e8,False,False,False
S-a0e1dc,False,False,False
S-127d0b,False,False,False
S-2fed82,False,False,False
S-2f07f6,False,False,False
S-448b6d,False,False,False
S-c61dc9,False,False,False
S-a7ad50,False,False,False
S-b037c5,False,True,False
S-bdd2e4,False,False,False
S-8d89a8,False,False,False
S-00bb84,False,False,False
S-c5bec0,False,False,False
S-e6029e,False,False,False
S-f8008a,False,False,False
S-db89df,True,False,False
S-700036,False,False,False
S-7925f0,False,False,False
S-1877a6,False,False,False
S-6b6cd7,False,False,False
S-3ed1f5,False,False,False
S-cf59a0,False,False,False
S-78e1c6,False,False,False
S-ce5636,False,False,False
S-0c9600,False,False,False
S-0a6b6b,False,True,False
S-054897,False,False,False
S-b81c82,True,False,False
S-c9eecb,False,False,False
S-2c53ad,False,False,False
S-9eb2c5,True,False,False
S-d0c339,False,False,False
S-6f43f7,False,False,False
S-d43ad9,False,False,False
S-b04174,False,False,False
S-62aa3c,True,False,False
S-d88b25,False,False,False
S-14a685,False,False,False
S-4977c8,False,False,True
S-2e1ceb,True,False,False
S-59f0a6,False,False,True
S-66106d,False,False,False
S-510e07,True,False,False
S-b7d99d,False,False,False
S-debbee,False,False,True
S-c348d2,False,False,False
S-d0259a,False,False,False
S-5f1d80,False,False,False
S-f132ab,False,False,False
S-d1fb2e,False,False,False
S-26da35,True,False,False
S-c92850,False,False,False
S-64ddbc,False,False,False
S-ef3aa2,False,False,False
S-0e43ad,True,False,False
S-54df4c,False,False,False
S-d8165b,False,False,False
S-67b7bf,False,False,False
S-e6ad38,False,False,False
S-55a520,False,False,False
S-83a9a4,True,False,False
S-efeb9b,True,False,False
S-240a09,True,False,False
S-f52fd6,False,False,False
S-1a2fbc,False,False,False
S-8738af,False,False,False
S-af1def,False,False,False
S-7889d9,False,False,False
S-a72188,False,False,False
S-0ffab0,False,False,False
S-5f4afc,False,False,False
S-3f18be,False,False,False
S-e133a5,False,False,True
S-15662a,False,False,False
S-84dd93,False,False,False
S-bafe35,False,False,False
S-f1778c,False,False,False
S-85b7d7,False,False,False
S-df147d,False,False,False
S-4ff3ae,True,False,False
S-808efb,False,True,False
S-208e33,False,False,False
S-a0f5ac,False,False,False
S-7079c2,False,True,False
S-8789b0,True,False,True
S-b3cae6,False,False,False
S-23f506,True,False,True
S-5b9330,False,True,False
S-03ac49,False,False,False
S-ffce65,True,False,False
S-847173,False,False,False
S-32e8fa,False,False,True
S-b70eef,False,False,False
S-e1db7e,False,False,False
S-887d48,False,False,False
S-4b26c5,False,False,True
S-004eb4,False,False,False
S-da7360,False,False,False
S-22c66b,False,False,False
S-c844bd,True,False,True
S-bbc0f7,False,False,False
S-2f9bef,False,False,False
S-6717d6,False,False,False
S-17bedf,False,False,True
S-88f1be,True,False,False
S-b3613a,False,False,False
S-885aa7,False,False,False
S-2c64e6,False,False,False
S-891976,True,False,False
S-9bc272,False,False,False
S-2636a7,False,True,False
S-3f48a5,False,False,False
S-58239c,False,False,False
S-e6571c,False,False,True
S-66569a,False,False,False
S-e1444a,False,False,False
S-9f7b07,False,False,False
S-9f8593,False,False,False
S-ef2990,False,False,False
S-66b994,False,True,False
S-8b64df,False,True,False
S-f57b2b,False,False,False
S-c41b43,False,False,False
S-a3455c,False,False,False
S-479d9a,False,False,False
S-fa03a5,False,False,False
S-10ab8d,False,False,False
S-1ade0b,True,False,False
S-a9ca9b,False,False,False
S-efe3f6,False,False,False
S-20f505,False,False,False
S-ab3ad8,False,False,False
S-d3bd2f,False,False,False
S-c8a3f6,False,False,False
S-5cda31,False,False,False
S-34cfad,False,False,False
S-bb84b1,False,False,False
S-73cd99,False,False,False
S-6bc703,False,False,False
S-9b5676,False,False,False
S-d30d10,False,False,False
S-b3f236,False,False,False
S-929a7c,False,False,False
S-f9092a,False,False,False
S-c5d797,False,False,False
S-99af79,False,False,False
S-ce932b,False,False,False
S-1f2b1a,False,False,False
S-a14c42,False,False,False
S-147ad7,False,False,False
S-69fb37,False,False,False
S-d90352,True,False,False
S-a9a5a1,False,False,False
S-daf6b3,False,False,False
S-03bfa3,False,False,False
S-de3170,False,False,False
S-cfbb85,True,False,False
S-42f3be,False,False,False
S-c04755,False,False,False
S-bfca66,False,False,False
S-cdf625,False,False,False
S-d8f67e,False,False,False
S-80af39,False,False,False
S-11034a,True,True,False
S-40d3aa,False,False,False
S-679640,False,False,False
S-cb853a,False,False,False
S-f553b5,True,False,False
S-fb0905,False,False,False
S-0fc73c,False,False,False
S-7e7a73,False,False,False
S-2dc98b,False,False,False
S-16f4a2,False,False,False
S-6630bc,False,False,False
S-bd2ab2,False,False,False
S-97bc99,False,False,False
S-0c0ddf,False,False,False
S-f45fe3,False,False,False
S-936fa3,False,False,False
S-82df6c,False,True,False
S-a83bc2,False,False,False
S-69a7ce,False,False,False
S-522a6f,False,False,False
S-1a04fe,True,False,False
S-d22ebe,False,False,False
S-fa781b,False,False,False
S-718116,False,True,False
S-ce5fb5,False,False,False
S-2ebd06,False,False,False
S-03a939,False,False,False
S-fc65aa,False,False,False
S-6d9231,False,False,False
S-4b15c4,False,False,False
S-66f0d0,False,False,False
S-95aaf8,False,False,False
S-3a2aee,False,False,False
S-66a834,False,False,False
S-e9b437,False,False,False
S-61a647,False,False,False
S-ef2703,False,False,False
S-c288ef,False,False,False
S-91e96a,False,True,False
S-453f00,True,True,True
S-812d97,False,False,False
S-39a5a7,False,False,False
S-1c06f3,False,False,False
S-c6ff41,False,False,False
S-108caf,False,False,False
S-644316,True,False,False
S-d54349,False,False,False
S-10a1b5,False,False,False
S-93fa71,False,True,False
S-550202,False,False,False
S-07399c,False,False,False
S-f4e174,False,False,False
S-3b5eb3,True,False,True
S-08c8e1,False,False,False
S-6b977f,False,False,False
S-c1f8e1,True,False,False
S-9030e0,True,False,False
S-02d6c8,False,False,False
S-599207,False,False,False
S-5d8b88,False,False,False
S-ac01fb,False,False,False
S-b7ef4c,False,False,False
S-9f0371,False,False,False
S-d914d8,False,True,False
S-67c131,False,False,True
S-263c1e,False,False,False
S-76b964,True,False,False
S-d4d459,False,False,False
S-b45a10,False,False,False
S-1b0848,False,False,False
S-00ab51,True,False,False
S-1ccdd4,False,False,False
S-302119,False,True,False
S-65e749,False,False,False
S-05b1b6,False,False,False
S-f2da7f,False,False,False
S-d71fe9,False,False,False
S-f69fca,False,False,False
S-5b322c,False,False,False
S-392e05,False,False,False
S-fd3d2d,False,False,False
S-8ddc89,False,False,False
S-07c0da,False,False,False
S-d1dbf7,False,False,False
S-e57fb8,False,False,False
S-b71cfb,False,True,False
S-a7da97,False,False,False
S-4b005c,False,False,False
S-605115,False,False,False
S-fcbd92,False,False,False
S-d9e0d1,False,False,False
S-869978,False,False,False
S-5daabf,True,True,False
S-c0352b,False,False,False
S-a648e7,False,False,False
S-618471,False,False,False
S-a16038,False,False,False
S-b805b2,False,False,False
S-b04b73,False,False,True
S-ed4475,False,False,False
S-5a1d20,False,False,False
S-c65456,False,False,False
S-7fbc53,False,False,False
S-0d33fc,False,False,False
S-db3e30,False,False,False
S-966ce7,False,False,False
S-41ea32,False,False,True
S-57800a,False,False,False
S-daf6aa,False,False,False
S-615a8a,False,False,False
S-a892fd,False,False,False
S-2b2532,False,False,False
S-54daa5,False,False,False
S-85320b,True,False,False
S-317bed,False,False,False
S-4fc62f,False,False,False
S-fb10b8,False,False,False
S-0fc72f,True,False,False
S-55834e,False,False,False
S-09d706,False,True,False
S-738d4a,False,False,False
S-207191,False,False,False
S-ff5ff8,False,False,False
S-99c1c7,False,False,False
S-d5aded,False,False,False
S-b1e72a,False,False,False
S-1898b3,False,False,False
S-76eded,False,False,True
S-3d2ebb,False,False,False
S-1299be,False,True,False
S-59d90a,False,False,True
S-1f505e,True,False,False
S-ed1eb5,True,False,False
S-950c4e,False,False,False
S-d34b17,False,False,False
S-f33b5f,False,False,False
S-505db5,False,False,False
S-db56d2,False,False,True
S-075ffc,False,False,True
S-b59bff,False,False,False
S-3ae8d8,True,False,False
S-62b7cf,True,False,False
S-91ec54,False,False,False
S-4f43fd,False,False,False
S-0dd555,False,False,False
S-36f8c0,False,False,False
S-204d42,False,False,False
S-770f21,False,False,False
S-14b7f3,False,False,False
S-34512a,False,False,False
S-e22519,False,False,False
S-c419d6,False,False,False
S-dc9874,False,False,True
S-2d3096,False,False,False
S-9d727d,False,False,True
S-78cb5f,False,False,False
S-3b0fbb,False,False,False
S-4eabfc,False,False,False
S-35752e,False,False,False
S-e56037,True,False,False
S-c545c8,False,True,False
S-10f143,False,False,False
S-8669e4,False,False,True
S-0337da,False,False,False
S-fe77d4,True,False,False
S-ac2157,False,False,False
S-f180b5,False,False,False
S-8442d1,False,False,True
S-f3e5f9,False,False,False
S-6b1de8,False,False,False
S-c7621b,False,False,True
S-973625,False,False,False
S-7425f9,True,False,False
S-9d8ac4,False,False,False
S-1a20b6,False,False,False
S-a3791c,False,False,False
S-f9cb96,True,False,False
S-5450af,False,False,False
S-641794,False,False,False
S-7fb77e,True,False,False
S-30008c,True,False,False
S-e8f8c0,False,False,False
S-9828eb,False,False,False
S-d75e1f,False,False,False
S-7077ab,False,False,False
S-aa751f,False,False,False
S-08a3ca,False,False,False
S-886184,False,False,False
S-46a7eb,False,False,False
S-482e5b,False,False,False
S-632acf,False,False,False
S-712e69,False,False,False
S-f8d74d,False,False,False
S-c2c197,False,False,True
S-e2981a,False,False,False
S-fae195,True,False,False
S-a8a1e8,False,False,False
S-d471c6,False,False,False
S-465825,True,False,False
S-c59b3b,False,False,False
S-7e8bd4,False,False,False
S-92ae0a,True,False,False
S-180859,False,False,False
S-3c8e09,False,False,False
S-306a99,False,False,False
S-0bdf55,False,False,False
S-cc771c,True,False,False
S-af6284,False,False,False
S-e92512,False,False,False
S-87d801,False,False,False
S-74bda1,False,False,False
S-fcb954,False,False,False
S-a44d30,False,False,False
S-a4a6c9,True,False,False
S-ff2510,True,True,False
S-1c54b6,False,False,False
S-90a14e,False,False,False
S-b4cd75,False,False,False
S-10bf4d,False,False,False
S-7e8699,False,False,False
S-726749,True,False,False
S-d2932e,False,False,False
S-72a3e2,False,False,False
S-763b53,False,False,False
S-8b4074,False,False,False
S-37d427,False,False,False
S-1784ce,False,False,False
S-c913f8,False,False,False
S-67acc8,False,False,False
S-1a93b8,False,False,False
S-cc3f3d,False,False,False
S-66bae1,False,False,False
S-0aed9e,False,False,False
S-fa92c5,False,False,False
S-fee9c9,False,False,False
S-2d0d53,False,False,False
S-e0a991,False,False,False
S-58b1a2,False,False,False
S-f6a70a,True,False,False
S-9c9700,False,False,False
S-65ec6b,False,False,True
S-99a404,False,False,False
S-532502,False,False,False
S-77befa,False,False,False
S-aa78ed,True,False,False
S-e781ba,False,False,False
S-61fa27,False,False,False
S-4f5c94,False,False,False
S-4a0cb3,False,False,True
S-77c880,False,False,False
S-f8ee6e,False,False,False
S-c7b793,False,False,False
S-e7f571,False,False,True
S-611bf8,False,False,False
S-f3979e,False,False,False
S-409beb,False,False,False
S-0896bc,False,False,False
S-e09e04,True,False,False
S-293a1f,False,False,False
S-b56884,False,False,False
S-5f8ad0,False,False,False
S-713c12,False,True,False
S-e74ca1,False,False,False
S-b6a35b,False,False,False
S-711528,False,False,False
S-101401,False,False,False
S-155934,False,False,False
S-535bd1,False,False,False
S-42bbe0,False,False,False
S-09076d,True,False,False
S-d302e2,False,False,False
S-f9a56a,False,False,False
S-f783b6,False,False,False
S-6d9705,False,False,False
S-93ab2d,False,False,False
S-617065,True,False,False
S-329803,False,False,False
S-677801,False,False,False
S-3092cb,False,False,False
S-f9469c,True,False,False
S-c13970,False,False,False
S-c1c6ca,False,False,False
S-966a44,True,True,True
S-aef0c5,False,False,False
S-6ca9be,False,False,False
S-f7b2fc,False,False,True
S-9c414f,False,False,False
S-4b9226,False,False,False
S-72fa62,False,False,False
S-4fe9b6,False,False,True
S-7c635b,False,False,False
S-c158df,False,False,False
S-b49c0a,False,False,False
S-42822d,False,False,False
S-432401,False,False,False
S-71fc3d,False,False,False
